name,hasCustomObject,keyPrefix,label,labelPlural,createable,updateable,deletable,activateable,associateEntityType,associateParentEntity,compactLayoutable,custom,customSetting,deepCloneable,defaultImplementation,deprecatedAndHidden,feedEnabled,hasSubtypes,idEnabled,implementedBy,implementsInterfaces,isInterface,isSubtype,layoutable,mergeable,mruEnabled,networkScopeFieldName,queryable,replicateable,retrieveable,searchable,triggerable,undeletable,DescribeFields,RecordTypeInfos,searchLayoutable,dataTranslationEnabled
AbnExperiment,,1Ga,Experiment,Experiments,false,false,false,false,,,true,false,false,false,,false,false,false,true,,,false,false,true,false,true,,true,true,true,false,true,false,,,,
AbnExperimentCohort,,1Gc,Experiment Cohort,Experiment Cohorts,false,false,false,false,,,false,false,false,false,,false,false,false,true,,,false,false,false,false,false,,true,true,true,false,true,false,,,,
AbnExperimentCohortAttrVal,,1Gf,Experiment Cohort Attribute Value,Experiment Cohort Attribute Values,false,false,false,false,,,false,false,false,false,,false,false,false,true,,,false,false,false,false,false,,true,true,true,false,true,false,,,,
AcceptedEventRelation,,,Accepted Event Relation,Accepted Event Relations,false,false,false,false,,,false,false,false,false,,false,false,false,true,,,false,false,false,false,false,,true,false,true,false,,false,,,,
Account,true,001,Account,Accounts,true,true,true,false,,,true,false,false,false,,false,true,false,true,,,false,false,true,true,true,,true,true,true,true,true,true,,,true,
AccountAccountRelation,true,0zo,Account Account Relationship,Account Account Relationships,false,false,false,false,,,true,false,false,false,,false,false,false,true,,,false,false,true,false,true,,true,true,true,true,true,false,,,true,
AccountAccountRelationOwnerSharingRule,,,Account Account Relationship Owner Rule,Account Account Relationship Owner Rule,true,true,true,false,OwnerSharingRule,AccountAccountRelation,false,false,false,false,,false,false,false,true,,,false,false,false,false,false,,true,true,true,false,,false,,,,
AccountBrand,true,0TU,Account Brand,Account Brands,true,true,true,false,,,true,false,false,false,,false,false,false,true,,,false,false,true,false,true,,true,true,true,true,true,true,,,true,
AccountBrandOwnerSharingRule,,,Account Brand Owner Rule,Account Brand Owner Rule,true,true,true,false,OwnerSharingRule,AccountBrand,false,false,false,false,,false,false,false,true,,,false,false,false,false,false,,true,true,true,false,,false,,,,
AccountCleanInfo,true,1CA,Account Clean Info,Account Clean Info,false,true,false,false,,,false,false,false,false,,false,false,false,true,,,false,false,false,false,false,,true,true,true,false,,false,,,,
AccountContactRelation,true,07k,Account Contact Relationship,Account Contact Relationships,true,true,true,false,,,true,false,false,false,,false,false,false,true,,,false,false,true,false,false,,true,true,true,false,true,false,,,,
AccountContactRole,true,02Z,Account Contact Role,Account Contact Roles,true,true,true,false,,,false,false,false,false,,false,false,false,true,,,false,false,false,false,false,,true,true,true,false,,false,,,,
AccountForecast,true,0yA,Account Forecast,Account Forecasts,false,false,false,false,,,true,false,false,false,,false,false,false,true,,,false,false,true,false,true,,true,true,true,true,true,false,,,true,
AccountForecastAdjustment,true,0yE,Account Forecast Adjustment,Account Forecast Adjustments,false,false,false,false,,,true,false,false,false,,false,false,false,true,,,false,false,true,false,true,,true,true,true,true,true,false,,,true,
AccountForecastOwnerSharingRule,,,Account Forecast Owner Rule,Account Forecast Owner Rule,true,true,true,false,OwnerSharingRule,AccountForecast,false,false,false,false,,false,false,false,true,,,false,false,false,false,false,,true,true,true,false,,false,,,,
AccountForecastPeriodMetric,true,0yD,Account Forecast Period Metric,Account Forecast Period Metrics,false,false,false,false,,,true,false,false,false,,false,false,false,true,,,false,false,true,false,true,,true,true,true,true,true,false,,,true,
AccountingFieldMapping,,0yb,Accounting Field Mapping,Accounting Field Mappings,true,true,true,false,,,false,false,false,false,,false,false,false,true,,,false,false,false,false,false,,true,false,true,false,,false,,,,
AccountingModelConfig,,0uu,Accounting Model Config,Accounting Model Config,true,true,true,false,,,false,false,false,false,,false,false,false,true,,,false,false,false,false,false,,true,false,true,false,,false,,,,
AccountOwnerSharingRule,,00s,Account Owner Rule,Account Owner Rule,true,true,true,false,OwnerSharingRule,Account,false,false,false,false,,false,false,false,true,,,false,false,false,false,false,,true,true,true,false,,false,,,,
AccountPartner,,00I,Account Partner,Account Partner,true,false,true,false,,,true,false,false,false,,false,false,false,true,,,false,false,true,false,false,,true,false,true,false,,false,,,,
AccountProductForecast,true,0yB,Account Product Forecast,Account Product Forecasts,false,false,false,false,,,true,false,false,false,,false,false,false,true,,,false,false,true,false,true,,true,true,true,true,true,false,,,true,
AccountProductPeriodForecast,true,0yC,Account Product Period Forecast,Account Product Period Forecasts,false,false,false,false,,,true,false,false,false,,false,false,false,true,,,false,false,true,false,true,,true,true,true,true,true,false,,,true,
AccountRelationship,true,0ar,Account Relationship,Account Relationships,true,true,true,false,,,true,false,false,false,,false,false,false,true,,,false,false,true,false,true,,true,true,true,true,true,false,,,true,
AccountRelationshipOwnerSharingRule,,,Account Relationship Owner Rule,Account Relationship Owner Rule,true,true,true,false,OwnerSharingRule,AccountRelationship,false,false,false,false,,false,false,false,true,,,false,false,false,false,false,,true,true,true,false,,false,,,,
AccountRelationshipShareRule,,0as,Account Relationship Data Sharing Rule,Account Relationship Data Sharing Rules,true,true,true,false,,,true,false,false,false,,false,false,false,true,,,false,false,true,false,false,,true,false,true,false,,false,,,,
AccountTeamMember,true,01M,Account Team Member,Account Team,true,true,true,false,,,true,false,false,false,,false,false,false,true,,,false,false,true,false,false,,true,true,true,false,true,false,,,,
AccountUserTerritory2View,,,Account User Territory2 View,Account User Territory2 Views,false,false,false,false,,,false,false,false,false,,false,false,false,true,,,false,false,false,false,false,,true,false,true,false,,false,,,,
Accreditation,true,0Vl,Accreditation,Accreditations,false,false,false,false,,,true,false,false,false,,false,false,false,true,,,false,false,true,false,true,,true,true,true,true,true,false,,,true,
AccreditationOwnerSharingRule,,,Accreditation Owner Rule,Accreditation Owner Rule,true,true,true,false,OwnerSharingRule,Accreditation,false,false,false,false,,false,false,false,true,,,false,false,false,false,false,,true,true,true,false,,false,,,,
ActionCadence,true,77C,Cadence,Cadences,true,true,true,false,,,true,false,false,true,,false,false,false,true,,,false,false,true,false,true,,true,true,true,true,,false,,,true,
ActionCadenceOwnerSharingRule,,,Cadence Owner Rule,Cadence Owner Rule,true,true,true,false,OwnerSharingRule,ActionCadence,false,false,false,false,,false,false,false,true,,,false,false,false,false,false,,true,true,true,false,,false,,,,
ActionCadenceRule,,1J9,Cadence Rule,Cadence Rules,true,true,true,false,,,false,false,false,false,,false,false,false,true,,,false,false,false,false,false,,true,true,true,false,,false,,,,
ActionCadenceRuleCondition,,0uA,Cadence Rule Condition,Cadence Rule Conditions,true,true,true,false,,,false,false,false,false,,false,false,false,true,,,false,false,false,false,false,,true,true,true,false,,false,,,,
ActionCadenceStep,,8C8,Cadence Step,Cadence Steps,true,true,true,false,,,false,false,false,false,,false,false,false,true,,,false,false,false,false,false,,true,true,true,false,,false,,,,
ActionCadenceStepTracker,,8HF,Cadence Step Tracker,Cadence Step Trackers,false,false,false,false,,,false,false,false,false,,false,false,false,true,,,false,false,false,false,false,,true,true,true,false,,false,,,,
ActionCadenceStepVariant,,0mJ,Cadence Step Variant,Cadence Step Variants,true,true,true,false,,,false,false,false,false,,false,false,false,true,,,false,false,false,false,false,,true,true,true,false,,false,,,,
ActionCadenceTracker,,0qB,Cadence Tracker,Cadence Trackers,false,false,true,false,,,false,false,false,false,,false,false,false,true,,,false,false,false,false,false,,true,true,true,false,,false,,,,
ActionCadenceTrackerOwnerSharingRule,,,Cadence Tracker Owner Rule,Cadence Tracker Owner Rule,true,true,true,false,OwnerSharingRule,ActionCadenceTracker,false,false,false,false,,false,false,false,true,,,false,false,false,false,false,,true,true,true,false,,false,,,,
ActionCdncStpMonthlyMetric,,0gk,Cadence Step Monthly Metric,Cadence Step Monthly Metrics,false,false,false,false,,,false,false,false,false,,false,false,false,true,,,false,false,false,false,false,,true,true,true,false,,false,,,,
ActionLinkGroupTemplate,,07g,Action Link Group Template,Action Link Group Templates,true,true,true,false,,,true,false,false,false,,false,false,false,true,,,false,false,true,false,true,,true,false,true,false,,false,,,,
ActionLinkTemplate,,07l,Action Link Template,Action Link Templates,true,true,true,false,,,false,false,false,false,,false,false,false,true,,,false,false,true,false,false,,true,false,true,false,,false,,,,
ActionPlan,true,07r,Action Plan,Action Plans,true,true,true,false,,,true,false,false,false,,false,false,false,true,,,false,false,true,false,true,,true,true,true,false,true,true,,,,
ActionPlanItem,,07s,Action Plan Item,Action Plan Items,true,true,true,false,,,true,false,false,false,,false,false,false,true,,,false,false,true,false,false,,true,true,true,false,,true,,,,
ActionPlanItemDependency,true,0my,Action Plan Item Dependency,Action Plan Item Dependencies,true,true,true,false,,,false,false,false,false,,false,false,false,true,,,false,false,false,false,true,,true,true,true,false,true,true,,,,
ActionPlanOwnerSharingRule,,,Action Plan Owner Rule,Action Plan Owner Rule,true,true,true,false,OwnerSharingRule,ActionPlan,false,false,false,false,,false,false,false,true,,,false,false,false,false,false,,true,true,true,false,,false,,,,
ActionPlanTemplate,,0PR,Action Plan Template,Action Plan Templates,true,true,true,false,,,true,false,false,true,,false,false,false,true,,,false,false,true,false,true,,true,true,true,true,,true,,,true,
ActionPlanTemplateAssignment,true,0w5,Action Plan Template Assignment,Action Plan Template Assignments,true,true,true,false,,,true,false,false,false,,false,false,false,true,,,false,false,true,false,true,,true,true,true,true,true,true,,,true,
ActionPlanTemplateItem,,0PJ,Action Plan Template Item,Action Plan Template Items,true,true,true,false,,,true,false,false,false,,false,false,false,true,,,false,false,true,false,true,,true,true,true,true,,true,,,true,
ActionPlanTemplateItemValue,,0PN,Action Plan Template Item Value,Action Plan Template Item Values,true,true,true,false,,,true,false,false,false,,false,false,false,true,,,false,false,true,false,true,,true,true,true,true,,true,,,true,
ActionPlanTemplateOwnerSharingRule,,,Action Plan Template Owner Rule,Action Plan Template Owner Rule,true,true,true,false,OwnerSharingRule,ActionPlanTemplate,false,false,false,false,,false,false,false,true,,,false,false,false,false,false,,true,true,true,false,,false,,,,
ActionPlanTemplateVersion,,0PT,Action Plan Template Version,Action Plan Template Versions,true,true,true,false,,,true,false,false,false,,false,false,false,true,,,false,false,true,false,true,,true,true,true,true,,true,,,true,
ActionPlanTmplItmAssessmentInd,true,0ev,Action Plan Template Item Assessment Indicator,Action Plan Template Item Assessment Indicators,false,false,false,false,,,false,false,false,false,,false,false,false,true,,,false,false,false,false,true,,true,true,true,true,true,false,,,,
ActionPlanTmplPkgConfig,,0yy,Action Plan Template Package Config,Action Plan Template Package Config,true,true,true,false,,,false,false,false,false,,false,false,false,true,,,false,false,false,false,true,,true,false,true,false,,false,,,,
ActionPlnTmplItmDependency,true,0mx,Action Plan Template Item Dependency,Action Plan Template Item Dependencies,true,true,true,false,,,true,false,false,false,,false,false,false,true,,,false,false,true,false,true,,true,true,true,false,true,true,,,,
ActivationTarget,true,85U,Activation Target,Activation Targets,true,true,true,false,,,true,false,false,false,,false,false,false,true,,,false,false,true,false,true,,true,true,true,true,true,true,,,true,
ActivationTargetOwnerSharingRule,,,Activation Target Owner Rule,Activation Target Owner Rule,true,true,true,false,OwnerSharingRule,ActivationTarget,false,false,false,false,,false,false,false,true,,,false,false,false,false,false,,true,true,true,false,,false,,,,
ActivationTargetPlatform,true,4q9,Activation Target Platform,Activation Target Platforms,true,true,true,false,,,false,false,false,false,,false,false,false,true,,,false,false,false,false,false,,true,true,true,true,true,true,,,,
ActivationTargetPlatformOwnerSharingRule,,,Activation Target Platform Owner Rule,Activation Target Platform Owner Rule,true,true,true,false,OwnerSharingRule,ActivationTargetPlatform,false,false,false,false,,false,false,false,true,,,false,false,false,false,false,,true,true,true,false,,false,,,,
ActivationTargetSecureFTP,,16R,Activation Target Secure FTP,Activation Target Secure FTP,true,true,true,false,,,false,false,false,false,,false,false,false,true,,,false,false,false,false,false,,true,true,true,false,true,true,,,,
ActivationTrgtIntOrgAccess,,85V,Activation Target Internal Organization Access,Activation Target Internal Organization Access,true,true,true,false,,,false,false,false,false,,false,false,false,true,,,false,false,false,false,true,,true,true,true,true,true,true,,,,
ActivationTrgtIntOrgAccessOwnerSharingRule,,,Activation Target Internal Organization Access Owner Rule,Activation Target Internal Organization Access Owner Rule,true,true,true,false,OwnerSharingRule,ActivationTrgtIntOrgAccess,false,false,false,false,,false,false,false,true,,,false,false,false,false,false,,true,true,true,false,,false,,,,
ActiveFeatureLicenseMetric,,5H2,Active Feature License Metric,Active Feature License Metrics,false,false,false,false,,,false,false,false,false,,false,false,false,true,,,false,false,false,false,false,,true,false,true,false,,false,,,,
ActivePermSetLicenseMetric,,5H1,Active Permission Set License Metric,Active Permission Set License Metrics,false,false,false,false,,,false,false,false,false,,false,false,false,true,,,false,false,false,false,false,,true,false,true,false,,false,,,,
ActiveProfileMetric,,5H0,Active Profile Metric,Active Profile Metrics,false,false,false,false,,,false,false,false,false,,false,false,false,true,,,false,false,false,false,false,,true,false,true,false,,false,,,,
ActiveScratchOrg,true,2AS,Active Scratch Org,Active Scratch Orgs,true,true,true,false,,,true,false,false,false,,false,false,false,true,,,false,false,true,false,true,,true,true,true,false,true,false,,,,
ActiveScratchOrgOwnerSharingRule,,,Active Scratch Org Owner Rule,Active Scratch Org Owner Rule,true,true,true,false,OwnerSharingRule,ActiveScratchOrg,false,false,false,false,,false,false,false,true,,,false,false,false,false,false,,true,true,true,false,,false,,,,
Activity,true,,,,,,,,,,,,,,,,,,,,,,,,,,,,,,,,,,,,
ActivityMetric,,0Gq,Activity Metric,Activity Metrics,true,true,false,false,,,false,false,false,false,,false,false,false,true,,,false,false,false,false,false,,true,false,true,false,true,false,,,,
ActivityTiming,true,1CD,Activity Timing,Activity Timings,false,false,false,false,,,true,false,false,false,,false,false,false,true,,,false,false,true,false,true,,true,true,true,true,true,false,,,true,
ActivityTimingOwnerSharingRule,,,Activity Timing Owner Rule,Activity Timing Owner Rule,true,true,true,false,OwnerSharingRule,ActivityTiming,false,false,false,false,,false,false,false,true,,,false,false,false,false,false,,true,true,true,false,,false,,,,
ActivityUsrConnectionStatus,,1fm,Activity User Connection Status,Activity User Connection Status,false,false,false,false,,,false,false,false,false,,false,false,false,false,,,false,false,false,false,false,,true,false,false,false,,false,,,,
ActvTgtPlatformFieldValue,true,3q9,Activation Target Platform Field Value,Activation Target Platform Field Values,true,true,true,false,,,false,false,false,false,,false,false,false,true,,,false,false,false,false,false,,true,true,true,true,true,true,,,,
ActvTgtPlatformFieldValueOwnerSharingRule,,,Activation Target Platform Field Value Owner Rule,Activation Target Platform Field Value Owner Rule,true,true,true,false,OwnerSharingRule,ActvTgtPlatformFieldValue,false,false,false,false,,false,false,false,true,,,false,false,false,false,false,,true,true,true,false,,false,,,,
AdditionalNumber,,04m,Additional Directory Number,Additional Directory Numbers,true,true,true,false,,,false,false,false,false,,false,false,false,true,,,false,false,false,false,false,,true,true,true,false,,true,,,,
Address,true,130,Address,Addresses,true,true,true,false,,,true,false,false,false,,false,false,false,true,,,false,false,true,false,true,,true,true,true,true,true,true,,,true,
AdvAccountForecastFact,true,0p2,Advanced Account Forecast Fact,Advanced Account Forecast Facts,false,false,false,false,,,true,false,false,false,,false,false,false,true,,,false,false,true,false,true,,true,true,true,false,true,false,,,,
AdvAccountForecastFactOwnerSharingRule,,,Advanced Account Forecast Fact Owner Rule,Advanced Account Forecast Fact Owner Rule,true,true,true,false,OwnerSharingRule,AdvAccountForecastFact,false,false,false,false,,false,false,false,true,,,false,false,false,false,false,,true,true,true,false,,false,,,,
AdvAccountForecastFormula,,0nk,Advanced Account Forecast Formula,Advanced Account Forecast Formulae,true,true,true,false,,,false,false,false,false,,false,false,false,true,,,false,false,false,false,false,,true,false,true,false,,false,,,,
AdvAccountForecastPeriod,,0nm,Advanced Account Forecast Period,Advanced Account Forecast Periods,true,true,true,false,,,false,false,false,false,,false,false,false,true,,,false,false,false,false,false,,true,false,true,false,,false,,,,
AdvAccountForecastSet,,0ni,Advanced Account Forecast Set,Advanced Account Forecast Sets,true,true,true,false,,,false,false,false,false,,false,false,false,true,,,false,false,false,false,false,,true,false,true,false,,false,,,,
AdvAcctForecastAdjPeriod,,0nj,Advanced Account Forecast Adjustment Period,Advanced Account Forecast Adjustment Period,true,true,true,false,,,false,false,false,false,,false,false,false,true,,,false,false,false,false,false,,true,false,true,false,,false,,,,
AdvAcctForecastDimension,,0oX,Advanced Account Forecast Dimension,Advanced Account Forecast Dimension,true,true,true,false,,,false,false,false,false,,false,false,false,true,,,false,false,false,false,false,,true,false,true,false,,false,,,,
AdvAcctForecastDimSource,,0oZ,Advanced Account Forecast Dimension Source,Advanced Account Forecast Dimension Source,true,true,true,false,,,false,false,false,false,,false,false,false,true,,,false,false,false,false,false,,true,false,true,false,,false,,,,
AdvAcctForecastFactAdj,true,0oz,Advanced Account Forecast Fact Adjustment,Advanced Account Forecast Fact Adjustments,false,false,false,false,,,true,false,false,false,,false,false,false,true,,,false,false,true,false,true,,true,true,true,false,true,false,,,,
AdvAcctForecastFactAdjOwnerSharingRule,,,Advanced Account Forecast Fact Adjustment Owner Rule,Advanced Account Forecast Fact Adjustment Owner Rule,true,true,true,false,OwnerSharingRule,AdvAcctForecastFactAdj,false,false,false,false,,false,false,false,true,,,false,false,false,false,false,,true,true,true,false,,false,,,,
AdvAcctForecastMeasureDef,,0oa,Advanced Account Forecast Measure Definition,Advanced Account Forecast Measure Definition,true,true,true,false,,,false,false,false,false,,false,false,false,true,,,false,false,false,false,false,,true,false,true,false,,false,,,,
AdvAcctForecastPeriodGroup,,0nl,Advanced Account Forecast Period Group,Advanced Account Forecast Period Groups,true,true,true,false,,,false,false,false,false,,false,false,false,true,,,false,false,false,false,false,,true,false,true,false,,false,,,,
AdvAcctForecastSetPartner,true,0og,Advanced Account Forecast Set Partner,Advanced Account Forecast Set Partners,false,false,false,false,,,true,false,false,false,,false,false,false,true,,,false,false,true,false,true,,true,true,true,true,true,false,,,true,
AdvAcctForecastSetPartnerOwnerSharingRule,,,Advanced Account Forecast Set Partner Owner Rule,Advanced Account Forecast Set Partner Owner Rule,true,true,true,false,OwnerSharingRule,AdvAcctForecastSetPartner,false,false,false,false,,false,false,false,true,,,false,false,false,false,false,,true,true,true,false,,false,,,,
AdvAcctForecastSetUse,true,0u8,Advanced Account Forecast Set Use,Advanced Account Forecast Set Uses,false,false,false,false,,,true,false,false,false,,false,false,false,true,,,false,false,true,false,true,,true,true,true,true,true,false,,,true,
AdvAcctForecastSetUseOwnerSharingRule,,,Advanced Account Forecast Set Use Owner Rule,Advanced Account Forecast Set Use Owner Rule,true,true,true,false,OwnerSharingRule,AdvAcctForecastSetUse,false,false,false,false,,false,false,false,true,,,false,false,false,false,false,,true,true,true,false,,false,,,,
AdvAcctFrcstDisplayGroup,,0sD,Advanced Account Forecast Display Group,Advanced Account Forecast Display Group,true,true,true,false,,,false,false,false,false,,false,false,false,true,,,false,false,false,false,false,,true,false,true,false,,false,,,,
AdvAcctFrcstDplyGroupItem,,0sP,Advanced Account Forecast Display Group Item,Advanced Account Forecast Display Group Item,true,true,true,false,,,false,false,false,false,,false,false,false,true,,,false,false,false,false,false,,true,false,true,false,,false,,,,
AgeBandHlthRskAdjFctr,true,1Cl,Age Band Health Risk Adjustment Factor,Age Band Health Risk Adjustment Factors,false,false,false,false,,,true,false,false,false,,false,false,false,true,,,false,false,true,false,true,,true,true,true,true,true,false,,,true,
AgeBandHlthRskAdjFctrOwnerSharingRule,,,Age Band Health Risk Adjustment Factor Owner Rule,Age Band Health Risk Adjustment Factor Owner Rule,true,true,true,false,OwnerSharingRule,AgeBandHlthRskAdjFctr,false,false,false,false,,false,false,false,true,,,false,false,false,false,false,,true,true,true,false,,false,,,,
AgentWork,true,0Bz,Agent Work,Agent Work,true,true,true,false,,,false,false,false,false,,false,false,false,true,,,false,false,false,false,false,,true,true,true,false,true,true,,,,
AgentWork__c,true,a7u,AgentWork__c,AgentWork__c,true,true,true,false,,,true,true,false,false,,false,false,false,true,,,false,false,true,false,false,,true,true,true,false,true,true,,,,
AgentWork__OwnerSharingRule,,,Owner Rule: AgentWork__c,Owner Rule: AgentWork__c,true,true,true,false,OwnerSharingRule,AgentWork__c,false,false,false,false,,false,false,false,true,,,false,false,false,false,false,,true,true,true,false,,false,,,,
AgentWorkOwnerSharingRule,,,Agent Work Owner Rule,Agent Work Owner Rule,true,true,true,false,OwnerSharingRule,AgentWork,false,false,false,false,,false,false,false,true,,,false,false,false,false,false,,true,true,true,false,,false,,,,
AgentWorkSkill,true,0Sm,Agent Work Skill,Agent Work Skills,false,false,true,false,,,false,false,false,false,,false,false,false,true,,,false,false,false,false,false,,true,true,true,false,true,true,,,,
AggregateResult,,,Aggregate Result,Aggregate Result,false,false,false,false,,,false,false,false,false,,false,false,false,true,,,false,false,false,false,false,,false,false,false,false,,false,,,,
AIApplication,,0Pp,AI Application,AI Applications,false,false,false,false,,,false,false,false,false,,false,false,false,true,,,false,false,false,false,false,,true,false,true,false,,false,,,,
AIApplicationConfig,,6S9,AI Application config,AI Application configs,false,false,false,false,,,false,false,false,false,,false,false,false,true,,,false,false,false,false,false,,true,false,true,false,,false,,,,
AiEvalCopilotTestCaseRslt,true,,,,,,,,,,,,,,,,,,,,,,,,,,,,,,,,,,,,
AiEvalPrmptRagTestCsRslt,true,,,,,,,,,,,,,,,,,,,,,,,,,,,,,,,,,,,,
AiEvalPromptTestCaseRslt,true,,,,,,,,,,,,,,,,,,,,,,,,,,,,,,,,,,,,
AiEvalTestCaseCritRslt,true,,,,,,,,,,,,,,,,,,,,,,,,,,,,,,,,,,,,
AiEvalTestCaseResult,true,,,,,,,,,,,,,,,,,,,,,,,,,,,,,,,,,,,,
AiEvaluation,true,,,,,,,,,,,,,,,,,,,,,,,,,,,,,,,,,,,,
AiExternalModelReference,,6D8,AI External Model Reference,AI External Model References,true,true,true,false,,,false,false,false,false,,false,false,false,true,,,false,false,false,false,false,,true,false,true,false,,false,,,,
AiGroundingFileRef,true,,,,,,,,,,,,,,,,,,,,,,,,,,,,,,,,,,,,
AiGroundingFileRefCustom__dlm,,qBm,AiGroundingFileRefCustom__dlm,AiGroundingFileRefCustom__dlm,false,false,false,false,,,false,false,false,false,,false,false,false,true,,,false,false,false,false,false,,true,false,false,false,,false,,,,
AiGroundingSourceStage,true,,,,,,,,,,,,,,,,,,,,,,,,,,,,,,,,,,,,
AiGroundingWebRef,true,,,,,,,,,,,,,,,,,,,,,,,,,,,,,,,,,,,,
AIInsightAction,,9qd,AI Insight Action,AI Insight Actions,false,false,false,false,,,false,false,false,false,,false,false,false,true,,,false,false,false,false,false,,true,true,true,false,,false,,,,
AIInsightFeedback,,9bq,AI Insight Feedback,AI Insight Feedbacks,false,false,false,false,,,false,false,false,false,,false,false,false,true,,,false,false,false,false,false,,true,true,true,false,,false,,,,
AIInsightReason,,0T2,AI Insight Reason,AI Insight Reasons,false,false,false,false,,,false,false,false,false,,false,false,false,true,,,false,false,false,false,false,,true,true,true,false,,false,,,,
AIInsightValue,,9qc,AI Insight Value,AI Insight Values,false,false,false,false,,,false,false,false,false,,false,false,false,true,,,false,false,false,false,false,,true,true,true,false,,false,,,,
AIMetric,,2ai,AI Live Model Metric,AI Live Model Metrics,false,false,false,false,,,false,false,false,false,,false,false,false,true,,,false,false,false,false,false,,true,true,true,false,true,false,,,,
AiModelLanguage,,8mz,AI Model Language,AI Model Language,false,true,false,false,,,false,false,false,false,,false,false,false,true,,,false,false,false,false,false,,true,true,true,false,,false,,,,
AiPluginUtteranceDef,,31N,Generative AI Plugin Utterance Definition,Generative AI Plugin Utterance Definition,true,true,true,false,,,false,false,false,false,,false,false,false,true,,,false,false,false,false,false,,true,false,true,false,,false,,,,
AIPredictionEvent,,0ae,AI Prediction Event,AI Prediction Events,false,false,false,false,,,false,false,false,false,,false,false,false,false,,,false,false,false,false,false,,false,false,false,false,true,false,,,,
AIRecordInsight,,9qb,AI Record Insight,AI Record Insights,false,false,true,false,,,false,false,false,false,,false,false,false,true,,,false,false,false,false,false,,true,true,true,false,true,true,,,,
AirTravelEmssnFctr,true,0nt,Air Travel Emissions Factor,Air Travel Emissions Factors,false,false,false,false,,,true,false,false,false,,false,false,false,true,,,false,false,true,false,true,,true,true,true,true,true,false,,,true,
AirTravelEmssnFctrOwnerSharingRule,,,Air Travel Emissions Factor Owner Rule,Air Travel Emissions Factor Owner Rule,true,true,true,false,OwnerSharingRule,AirTravelEmssnFctr,false,false,false,false,,false,false,false,true,,,false,false,false,false,false,,true,true,true,false,,false,,,,
AirTravelEnrgyUse,true,0o1,Air Travel Energy Use,Air Travel Energy Use,false,false,false,false,,,true,false,false,false,,false,false,false,true,,,false,false,true,false,true,,true,true,true,true,true,false,,,true,
AirTravelEnrgyUseOwnerSharingRule,,,Air Travel Energy Use Owner Rule,Air Travel Energy Use Owner Rule,true,true,true,false,OwnerSharingRule,AirTravelEnrgyUse,false,false,false,false,,false,false,false,true,,,false,false,false,false,false,,true,true,true,false,,false,,,,
AITrustAttribute,,9HO,AI Trust Attribute,AI Trust Attribute,true,true,true,false,,,true,false,false,false,,false,false,false,true,,,false,false,true,false,false,,true,false,true,false,,false,,,,
AITrustAttrSetup,,8H2,AI Trust Attribute Setup,AI Trust Attribute Setup,true,true,true,false,,,true,false,false,false,,false,false,false,true,,,false,false,true,false,false,,true,false,true,false,,false,,,,
AIUpdateRecordEvent,,4Ot,AI Update Record Event,AI Update Record Events,false,false,false,false,,,false,false,false,false,,false,false,false,false,,,false,false,false,false,false,,false,false,false,false,true,false,,,,
AllergyIntolerance,true,0ib,Allergy Intolerance,Allergy Intolerances,false,false,false,false,,,true,false,false,false,,false,false,false,true,,,false,false,true,false,true,,true,true,true,true,true,false,,,true,
AllergyIntoleranceOwnerSharingRule,,,Allergy Intolerance Owner Rule,Allergy Intolerance Owner Rule,true,true,true,false,OwnerSharingRule,AllergyIntolerance,false,false,false,false,,false,false,false,true,,,false,false,false,false,false,,true,true,true,false,,false,,,,
AlternativePaymentMethod,true,8Z7,Alternative Payment Method,Alternative Payment Methods,true,true,true,false,,,true,false,false,false,,false,false,false,true,,PaymentMethod,false,false,true,false,true,,true,true,true,false,,true,,,,
AlternativePaymentMethodOwnerSharingRule,,,Alternative Payment Method Owner Rule,Alternative Payment Method Owner Rule,true,true,true,false,OwnerSharingRule,AlternativePaymentMethod,false,false,false,false,,false,false,false,true,,,false,false,false,false,false,,true,true,true,false,,false,,,,
AnalysisConfiguration,,1Y3,Analysis Configuration,Analysis Configurations,true,true,true,false,,,false,false,false,false,,false,false,false,true,,,false,false,false,false,true,,true,false,true,true,,false,,,,
AnalysisInsight,,9C6,Analysis Insight,Analysis Insights,true,true,true,false,,,false,false,false,false,,false,false,false,true,,,false,false,false,false,false,,true,false,true,false,,false,,,,
AnalysisSetup,,9B4,Analysis Setup,Analysis Setups,true,true,true,false,,,false,false,false,false,,false,false,false,true,,,false,false,false,false,false,,true,false,true,true,,false,,,,
AnalysisSetupFile,,0RU,Analysis Setup File,Analysis Setup Files,false,false,false,false,,,false,false,false,false,,false,false,false,true,,,false,false,false,false,false,,true,false,true,false,,false,,,,
AnalysisSetupStatusEvent,,67g,Analysis Setup Status Event,Analysis Setup Status Events,true,false,false,false,,,false,false,false,false,,false,false,false,false,,,false,false,false,false,false,,false,false,false,false,true,false,,,,
AnalyticDataAlert,,1OD,Analytic Data Alert,Analytic Data Alerts,true,true,true,false,,,false,false,false,false,,false,false,false,true,,,false,false,false,false,false,,true,false,true,false,,false,,,,
AnalyticQueryCaptureEvent,,0p1,Anaytic Query Capture Event,Anaytic Query Capture Events,true,false,false,false,,,false,false,false,false,,false,false,false,false,,,false,false,false,false,false,,false,false,false,false,true,false,,,,
AnalyticRecipeCompleteEvent,,7jX,Analytics Recipe Completed Event,Analytics Recipe Completed Events,false,false,false,false,,,false,false,false,false,,false,false,false,false,,,false,false,false,false,false,,false,false,false,false,true,false,,,,
AnalyticsAssetAction,,2U9,Analytics Asset Action,Analytics Asset Actions,false,false,false,false,,,false,false,false,false,,false,false,false,true,,,false,false,false,false,false,,true,false,true,false,,false,,,,
AnalyticsButtonWidgetDef,,1DB,Analytics Button Widget Definition,Analytics Button Widget Definitions,false,false,false,false,,,false,false,false,false,,false,false,false,true,,,false,false,false,false,false,,true,false,true,false,,false,,,,
AnalyticsContainerWidgetDef,,2aa,Analytics Container Widget Definition,Analytics Container Widget Definitions,false,false,false,false,,,false,false,false,false,,false,false,false,true,,,false,false,false,false,false,,true,false,true,false,,false,,,,
AnalyticsDashboard,,0Tr,Analytics Dashboard,Analytics Dashboards,false,false,false,false,,,false,false,false,false,,false,false,false,true,,,false,false,false,false,true,,true,false,true,true,,false,,,,
AnalyticsDashboardLayout,,0Wn,Analytics Dashboard Layout,Analytics Dashboard Layouts,false,false,false,false,,,false,false,false,false,,false,false,false,true,,,false,false,false,false,false,,true,false,true,false,,false,,,,
AnalyticsDashboardPage,,0kh,Analytics Dashboard Page,Analytics Dashboard Pages,false,false,false,false,,,false,false,false,false,,false,false,false,true,,,false,false,false,false,false,,true,false,true,false,,false,,,,
AnalyticsDashboardViewDef,,1OL,Analytics Dashboard Custom View,Analytics Dashboard Custom Views,false,false,false,false,,,false,false,false,false,,false,false,false,true,,,false,false,false,false,false,,true,false,true,false,,false,,,,
AnalyticsDashboardViewSpec,,1OK,Analytics Dashboard Custom View Spec,Analytics Dashboard Custom View Specs,false,false,false,false,,,false,false,false,false,,false,false,false,true,,,false,false,false,false,false,,true,false,true,false,,false,,,,
AnalyticsDashboardWidget,,0Wd,Analytics Dashboard Widget,Analytics Dashboard Widgets,false,false,false,false,,,false,false,false,false,,false,false,false,true,,,false,false,false,false,false,,true,false,true,false,,false,,,,
AnalyticsDashPageWidget,,0Wm,Analytics Dashboard Page Widget,Analytics Dashboard Page Widgets,false,false,false,false,,,false,false,false,false,,false,false,false,true,,,false,false,false,false,false,,true,false,true,false,,false,,,,
AnalyticsFilterWidgetDef,,1Ad,Analytics Filter Widget Definition,Analytics Filter Widget Definitions,false,false,false,false,,,false,false,false,false,,false,false,false,true,,,false,false,false,false,false,,true,false,true,false,,false,,,,
AnalyticsLicensedAsset,,3la,Analytics Licensed Asset,Analytics Licensed Assets,true,true,true,false,,,false,false,false,false,,false,false,false,true,,,false,false,false,false,false,,true,false,true,false,,false,,,,
AnalyticsMetricWidgetDef,,1Fa,Analytics Metric Widget Definition,Analytics Metric Widget Definitions,false,false,false,false,,,false,false,false,false,,false,false,false,true,,,false,false,false,false,false,,true,false,true,false,,false,,,,
AnalyticsParamWidgetDef,,1Fb,Analytics Parameter Widget Definition,Analytics Parameter Widget Definitions,false,false,false,false,,,false,false,false,false,,false,false,false,true,,,false,false,false,false,false,,true,false,true,false,,false,,,,
AnalyticsTaskStatusEvent,,1JX,AnalyticsTaskStatusEvent,AnalyticsTaskStatusEvents,true,false,false,false,,,false,false,false,false,,false,false,false,false,,,false,false,false,false,false,,false,false,false,false,true,false,,,,
AnalyticsTextWidgetDef,,1Ab,Analytics Text Widget Definition,Analytics Text Widget Definitions,false,false,false,false,,,false,false,false,false,,false,false,false,true,,,false,false,false,false,false,,true,false,true,false,,false,,,,
AnalyticsUserAttrFuncTkn,true,1P3,Analytics User Attribute Function Token,Analytics User Attribute Function Tokens,true,true,true,false,,,false,false,false,false,,false,false,false,true,,,false,false,false,false,false,,true,true,true,false,true,true,,,,
AnalyticsUserAttrFuncTknOwnerSharingRule,,,Analytics User Attribute Function Token Owner Rule,Analytics User Attribute Function Token Owner Rule,true,true,true,false,OwnerSharingRule,AnalyticsUserAttrFuncTkn,false,false,false,false,,false,false,false,true,,,false,false,false,false,false,,true,true,true,false,,false,,,,
AnalyticsVisualization,,1AK,Analytics Visualization,Analytics Visualizations,true,true,true,false,,,false,false,false,false,,false,false,false,true,,,false,false,false,false,true,,true,false,true,true,,false,,,,
AnalyticsVizField,,1Hb,Analytics Visualization Field,Analytics Visualization Fields,true,true,true,false,,,false,false,false,false,,false,false,false,true,,,false,false,false,false,false,,true,false,true,false,,false,,,,
AnalyticsVizViewDef,,1Ha,Analytics Visualization View Definition,Analytics Visualization View Definitions,true,true,true,false,,,false,false,false,false,,false,false,false,true,,,false,false,false,false,false,,true,false,true,false,,false,,,,
AnalyticsVizWidgetDef,,1AL,Analytics Visualization Widget Definition,Analytics Visualization Widget Definitions,false,false,false,false,,,false,false,false,false,,false,false,false,true,,,false,false,false,false,false,,true,false,true,false,,false,,,,
AnalyticsWorkspace,,1Dy,Analytics Workspace,Analytics Workspaces,false,false,false,false,,,false,false,false,false,,false,false,false,true,,,false,false,false,false,true,,true,false,true,true,,false,,,,
AnalyticsWorkspaceAsset,,1Dz,Analytics Workspace Asset,Analytics Workspace Assets,false,false,false,false,,,false,false,false,false,,false,false,false,true,,,false,false,false,false,false,,true,false,true,false,,false,,,,
AnlytDataAssetEventStore,,2Aq,Analytics Data Asset Usage Event Store,Analytics Data Asset Usage Event Stores,true,false,true,false,,,false,false,false,false,,false,false,false,false,,,false,false,false,false,false,,true,false,true,false,,false,,,,
AnlytDataAssetUsageEvent,,6oJ,Analytics Data Asset Usage Event,Analytics Data Asset Usage Events,true,false,false,false,,,false,false,false,false,,false,false,false,false,,,false,false,false,false,false,,false,false,false,false,true,false,,,,
AnlytSubsDigestConfig,,1E0,Analytics Subscription Digest Config,Analytics Subscription Digest Configs,true,true,true,false,,,false,false,false,false,,false,false,false,true,,,false,false,false,false,false,,true,false,true,false,,false,,,,
AnlytSubsSchedule,,1E1,Analytics Subscription schedule,Analytics Subscription schedules,true,true,true,false,,,false,false,false,false,,false,false,false,true,,,false,false,false,false,false,,true,false,true,false,,false,,,,
Announcement,,0Bt,Announcement,Announcements,true,true,true,false,,,false,false,false,false,,false,false,false,true,,,false,false,false,false,false,,true,true,true,false,,true,,,,
AnnualEmssnInventory,true,4sb,Annual Emissions Inventory,Annual Emissions Inventories,false,false,false,false,,,true,false,false,false,,false,false,false,true,,,false,false,true,false,true,,true,true,true,true,true,false,,,true,
AnnualEmssnInventoryOwnerSharingRule,,,Annual Emissions Inventory Owner Rule,Annual Emissions Inventory Owner Rule,true,true,true,false,OwnerSharingRule,AnnualEmssnInventory,false,false,false,false,,false,false,false,true,,,false,false,false,false,false,,true,true,true,false,,false,,,,
AnnualEmssnRdctnTarget,true,3sb,Annual Emissions Reduction Target,Annual Emissions Reduction Targets,false,false,false,false,,,true,false,false,false,,false,false,false,true,,,false,false,true,false,true,,true,true,true,true,true,false,,,true,
AntiCorruptionInitSum,true,0zS,Anti-Corruption Initiative Summary,Anti-Corruption Initiative Summaries,false,false,false,false,,,true,false,false,false,,false,false,false,true,,,false,false,true,false,true,,true,true,true,true,true,false,,,true,
AntiCorruptionInitSumOwnerSharingRule,,,Anti-Corruption Initiative Summary Owner Rule,Anti-Corruption Initiative Summary Owner Rule,true,true,true,false,OwnerSharingRule,AntiCorruptionInitSum,false,false,false,false,,false,false,false,true,,,false,false,false,false,false,,true,true,true,false,,false,,,,
ApexClass,,01p,Apex Class,Apex Classes,true,true,true,false,,,true,false,false,false,,false,false,false,true,,,false,false,true,false,true,,true,true,true,true,,false,,,,
ApexComponent,,099,Visualforce Component,Visualforce Components,true,true,true,false,,,false,false,false,false,,false,false,false,true,,,false,false,false,false,true,,true,true,true,true,,false,,,,
ApexEmailNotification,,06j,Apex Email Notification,Apex Email Notifications,true,true,true,false,,,false,false,false,false,,false,false,false,true,,,false,false,false,false,false,,true,false,true,false,,false,,,,
ApexLog,,07L,Apex Debug Log,Apex Debug Log,false,false,true,false,,,false,false,false,false,,false,false,false,true,,,false,false,false,false,false,,true,false,true,false,,false,,,,
ApexPage,,066,Visualforce Page,Visualforce Pages,true,true,true,false,,,false,false,false,false,,false,false,false,true,,,false,false,false,false,true,,true,true,true,true,,false,,,,
ApexPageInfo,,4ve,Apex Page Info,Apex Pages Info,false,false,false,false,,,false,false,false,false,,false,false,false,false,,,false,false,false,false,false,,true,false,false,false,,false,,,,
ApexTestQueueItem,,709,Apex Test Queue Item,Apex Test Queue Items,true,true,false,false,,,false,false,false,false,,false,false,false,true,,,false,false,false,false,false,,true,false,true,false,,false,,,,
ApexTestResult,,07M,Apex Test Result,Apex Test Results,true,true,true,false,,,false,false,false,false,,false,false,false,true,,,false,false,false,false,false,,true,false,true,false,,false,,,,
ApexTestResultLimits,,05n,Apex Test Result Limit,Apex Test Result Limit,true,true,true,false,,,false,false,false,false,,false,false,false,true,,,false,false,false,false,false,,true,false,true,false,,false,,,,
ApexTestRunResult,,05m,Apex Test Run Result,Apex Test Run Result,true,true,true,false,,,false,false,false,false,,false,false,false,true,,,false,false,false,false,false,,true,false,true,false,,false,,,,
ApexTestSuite,,05F,Apex Test Suite,Apex Test Suites,true,true,true,false,,,false,false,false,false,,false,false,false,true,,,false,false,false,false,false,,true,false,true,false,,false,,,,
ApexTrigger,,01q,Apex Trigger,Apex Triggers,true,true,true,false,,,false,false,false,false,,false,false,false,true,,,false,false,false,false,true,,true,true,true,true,,false,,,,
ApexTypeImplementor,,0kt,Apex Type Implementor,Apex Type Implementors,false,false,false,false,,,false,false,false,false,,false,false,false,false,,,false,false,false,false,false,,true,false,false,false,,false,,,,
ApiAnomalyEvent,,0j5,API Anomaly Event,API Anomaly Events,false,false,false,false,,,false,false,false,false,,false,false,false,false,,,false,false,false,false,false,,false,false,false,false,,false,,,,
ApiAnomalyEventStore,,0j6,API Anomaly Event Store,API Anomaly Event Stores,false,false,false,false,,,true,false,false,false,,false,false,false,true,,,false,false,true,false,true,,true,true,false,false,,false,,,,
ApiEvent,,07t,API Event,API Events,false,false,false,false,,,false,false,false,false,,false,false,false,false,,,false,false,false,false,false,,true,false,false,false,,false,,,,
ApiEventStream,,0QI,API Event Stream,API Event Streams,false,false,false,false,,,false,false,false,false,,false,false,false,false,,,false,false,false,false,false,,false,false,false,false,,false,,,,
AppAnalyticsQueryRequest,,0XI,App Analytics Query Request,App Analytics Query Requests,true,true,true,false,,,false,false,false,false,,false,false,false,true,,,false,false,false,false,true,,true,true,true,false,true,true,,,,
AppDefinition,,06m,App Definition,App Definitions,false,false,false,false,,,false,false,false,false,,false,false,false,false,,,false,false,false,false,false,,true,false,false,false,,false,,,,
AppExtension,,0Mg,App Extension,App Extensions,true,true,true,false,,,true,false,false,false,,false,false,false,true,,,false,false,true,false,false,,true,false,true,false,,false,,,,
AppFormProdtPrpsAttribute,,1EY,Application Form Product Proposal Attribute,Application Form Product Proposal Attributes,false,false,false,false,,,true,false,false,false,,false,false,false,true,,,false,false,true,false,false,,true,false,true,false,,false,,,,
Applicant,true,13Y,Applicant,Applicants,false,false,false,false,,,true,false,false,false,,false,false,false,true,,,false,false,true,false,true,,true,true,true,true,true,false,,,true,
ApplicationActionItem,true,150,Application Action Item,Application Action Items,false,false,false,false,,,true,false,false,false,,false,false,false,true,,,false,false,true,false,true,,true,true,true,true,true,false,,,true,
ApplicationActionItemOwnerSharingRule,,,Application Action Item Owner Rule,Application Action Item Owner Rule,true,true,true,false,OwnerSharingRule,ApplicationActionItem,false,false,false,false,,false,false,false,true,,,false,false,false,false,false,,true,true,true,false,,false,,,,
ApplicationCase,true,0jm,Application Case,Application Cases,true,true,true,false,,,true,false,false,false,,false,false,false,true,,,false,false,true,false,true,,true,true,true,true,true,true,,,true,
ApplicationForm,true,13X,Application Form,Application Forms,false,false,false,false,,,true,false,false,false,,false,false,false,true,,,false,false,true,false,true,,true,true,true,true,true,false,,,true,
ApplicationFormOwnerSharingRule,,,Application Form Owner Rule,Application Form Owner Rule,true,true,true,false,OwnerSharingRule,ApplicationForm,false,false,false,false,,false,false,false,true,,,false,false,false,false,false,,true,true,true,false,,false,,,,
ApplicationFormProduct,true,13Z,Application Form Product,Application Form Products,false,false,false,false,,,true,false,false,false,,false,false,false,true,,,false,false,true,false,true,,true,true,true,true,true,false,,,true,
ApplicationFormProductFee,true,16x,Application Form Product Fee,Application Form Product Fees,false,false,false,false,,,true,false,false,false,,false,false,false,true,,,false,false,true,false,true,,true,true,true,true,true,false,,,true,
ApplicationFormProductOwnerSharingRule,,,Application Form Product Owner Rule,Application Form Product Owner Rule,true,true,true,false,OwnerSharingRule,ApplicationFormProduct,false,false,false,false,,false,false,false,true,,,false,false,false,false,false,,true,true,true,false,,false,,,,
ApplicationFormProductProposal,true,16v,Application Form Product Proposal,Application Form Product Proposals,false,false,false,false,,,true,false,false,false,,false,false,false,true,,,false,false,true,false,true,,true,true,true,true,true,false,,,true,
ApplicationFormSellerItem,true,1ZC,Application Form Seller Item,Application Form Seller Items,false,false,false,false,,,true,false,false,false,,false,false,false,true,,,false,false,true,false,true,,true,true,true,true,true,false,,,true,
ApplicationSubtypeDefinition,,0tV,Application Subtype Definition,Application Subtype Definitions,true,true,true,false,,,false,false,false,false,,false,false,false,true,,,false,false,false,false,false,,true,false,true,false,,false,,,,
AppMenuItem,,0DS,AppMenuItem,AppMenuItems,false,true,true,false,,,false,false,false,false,,false,false,false,true,,,false,false,false,false,false,,true,false,true,false,,false,,,,
AppointmentAssignmentPolicy,,0mT,Appointment Assignment Policy,Appointment Assignment Policies,true,true,true,false,,,true,false,false,false,,false,false,false,true,,,false,false,true,false,false,,true,false,true,false,,false,,,,
AppointmentCategory,true,11x,Appointment Category,Appointment Categories,true,true,true,false,,,true,false,false,false,,false,false,false,true,,,false,false,true,false,true,,true,true,true,true,true,true,,,true,true
AppointmentInvitation,true,1S8,Appointment Invitation,Appointment Invitations,true,true,true,false,,,true,false,false,false,,false,false,false,true,,,false,false,true,false,true,,true,true,true,true,true,true,,,true,
AppointmentInvitationOwnerSharingRule,,,Appointment Invitation Owner Rule,Appointment Invitation Owner Rule,true,true,true,false,OwnerSharingRule,AppointmentInvitation,false,false,false,false,,false,false,false,true,,,false,false,false,false,false,,true,true,true,false,,false,,,,
AppointmentInvitee,true,0y6,Appointment Invitee,Appointment Invitees,true,true,true,false,,,true,false,false,false,,false,false,false,true,,,false,false,true,false,true,,true,true,true,true,true,true,,,true,
AppointmentScheduleAggr,,7yO,Appointment Schedule Aggregate,Appointment Schedule Aggregates,true,true,true,false,,,false,false,false,false,,false,false,false,true,,,false,false,false,false,false,,true,true,true,false,,true,,,,
AppointmentScheduleLog,true,5mU,Appointment Schedule Log,Appointment Schedule Logs,true,true,true,false,,,false,false,false,false,,false,false,false,true,,,false,false,false,false,false,,true,true,true,false,true,true,,,,
AppointmentSchedulingPolicy,,0Vr,Appointment Scheduling Policy,Appointment Scheduling Policies,true,true,true,false,,,true,false,false,false,,false,false,false,true,,,false,false,true,false,false,,true,false,true,false,,false,,,,
AppointmentTopicTimeSlot,true,0mS,Appointment Topic Time Slot,Appointment Topic Time Slots,true,true,true,false,,,true,false,false,false,,false,false,false,true,,,false,false,true,false,false,,true,true,true,false,true,true,,,,
ApprovalSubmission,true,9iP,Approval Submission,Approval Submissions,false,false,false,false,,,true,false,false,false,,false,false,false,true,,,false,false,true,false,false,,true,true,true,false,true,false,,,,
ApprovalSubmissionDetail,true,1XE,Approval Submission Detail,Approval Submission Details,false,false,false,false,,,true,false,false,false,,false,false,false,true,,,false,false,true,false,false,,true,true,true,false,true,false,,,,
ApprovalSubmissionOwnerSharingRule,,,Approval Submission Owner Rule,Approval Submission Owner Rule,true,true,true,false,OwnerSharingRule,ApprovalSubmission,false,false,false,false,,false,false,false,true,,,false,false,false,false,false,,true,true,true,false,,false,,,,
ApprovalWorkItem,true,9jR,Approval Work Item,Approval Work Items,false,false,false,false,,,true,false,false,false,,false,false,false,true,,,false,false,true,false,false,,true,true,true,false,true,false,,,,
ApprovalWorkItemCondition,true,,,,,,,,,,,,,,,,,,,,,,,,,,,,,,,,,,,,
ApprovalWorkItemCriteria,true,,,,,,,,,,,,,,,,,,,,,,,,,,,,,,,,,,,,
AppTabMember,,06o,App Tab Member,App Tab Members,false,false,false,false,,,false,false,false,false,,false,false,false,false,,,false,false,false,false,false,,true,false,false,false,,false,,,,
ApptBundleAggrDurDnscale,true,52D,Appointment Bundle Aggregation Duration Downscale,Appointment Bundle Aggregation Duration Downscales,true,true,true,false,,,true,false,false,false,,false,false,false,true,,,false,false,true,false,true,,true,true,true,true,true,true,,,true,
ApptBundleAggrPolicy,true,7yi,Appointment Bundle Aggregation Policy,Appointment Bundle Aggregation Policies,true,true,true,false,,,true,false,false,false,,false,false,false,true,,,false,false,true,false,true,,true,true,true,true,true,true,,,true,
ApptBundleConfig,true,3Cv,Appointment Bundle Config,Appointment Bundle Configs,true,true,true,false,,,true,false,false,false,,false,false,false,true,,,false,false,true,false,true,,true,true,true,true,true,true,,,true,
ApptBundleConfigOwnerSharingRule,,,Appointment Bundle Config Owner Rule,Appointment Bundle Config Owner Rule,true,true,true,false,OwnerSharingRule,ApptBundleConfig,false,false,false,false,,false,false,false,true,,,false,false,false,false,false,,true,true,true,false,,false,,,,
ApptBundlePolicy,true,7sT,Appointment Bundle Policy,Appointment Bundle Policies,true,true,true,false,,,true,false,false,false,,false,false,false,true,,,false,false,true,false,true,,true,true,true,true,true,true,,,true,
ApptBundlePolicyOwnerSharingRule,,,Appointment Bundle Policy Owner Rule,Appointment Bundle Policy Owner Rule,true,true,true,false,OwnerSharingRule,ApptBundlePolicy,false,false,false,false,,false,false,false,true,,,false,false,false,false,false,,true,true,true,false,,false,,,,
ApptBundlePolicySvcTerr,true,7b0,Appointment Bundle Policy Service Territory,Appointment Bundle Policy Service Territories,true,true,true,false,,,true,false,false,false,,false,false,false,true,,,false,false,true,false,true,,true,true,true,true,true,true,,,true,
ApptBundlePropagatePolicy,true,8XA,Appointment Bundle Propagation Policy,Appointment Bundle Propagation Policies,true,true,true,false,,,true,false,false,false,,false,false,false,true,,,false,false,true,false,true,,true,true,true,true,true,true,,,true,
ApptBundleRestrictPolicy,true,6KP,Appointment Bundle Restriction Policy,Appointment Bundle Restriction Policies,true,true,true,false,,,true,false,false,false,,false,false,false,true,,,false,false,true,false,true,,true,true,true,true,true,true,,,true,
ApptBundleSortPolicy,true,0lU,Appointment Bundle Sort Policy,Appointment Bundle Sort Policies,true,true,true,false,,,true,false,false,false,,false,false,false,true,,,false,false,true,false,true,,true,true,true,true,true,true,,,true,
AppUsageAssignment,,0j8,Application Usage Assignment,Application Usage Assignments,true,true,true,false,,,true,false,false,false,,false,false,false,true,,,false,false,true,false,false,,true,true,true,false,,true,,,,
aqi_ltng_mng__Article_Quality__c,true,a3M,Article Quality Index,Article Quality Index,true,true,true,false,,,true,true,false,false,,false,true,false,true,,,false,false,true,false,true,,true,true,true,true,true,true,,,true,
aqi_ltng_mng__Article_Quality__OwnerSharingRule,,,Owner Rule: Article Quality Index,Owner Rule: Article Quality Index,true,true,true,false,OwnerSharingRule,aqi_ltng_mng__Article_Quality__c,false,false,false,false,,false,false,false,true,,,false,false,false,false,false,,true,true,true,false,,false,,,,
aqi_ltng_mng__ArticleQuality_index__c,true,a3L,Article Quality Index Definition,Article Quality Index Definition,true,true,true,false,,,false,true,true,false,,false,false,false,true,,,false,false,true,false,false,,true,true,true,true,,true,,,true,
aqi_ltng_mng__ArticleQuality_index__OwnerSharingRule,,,Owner Rule: Article Quality Index Definition,Owner Rule: Article Quality Index Definition,true,true,true,false,OwnerSharingRule,aqi_ltng_mng__ArticleQuality_index__c,false,false,false,false,,false,false,false,true,,,false,false,false,false,false,,true,true,true,false,,false,,,,
AsgnResourceLocUpdateEvent,,0jH,Assigned Resource Location Update Event,Assigned Resource Location Update Events,true,false,false,false,,,false,false,false,false,,false,false,false,false,,,false,false,false,false,false,,false,false,false,false,true,false,,,,
AsgnRsrcApptSchdEvent,,4OG,Assigned Resource Appointment Scheduling Event,Assigned Resource Appointment Scheduling Events,false,false,false,false,,,false,false,false,false,,false,false,false,false,,,false,false,false,false,false,,false,false,false,false,,false,,,,
asj__VideoComponentSetting__mdt,true,m0N,Video Component Setting,Video Component Settings,false,false,false,false,,,false,true,false,false,,false,false,false,true,,,false,false,true,false,true,,true,false,true,false,,false,,,,
AssessmentIndDefinedValue,true,0z5,Assessment Indicator Defined Value,Assessment Indicator Defined Value,true,true,true,false,,,true,false,false,false,,false,false,false,true,,,false,false,true,false,true,,true,true,true,true,true,true,,,true,
AssessmentIndicatorDefinition,true,0eu,Assessment Indicator Definition,Assessment Indicator Definitions,true,true,true,false,,,true,false,false,false,,false,false,false,true,,,false,false,true,false,true,,true,true,true,true,true,true,,,true,
AssessmentIndicatorDefinitionOwnerSharingRule,,,Assessment Indicator Definition Owner Rule,Assessment Indicator Definition Owner Rule,true,true,true,false,OwnerSharingRule,AssessmentIndicatorDefinition,false,false,false,false,,false,false,false,true,,,false,false,false,false,false,,true,true,true,false,,false,,,,
AssessmentTask,true,0eg,Assessment Task,Assessment Tasks,true,true,true,false,,,true,false,false,false,,false,false,false,true,,,false,false,true,false,true,,true,true,true,true,true,true,,,true,
AssessmentTaskContentDocument,true,0dQ,Assessment Task Content Document,Assessment Task Content Documents,true,true,true,false,,,true,false,false,false,,false,false,false,true,,,false,false,true,false,true,,true,true,true,true,true,true,,,true,
AssessmentTaskDefinition,true,0Z4,Assessment Task Definition,Assessment Task Definitions,true,true,true,false,,,true,false,false,false,,false,false,false,true,,,false,false,true,false,true,,true,true,true,true,true,true,,,true,
AssessmentTaskDefinitionOwnerSharingRule,,,Assessment Task Definition Owner Rule,Assessment Task Definition Owner Rule,true,true,true,false,OwnerSharingRule,AssessmentTaskDefinition,false,false,false,false,,false,false,false,true,,,false,false,false,false,false,,true,true,true,false,,false,,,,
AssessmentTaskIndDefinition,true,0dt,Assessment Task Indicator Definition,Assessment Task Indicator Definition,true,true,true,false,,,true,false,false,false,,false,false,false,true,,,false,false,true,false,true,,true,true,true,true,true,true,,,true,
AssessmentTaskOrder,true,0es,Assessment Task Order,Assessment Task Orders,true,true,true,false,,,true,false,false,false,,false,false,false,true,,,false,false,true,false,true,,true,true,true,false,true,true,,,,
AssessmentTaskOwnerSharingRule,,,Assessment Task Owner Rule,Assessment Task Owner Rule,true,true,true,false,OwnerSharingRule,AssessmentTask,false,false,false,false,,false,false,false,true,,,false,false,false,false,false,,true,true,true,false,,false,,,,
Asset,true,02i,Asset,Assets,true,true,true,false,,,true,false,false,false,,false,true,false,true,,,false,false,true,false,true,,true,true,true,true,true,true,,,true,
AssetAccountParticipant,true,4W8,Asset Account Participant,Asset Account Participants,true,true,true,false,,,true,false,false,false,,false,false,false,true,,,false,false,true,false,true,,true,true,true,true,true,true,,,true,
AssetAction,true,4nL,Asset Action,Asset Actions,false,false,false,false,,,true,false,false,false,,false,false,false,true,,,false,false,true,false,false,,true,true,true,true,true,false,,,true,
AssetActionSource,true,4nM,Asset Action Source,Asset Action Sources,false,false,false,false,,,true,false,false,false,,false,false,false,true,,,false,false,true,false,false,,true,true,true,true,true,false,,,true,
AssetAttribute,,0oV,Asset Attribute,Asset Attributes,true,true,true,false,,,true,false,false,false,,false,false,false,false,,,false,false,true,false,true,,true,false,false,false,,false,,,,
AssetContactParticipant,true,4W9,Asset Contact Participant,Asset Contact Participants,true,true,true,false,,,true,false,false,false,,false,false,false,true,,,false,false,true,false,true,,true,true,true,true,true,true,,,true,
AssetDowntimePeriod,true,0gP,Asset Downtime Period,Asset Downtime Periods,true,true,true,false,,,true,false,false,false,,false,false,false,true,,,false,false,true,false,true,,true,true,true,true,true,true,,,true,
AssetOwnerSharingRule,,70b,Asset Owner Rule,Asset Owner Rule,true,true,true,false,OwnerSharingRule,Asset,false,false,false,false,,false,false,false,true,,,false,false,false,false,false,,true,true,true,false,,false,,,,
AssetRelationship,true,1AR,Asset Relationship,Asset Relationships,true,true,true,false,,,true,false,false,false,,false,false,false,true,,,false,false,true,false,true,,true,true,true,true,true,true,,,true,
AssetStatePeriod,true,4nK,Asset State Period,Asset State Periods,false,false,false,false,,,true,false,false,false,,false,false,false,true,,,false,false,true,false,false,,true,true,true,true,true,false,,,true,
AssetStatePeriodAttribute,,14Z,Asset State Period Attribute,Asset State Period Attributes,false,false,false,false,,,true,false,false,false,,false,false,false,true,,,false,false,true,false,false,,true,false,true,false,,false,,,,
AssetTokenEvent,,0Li,Asset Token Event,Asset Token Events,false,false,false,false,,,false,false,false,false,,false,false,false,false,,,false,false,false,false,false,,false,false,false,false,true,false,,,,
AssetWarranty,true,4xo,Asset Warranty,Asset Warranties,true,true,true,false,,,true,false,false,false,,false,true,false,true,,,false,false,true,false,true,,true,true,true,true,true,true,,,true,
AssignedResource,true,03r,Assigned Resource,Assigned Resources,true,true,true,false,,,true,false,false,false,,false,false,false,true,,,false,false,true,false,false,,true,true,true,false,true,true,,,,
AssignmentRule,,01Q,Assignment Rule,Assignment Rules,false,false,false,false,,,false,false,false,false,,false,false,false,true,,,false,false,false,false,false,,true,false,true,true,,false,,,,
AssistantProgress,true,,,,,,,,,,,,,,,,,,,,,,,,,,,,,,,,,,,,
AssociatedLocation,true,0Kt,Associated Location,Associated Locations,true,true,true,false,,,true,false,false,false,,false,false,false,true,,,false,false,true,false,true,,true,true,true,false,true,true,,,,
AsyncOperationEvent,,0Xw,Async Operation Event,Async Operation Events,false,false,false,false,,,false,false,false,false,,false,false,false,false,,,false,false,false,false,false,,false,false,false,false,true,false,,,,
AsyncOperationLog,,1ao,Async Operation Log,Async Operation Logs,false,false,true,false,,,true,false,false,false,,false,false,false,true,,,false,false,true,false,true,,true,true,true,true,true,true,,,true,
AsyncOperationStatus,,0YD,Async Operation Status,Async Operation Status,false,false,false,false,,,false,false,false,false,,false,false,false,false,,,false,false,false,false,false,,false,false,false,false,true,false,,,,
AsyncOperationTracker,true,16P,Async Operation Tracker,Async Operation Trackers,false,false,true,false,,,true,false,false,false,,false,false,false,true,,,false,false,true,false,true,,true,true,true,false,,false,,,,
AsyncOperationTrackerOwnerSharingRule,,,Async Operation Tracker Owner Rule,Async Operation Tracker Owner Rule,true,true,true,false,OwnerSharingRule,AsyncOperationTracker,false,false,false,false,,false,false,false,true,,,false,false,false,false,false,,true,true,true,false,,false,,,,
AsyncRequestResponseEvent,,2zy,Asynchronous Request Response Event,Asynchronous Request Response Events,true,false,false,false,,,false,false,false,false,,false,false,false,false,,,false,false,false,false,false,,false,false,false,false,true,false,,,,
AttachedContentDocument,,,Attached Content Document,Attached Content Documents,false,false,false,false,,,false,false,false,false,,false,false,false,true,,,false,false,false,false,false,,false,false,false,false,,false,,,,
AttachedContentNote,,,Note,Notes,false,false,false,false,,,false,false,false,false,,false,false,false,true,,,false,false,false,false,false,,false,false,false,false,,false,,,,
Attachment,,00P,Attachment,Attachments,true,true,true,false,,,false,false,false,false,,false,false,false,true,,,false,false,false,false,false,,true,true,true,true,true,true,,,,
AttribModel,,1CQ,Attribution,Attributions,false,false,false,false,,,true,false,false,false,,false,false,false,true,,,false,false,true,false,true,,true,true,true,false,true,false,,,,
AttribModelJobStatusEvent,,1MY,Attribution Model Job Status Event,Attribution Model Job Status Events,false,false,false,false,,,false,false,false,false,,false,false,false,false,,,false,false,false,false,false,,false,false,false,false,true,false,,,,
AttribModelStage,,1D2,Attribution Model Stage,Attribution Model Stages,false,false,false,false,,,true,false,false,false,,false,false,false,true,,,false,false,true,false,false,,true,true,true,false,true,false,,,,
AttribModelStageMetric,,1DQ,Attribution Model Stage Metric,Attribution Model Stage Metrics,false,false,false,false,,,true,false,false,false,,false,false,false,true,,,false,false,true,false,false,,true,true,true,false,true,false,,,,
AttributeCategory,true,0v3,Attribute Category,Attribute Categories,true,true,true,false,,,true,false,false,false,,false,false,false,true,,,false,false,true,false,true,,true,true,true,true,true,true,,,true,
AttributeCategoryAttribute,true,11E,Attribute Category Attribute,Attribute Category Attributes,true,true,true,false,,,true,false,false,false,,false,false,false,true,,,false,false,true,false,true,,true,true,true,true,true,true,,,true,
AttributeCategoryAttributeOwnerSharingRule,,,Attribute Category Attribute Owner Rule,Attribute Category Attribute Owner Rule,true,true,true,false,OwnerSharingRule,AttributeCategoryAttribute,false,false,false,false,,false,false,false,true,,,false,false,false,false,false,,true,true,true,false,,false,,,,
AttributeCategoryOwnerSharingRule,,,Attribute Category Owner Rule,Attribute Category Owner Rule,true,true,true,false,OwnerSharingRule,AttributeCategory,false,false,false,false,,false,false,false,true,,,false,false,false,false,false,,true,true,true,false,,false,,,,
AttributeDefinition,true,0tj,Attribute Definition,Attribute Definitions,true,true,true,false,,,true,false,false,false,,false,false,false,true,,,false,false,true,false,true,,true,true,true,true,true,true,,,true,
AttributeDefinitionOwnerSharingRule,,,Attribute Definition Owner Rule,Attribute Definition Owner Rule,true,true,true,false,OwnerSharingRule,AttributeDefinition,false,false,false,false,,false,false,false,true,,,false,false,false,false,false,,true,true,true,false,,false,,,,
AttributePicklist,true,0v5,Attribute Picklist,Attribute Picklists,true,true,true,false,,,true,false,false,false,,false,false,false,true,,,false,false,true,false,true,,true,true,true,true,true,true,,,true,
AttributePicklistOwnerSharingRule,,,Attribute Picklist Owner Rule,Attribute Picklist Owner Rule,true,true,true,false,OwnerSharingRule,AttributePicklist,false,false,false,false,,false,false,false,true,,,false,false,false,false,false,,true,true,true,false,,false,,,,
AttributePicklistValue,true,0v6,Attribute Picklist Value,Attribute Picklist Values,true,true,true,false,,,true,false,false,false,,false,false,false,true,,,false,false,true,false,true,,true,true,true,true,true,true,,,true,
AttrPicklistExcludedValue,true,1Ar,Attribute Picklist Excluded Value,Attribute Picklist Excluded Values,true,true,true,false,,,true,false,false,false,,false,false,false,true,,,false,false,true,false,true,,true,true,true,true,true,true,,,true,
AttrPicklistExcludedValueOwnerSharingRule,,,Attribute Picklist Excluded Value Owner Rule,Attribute Picklist Excluded Value Owner Rule,true,true,true,false,OwnerSharingRule,AttrPicklistExcludedValue,false,false,false,false,,false,false,false,true,,,false,false,false,false,false,,true,true,true,false,,false,,,,
Audience,,6Au,Audience,Audiences,false,true,true,false,,,false,false,false,false,,false,false,false,true,,,false,false,false,false,false,,true,false,true,false,,false,,,,
AuditTrailFileExport,true,7Pr,Audit Trail File Export,Audit Trail File Exports,true,true,true,false,,,false,false,false,false,,false,false,false,true,,,false,false,false,false,false,,true,true,true,false,,true,,,,
AuditTrailFileExportOwnerSharingRule,,,Audit Trail File Export Owner Rule,Audit Trail File Export Owner Rule,true,true,true,false,OwnerSharingRule,AuditTrailFileExport,false,false,false,false,,false,false,false,true,,,false,false,false,false,false,,true,true,true,false,,false,,,,
AuraDefinition,,0Ad,Lightning Component Definition,Lightning Component Definitions,true,true,true,false,,,false,false,false,false,,false,false,false,true,,,false,false,false,false,false,,true,false,true,false,,false,,,,
AuraDefinitionBundle,,0Ab,Aura Component Bundle,Aura Component Bundles,true,true,true,false,,,false,false,false,false,,false,false,false,true,,,false,false,false,false,false,,true,false,true,false,,false,,,,
AuraDefinitionBundleInfo,,0ab,Aura Definition Bundle Info,Aura Definition Bundle Infos,false,false,false,false,,,false,false,false,false,,false,false,false,false,,,false,false,false,false,false,,true,false,false,false,,false,,,,
AuraDefinitionInfo,,0ad,Aura Definition Info,Aura Definition Infos,false,false,false,false,,,false,false,false,false,,false,false,false,false,,,false,false,false,false,false,,true,false,false,false,,false,,,,
AuthConfig,,07T,Authentication Configuration,Authentication Configurations,false,false,false,false,,,false,false,false,false,,false,false,false,true,,,false,false,false,false,false,,true,false,true,false,,false,,,,
AuthConfigProviders,,07U,Authentication Configuration Auth. Provider,Authentication Configuration Auth. Providers,true,false,true,false,,,false,false,false,false,,false,false,false,true,,,false,false,false,false,false,,true,false,true,false,,false,,,,
AuthFormRequestRecord,true,0lo,Authorizable Form Request Record,Authorizable Form Request Records,true,true,true,false,,,true,false,false,false,,false,false,false,true,,,false,false,true,false,true,,true,true,true,true,true,true,,,true,
AuthorizationForm,true,0cI,Authorization Form,Authorization Forms,true,true,true,false,,,true,false,false,false,,false,false,false,true,,,false,false,true,false,true,,true,true,true,true,true,true,,,true,
AuthorizationFormConsent,true,0cK,Authorization Form Consent,Authorization Form Consents,true,true,true,false,,,true,false,false,false,,false,false,false,true,,,false,false,true,false,true,,true,true,true,true,true,true,,,true,
AuthorizationFormConsentOwnerSharingRule,,,Authorization Form Consent Owner Rule,Authorization Form Consent Owner Rule,true,true,true,false,OwnerSharingRule,AuthorizationFormConsent,false,false,false,false,,false,false,false,true,,,false,false,false,false,false,,true,true,true,false,,false,,,,
AuthorizationFormDataUse,true,0cM,Authorization Form Data Use,Authorization Form Data Uses,true,true,true,false,,,true,false,false,false,,false,false,false,true,,,false,false,true,false,true,,true,true,true,true,true,true,,,true,
AuthorizationFormDataUseOwnerSharingRule,,,Authorization Form Data Use Owner Rule,Authorization Form Data Use Owner Rule,true,true,true,false,OwnerSharingRule,AuthorizationFormDataUse,false,false,false,false,,false,false,false,true,,,false,false,false,false,false,,true,true,true,false,,false,,,,
AuthorizationFormOwnerSharingRule,,,Authorization Form Owner Rule,Authorization Form Owner Rule,true,true,true,false,OwnerSharingRule,AuthorizationForm,false,false,false,false,,false,false,false,true,,,false,false,false,false,false,,true,true,true,false,,false,,,,
AuthorizationFormText,true,0cN,Authorization Form Text,Authorization Form Texts,true,true,true,false,,,true,false,false,false,,false,false,false,true,,,false,false,true,false,true,,true,true,true,true,true,true,,,true,
AuthorizedInsuranceLine,true,0gG,Authorized Insurance Line,Authorized Insurance Lines,true,true,true,false,,,true,false,false,false,,false,false,false,true,,,false,false,true,false,true,,true,true,true,true,true,true,,,true,
AuthorizedInsuranceLineOwnerSharingRule,,,Authorized Insurance Line Owner Rule,Authorized Insurance Line Owner Rule,true,true,true,false,OwnerSharingRule,AuthorizedInsuranceLine,false,false,false,false,,false,false,false,true,,,false,false,false,false,false,,true,true,true,false,,false,,,,
AuthorNote,true,0nN,Author Note,Author Notes,false,false,false,false,,,true,false,false,false,,false,false,false,true,,,false,false,true,false,true,,true,true,true,true,true,false,,,true,
AuthorNoteOwnerSharingRule,,,Author Note Owner Rule,Author Note Owner Rule,true,true,true,false,OwnerSharingRule,AuthorNote,false,false,false,false,,false,false,false,true,,,false,false,false,false,false,,true,true,true,false,,false,,,,
AuthProvider,,0SO,Auth. Provider,Auth. Providers,true,true,true,false,,,false,false,false,false,,false,false,false,true,,,false,false,false,false,false,,true,false,true,false,,false,,,,
AuthProvParamFwdAllowlist,,1Dg,Auth Provider Param Forwarding Allowlist,Auth Provider Param Forwarding Allowlists,true,true,true,false,,,false,false,false,false,,false,false,false,true,,,false,false,false,false,false,,true,false,true,false,,false,,,,
Award,true,0cF,Award,Awards,true,true,true,false,,,true,false,false,false,,false,false,false,true,,,false,false,true,false,true,,true,true,true,true,true,true,,,true,
AwardOwnerSharingRule,,,Award Owner Rule,Award Owner Rule,true,true,true,false,OwnerSharingRule,Award,false,false,false,false,,false,false,false,true,,,false,false,false,false,false,,true,true,true,false,,false,,,,
B2B_Cart_Upload_Settings__c,true,a6k,B2B Cart Upload Settings,B2B Cart Upload Settings,true,true,true,false,,,false,true,true,false,,false,false,false,true,,,false,false,true,false,false,,true,true,true,true,,true,,,true,
B2B_Cart_Upload_Settings__OwnerSharingRule,,,Owner Rule: B2B Cart Upload Settings,Owner Rule: B2B Cart Upload Settings,true,true,true,false,OwnerSharingRule,B2B_Cart_Upload_Settings__c,false,false,false,false,,false,false,false,true,,,false,false,false,false,false,,true,true,true,false,,false,,,,
B2B_Mood_Board__c,true,a6m,B2B Moodboard,B2B Moodboards,true,true,true,false,,,true,true,false,false,,false,false,false,true,,,false,false,true,false,true,,true,true,true,true,true,true,,,true,
B2B_Mood_Board__OwnerSharingRule,,,Owner Rule: B2B Moodboard,Owner Rule: B2B Moodboard,true,true,true,false,OwnerSharingRule,B2B_Mood_Board__c,false,false,false,false,,false,false,false,true,,,false,false,false,false,false,,true,true,true,false,,false,,,,
B2B_Mood_Board_Settings__c,true,a6l,B2B Mood Board Settings,B2B Mood Board Settings,true,true,true,false,,,false,true,true,false,,false,false,false,true,,,false,false,true,false,false,,true,true,true,true,,true,,,true,
B2B_Mood_Board_Settings__OwnerSharingRule,,,Owner Rule: B2B Mood Board Settings,Owner Rule: B2B Mood Board Settings,true,true,true,false,OwnerSharingRule,B2B_Mood_Board_Settings__c,false,false,false,false,,false,false,false,true,,,false,false,false,false,false,,true,true,true,false,,false,,,,
B2B_SPC_Delivery_Method__mdt,true,m0L,B2B SPC Delivery Method,B2B SPC Delivery Methods,false,false,false,false,,,false,true,false,false,,false,false,false,true,,,false,false,true,false,true,,true,false,true,false,,false,,,,
B2B_SPC_Tax_Rates__mdt,true,m0M,B2B SPC Tax Rate,B2B SPC Tax Rates,false,false,false,false,,,false,true,false,false,,false,false,false,true,,,false,false,true,false,true,,true,false,true,false,,false,,,,
B2BFeaturedProductsCfg__mdt,true,m0K,B2B Featured Products Config,B2B Featured Product Configs,false,false,false,false,,,false,true,false,false,,false,false,false,true,,,false,false,true,false,true,,true,false,true,false,,false,,,,
B2BMktProspect,true,,,,,,,,,,,,,,,,,,,,,,,,,,,,,,,,,,,,
BatchApexErrorEvent,,1QQ,Batch Apex Error Platform Event,Batch Apex Error Platform Events,false,false,false,false,,,false,false,false,false,,false,false,false,false,,,false,false,false,false,false,,false,false,false,false,true,false,,,,
BatchCalcJobDefinition,,9N1,Batch Calculation Job Definition,Batch Calculation Job Definition,true,true,true,false,,,false,false,false,false,,false,false,false,true,,,false,false,false,false,false,,true,false,true,false,,false,,,,
BatchCalcJobDefinitionView,,9NZ,Batch Calculation Job Definition View,Batch Calculation Job Definition Views,false,false,false,false,,,false,false,false,false,,false,false,false,false,,,false,false,false,false,false,,true,false,false,false,,false,,,,
BatchDataSource,,0mc,Batch Data Source,Batch Data Sources,false,false,false,false,,,false,false,false,false,,false,false,false,true,,,false,false,false,false,false,,true,false,true,false,,false,,,,
BatchDataSrcFilterCriteria,,0mg,Batch Data Source Filter Criteria,Batch Data Source Filter Criterias,false,false,false,false,,,false,false,false,false,,false,false,false,true,,,false,false,false,false,false,,true,false,true,false,,false,,,,
BatchJob,true,0md,Batch Job,Batch Jobs,true,true,true,false,,,true,false,false,false,,false,false,false,true,,,false,false,true,false,true,,true,true,true,true,true,true,,,true,
BatchJobDefinition,,0ma,Batch Job Definition,Batch Job Definition,false,false,false,false,,,false,false,false,false,,false,false,false,true,,,false,false,false,false,false,,true,false,true,false,,false,,,,
BatchJobOwnerSharingRule,,,Batch Job Owner Rule,Batch Job Owner Rule,true,true,true,false,OwnerSharingRule,BatchJob,false,false,false,false,,false,false,false,true,,,false,false,false,false,false,,true,true,true,false,,false,,,,
BatchJobPart,true,0me,Batch Job Part,Batch Job Parts,false,false,true,false,,,true,false,false,false,,false,false,false,true,,,false,false,true,false,false,,true,true,true,false,true,true,,,,
BatchJobPartFailedRecord,true,0mf,Batch Job Part Failed Record,Batch Job Part Failed Records,true,true,true,false,,,true,false,false,false,,false,false,false,true,,,false,false,true,false,false,,true,true,true,false,true,true,,,,
BatchJobStatusChangedEvent,,9NE,Batch Job Status Changed Event,Batch Job Status Changed Events,false,false,false,false,,,false,false,false,false,,false,false,false,false,,,false,false,false,false,false,,false,false,false,false,true,false,,,,
BatchProcessJobDefinition,,0mh,Batch Process Job Definition,Batch Process Job Definitions,true,true,true,false,,,false,false,false,false,,false,false,false,true,,,false,false,false,false,false,,true,false,true,false,,false,,,,
BatchProcessJobDefView,,0mi,Batch Process Job Definition View,Batch Process Job Definition Views,false,false,false,false,,,false,false,false,false,,false,false,false,false,,,false,false,false,false,false,,true,false,false,false,,false,,,,
Benefit,true,0ji,Benefit,Benefits,true,true,true,false,,,true,false,false,false,,false,false,false,true,,,false,false,true,false,true,,true,true,true,true,true,true,,,true,
BenefitAction,,6BD,Benefit Action,Benefit Actions,true,true,true,false,,,false,false,false,false,,false,false,false,true,,,false,false,false,false,false,,true,false,true,false,,false,,,,
BenefitActionParameter,,0nH,Benefit Action Parameter,Benefit Action Parameters,true,true,true,false,,,false,false,false,false,,false,false,false,true,,,false,false,false,false,false,,true,false,true,false,,false,,,,
BenefitActionParameterValue,,9Nx,Benefit Action Parameter Value,Benefit Action Parameter Values,true,true,true,false,,,false,false,false,false,,false,false,false,true,,,false,false,false,false,false,,true,false,true,false,,false,,,,
BenefitAssignment,true,0nD,Benefit Assignment,Benefit Assignments,true,true,true,false,,,true,false,false,false,,false,false,false,true,,,false,false,true,false,true,,true,true,true,true,true,true,,,true,
BenefitAssignmentAdjustment,true,,,,,,,,,,,,,,,,,,,,,,,,,,,,,,,,,,,,
BenefitAssignmentOwnerSharingRule,,,Benefit Assignment Owner Rule,Benefit Assignment Owner Rule,true,true,true,false,OwnerSharingRule,BenefitAssignment,false,false,false,false,,false,false,false,true,,,false,false,false,false,false,,true,true,true,false,,false,,,,
BenefitDisbursement,true,0xW,Benefit Disbursement,Benefit Disbursements,true,true,true,false,,,true,false,false,false,,false,false,false,true,,,false,false,true,false,true,,true,true,true,true,true,true,,,true,
BenefitDisbursementAdj,true,,,,,,,,,,,,,,,,,,,,,,,,,,,,,,,,,,,,
BenefitManagementRecertification__c,true,a87,Benefit Recertification Flow,Benefit Recertification Flow,true,true,true,false,,,false,true,true,false,,false,false,false,true,,,false,false,true,false,false,,true,true,true,true,,true,,,true,
BenefitManagementRecertification__OwnerSharingRule,,,Owner Rule: Benefit Recertification Flow,Owner Rule: Benefit Recertification Flow,true,true,true,false,OwnerSharingRule,BenefitManagementRecertification__c,false,false,false,false,,false,false,false,true,,,false,false,false,false,false,,true,true,true,false,,false,,,,
BenefitParameterValue,true,0nQ,Benefit Parameter Value,Benefit Parameter Values,true,true,true,false,,,true,false,false,false,,false,false,false,true,,,false,false,true,false,true,,true,true,true,true,true,true,,,true,
BenefitType,true,0jh,Benefit Type,Benefit Types,true,true,true,false,,,true,false,false,false,,false,false,false,true,,,false,false,true,false,true,,true,true,true,true,true,true,,,true,
BenefitTypeOwnerSharingRule,,,Benefit Type Owner Rule,Benefit Type Owner Rule,true,true,true,false,OwnerSharingRule,BenefitType,false,false,false,false,,false,false,false,true,,,false,false,false,false,false,,true,true,true,false,,false,,,,
BldgEnrgyIntensity,true,0o3,Building Energy Intensity,Building Energy Intensities,false,false,false,false,,,true,false,false,false,,false,false,false,true,,,false,false,true,false,true,,true,true,true,true,true,false,,,true,
BldgEnrgyIntensityCnfg,,0to,Building Energy Intensity Record Type Config,Building Energy Intensity Record Type Configs,true,true,true,false,,,false,false,false,false,,false,false,false,true,,,false,false,false,false,true,,true,false,true,false,,false,,,,
BldgEnrgyIntensityOwnerSharingRule,,,Building Energy Intensity Owner Rule,Building Energy Intensity Owner Rule,true,true,true,false,OwnerSharingRule,BldgEnrgyIntensity,false,false,false,false,,false,false,false,true,,,false,false,false,false,false,,true,true,true,false,,false,,,,
BldgEnrgyIntensityVal,true,0o5,Building Energy Intensity Value,Building Energy Intensity Values,false,false,false,false,,,true,false,false,false,,false,false,false,true,,,false,false,true,false,true,,true,true,true,true,true,false,,,true,
BldgSizeCategory,true,0o9,Building Size Category,Building Size Categories,false,false,false,false,,,true,false,false,false,,false,false,false,true,,,false,false,true,false,true,,true,true,true,true,true,false,,,true,
BldgSizeCategoryOwnerSharingRule,,,Building Size Category Owner Rule,Building Size Category Owner Rule,true,true,true,false,OwnerSharingRule,BldgSizeCategory,false,false,false,false,,false,false,false,true,,,false,false,false,false,false,,true,true,true,false,,false,,,,
blng__AccountBalanceSnapshot__c,true,,,,,,,,,,,,,,,,,,,,,,,,,,,,,,,,,,,,
blng__AgingBuckets__c,true,,,,,,,,,,,,,,,,,,,,,,,,,,,,,,,,,,,,
blng__BalanceSnapShotRun__c,true,,,,,,,,,,,,,,,,,,,,,,,,,,,,,,,,,,,,
blng__BalanceSnapShotScheduler__c,true,,,,,,,,,,,,,,,,,,,,,,,,,,,,,,,,,,,,
blng__BillingBatchJob__c,true,,,,,,,,,,,,,,,,,,,,,,,,,,,,,,,,,,,,
blng__BillingConfig__c,true,,,,,,,,,,,,,,,,,,,,,,,,,,,,,,,,,,,,
blng__BillingPrefix__c,true,,,,,,,,,,,,,,,,,,,,,,,,,,,,,,,,,,,,
blng__BillingRule__c,true,,,,,,,,,,,,,,,,,,,,,,,,,,,,,,,,,,,,
blng__BillingSchedule__c,true,,,,,,,,,,,,,,,,,,,,,,,,,,,,,,,,,,,,
blng__BillingTransaction__c,true,,,,,,,,,,,,,,,,,,,,,,,,,,,,,,,,,,,,
blng__BillingTreatment__c,true,,,,,,,,,,,,,,,,,,,,,,,,,,,,,,,,,,,,
blng__CreditNote__c,true,,,,,,,,,,,,,,,,,,,,,,,,,,,,,,,,,,,,
blng__CreditNoteAllocation__c,true,,,,,,,,,,,,,,,,,,,,,,,,,,,,,,,,,,,,
blng__CreditNoteLine__c,true,,,,,,,,,,,,,,,,,,,,,,,,,,,,,,,,,,,,
blng__DebitNote__c,true,,,,,,,,,,,,,,,,,,,,,,,,,,,,,,,,,,,,
blng__DebitNoteAllocation__c,true,,,,,,,,,,,,,,,,,,,,,,,,,,,,,,,,,,,,
blng__DebitNoteAllocationCreditNoteLine__c,true,,,,,,,,,,,,,,,,,,,,,,,,,,,,,,,,,,,,
blng__DebitNoteLine__c,true,,,,,,,,,,,,,,,,,,,,,,,,,,,,,,,,,,,,
blng__ErrorLog__c,true,,,,,,,,,,,,,,,,,,,,,,,,,,,,,,,,,,,,
blng__FinanceBook__c,true,,,,,,,,,,,,,,,,,,,,,,,,,,,,,,,,,,,,
blng__FinancePeriod__c,true,,,,,,,,,,,,,,,,,,,,,,,,,,,,,,,,,,,,
blng__GLAccount__c,true,,,,,,,,,,,,,,,,,,,,,,,,,,,,,,,,,,,,
blng__GLRule__c,true,,,,,,,,,,,,,,,,,,,,,,,,,,,,,,,,,,,,
blng__GLTreatment__c,true,,,,,,,,,,,,,,,,,,,,,,,,,,,,,,,,,,,,
blng__Invoice__c,true,,,,,,,,,,,,,,,,,,,,,,,,,,,,,,,,,,,,
blng__InvoiceLine__c,true,,,,,,,,,,,,,,,,,,,,,,,,,,,,,,,,,,,,
blng__InvoicePlan__c,true,,,,,,,,,,,,,,,,,,,,,,,,,,,,,,,,,,,,
blng__InvoicePlanLine__c,true,,,,,,,,,,,,,,,,,,,,,,,,,,,,,,,,,,,,
blng__InvoiceRun__c,true,,,,,,,,,,,,,,,,,,,,,,,,,,,,,,,,,,,,
blng__InvoiceScheduler__c,true,,,,,,,,,,,,,,,,,,,,,,,,,,,,,,,,,,,,
blng__LegalEntity__c,true,,,,,,,,,,,,,,,,,,,,,,,,,,,,,,,,,,,,
blng__Payment__c,true,,,,,,,,,,,,,,,,,,,,,,,,,,,,,,,,,,,,
blng__PaymentAllocationDebitNoteLine__c,true,,,,,,,,,,,,,,,,,,,,,,,,,,,,,,,,,,,,
blng__PaymentAllocationInvoice__c,true,,,,,,,,,,,,,,,,,,,,,,,,,,,,,,,,,,,,
blng__PaymentAllocationInvoiceLine__c,true,,,,,,,,,,,,,,,,,,,,,,,,,,,,,,,,,,,,
blng__PaymentAuthorization__c,true,,,,,,,,,,,,,,,,,,,,,,,,,,,,,,,,,,,,
blng__PaymentGateway__c,true,,,,,,,,,,,,,,,,,,,,,,,,,,,,,,,,,,,,
blng__PaymentGatewayConfig__c,true,,,,,,,,,,,,,,,,,,,,,,,,,,,,,,,,,,,,
blng__PaymentMapping__c,true,,,,,,,,,,,,,,,,,,,,,,,,,,,,,,,,,,,,
blng__PaymentMethod__c,true,,,,,,,,,,,,,,,,,,,,,,,,,,,,,,,,,,,,
blng__PaymentRun__c,true,,,,,,,,,,,,,,,,,,,,,,,,,,,,,,,,,,,,
blng__PaymentScheduler__c,true,,,,,,,,,,,,,,,,,,,,,,,,,,,,,,,,,,,,
blng__PaymentTerms__c,true,,,,,,,,,,,,,,,,,,,,,,,,,,,,,,,,,,,,
blng__PaymentTransaction__c,true,,,,,,,,,,,,,,,,,,,,,,,,,,,,,,,,,,,,
blng__Refund__c,true,,,,,,,,,,,,,,,,,,,,,,,,,,,,,,,,,,,,
blng__RefundLineCreditNoteLine__c,true,,,,,,,,,,,,,,,,,,,,,,,,,,,,,,,,,,,,
blng__RefundLinePayment__c,true,,,,,,,,,,,,,,,,,,,,,,,,,,,,,,,,,,,,
blng__RevenueAdjustment__c,true,,,,,,,,,,,,,,,,,,,,,,,,,,,,,,,,,,,,
blng__RevenueAdjustmentLine__c,true,,,,,,,,,,,,,,,,,,,,,,,,,,,,,,,,,,,,
blng__RevenueAgreement__c,true,,,,,,,,,,,,,,,,,,,,,,,,,,,,,,,,,,,,
blng__RevenueDistributionMethod__c,true,,,,,,,,,,,,,,,,,,,,,,,,,,,,,,,,,,,,
blng__RevenueRecognitionRule__c,true,,,,,,,,,,,,,,,,,,,,,,,,,,,,,,,,,,,,
blng__RevenueRecognitionTreatment__c,true,,,,,,,,,,,,,,,,,,,,,,,,,,,,,,,,,,,,
blng__RevenueSchedule__c,true,,,,,,,,,,,,,,,,,,,,,,,,,,,,,,,,,,,,
blng__RevenueTransaction__c,true,,,,,,,,,,,,,,,,,,,,,,,,,,,,,,,,,,,,
blng__SubInvoiceLine__c,true,,,,,,,,,,,,,,,,,,,,,,,,,,,,,,,,,,,,
blng__TaxConfig__c,true,,,,,,,,,,,,,,,,,,,,,,,,,,,,,,,,,,,,
blng__TaxIntegration__c,true,,,,,,,,,,,,,,,,,,,,,,,,,,,,,,,,,,,,
blng__TaxRate__c,true,,,,,,,,,,,,,,,,,,,,,,,,,,,,,,,,,,,,
blng__TaxRule__c,true,,,,,,,,,,,,,,,,,,,,,,,,,,,,,,,,,,,,
blng__TaxTreatment__c,true,,,,,,,,,,,,,,,,,,,,,,,,,,,,,,,,,,,,
blng__Usage__c,true,,,,,,,,,,,,,,,,,,,,,,,,,,,,,,,,,,,,
blng__UsageSummary__c,true,,,,,,,,,,,,,,,,,,,,,,,,,,,,,,,,,,,,
BoardCertification,true,0YS,Board Certification,Board Certifications,false,false,false,false,,,true,false,false,false,,false,false,false,true,,,false,false,true,false,true,,true,true,true,true,true,false,,,true,
BoardCertificationOwnerSharingRule,,,Board Certification Owner Rule,Board Certification Owner Rule,true,true,true,false,OwnerSharingRule,BoardCertification,false,false,false,false,,false,false,false,true,,,false,false,false,false,false,,true,true,true,false,,false,,,,
BotDefinition,,0Xx,Bot,Bots,false,false,false,false,,,false,false,false,false,,false,false,false,true,,,false,false,false,false,false,,true,false,true,false,,false,,,,
BotVersion,,0X9,Bot Version,Bot Versions,true,true,true,false,,,false,false,false,false,,false,false,false,true,,,false,false,false,false,false,,true,false,true,false,,false,,,,
BrandingSet,,0Lw,Branding Set,Branding Sets,true,true,true,false,,,false,false,false,false,,false,false,false,true,,,false,false,false,false,false,,true,false,true,false,,false,,,,
BrandingSetProperty,,0Ly,Branding Set Property,Branding Set Properties,true,true,true,false,,,false,false,false,false,,false,false,false,true,,,false,false,false,false,false,,true,false,true,false,,false,,,,
BrandTemplate,,016,Letterhead,Letterheads,true,true,true,false,,,false,false,false,false,,false,false,false,true,,,false,false,false,false,false,,true,true,true,false,,false,,,,
BriefcaseAssignment,,5LH,Briefcase Assignment,Briefcase Assignments,true,false,true,false,,,false,false,false,false,,false,false,false,true,,,false,false,false,false,false,,true,true,true,false,,false,,,,
BriefcaseDefinition,,1rY,Briefcase Definition,Briefcase Definitions,false,false,false,false,,,false,false,false,false,,false,false,false,true,,,false,false,false,false,false,,true,false,true,false,,false,,,,
BriefcaseRule,,1rX,Briefcase Rule,Briefcase Rules,false,false,false,false,,,false,false,false,false,,false,false,false,true,,,false,false,false,false,false,,true,false,true,false,,false,,,,
BriefcaseRuleFilter,,1rZ,Briefcase Rule Filter,Briefcase Rule Filters,false,false,false,false,,,false,false,false,false,,false,false,false,true,,,false,false,false,false,false,,true,false,true,false,,false,,,,
BroadcastCommAudience,true,0oS,Broadcast Communication Audience,Broadcast Communication Audiences,true,true,true,false,,,true,false,false,false,,false,false,false,true,,,false,false,true,false,true,,true,true,true,true,true,true,,,true,
BroadcastCommAudienceOwnerSharingRule,,,Broadcast Communication Audience Owner Rule,Broadcast Communication Audience Owner Rule,true,true,true,false,OwnerSharingRule,BroadcastCommAudience,false,false,false,false,,false,false,false,true,,,false,false,false,false,false,,true,true,true,false,,false,,,,
BroadcastCommunication,true,0oY,Broadcast Communication,Broadcast Communications,true,false,true,false,,,true,false,false,false,,false,false,false,true,,,false,false,true,false,true,,true,true,true,true,true,true,,,true,
BroadcastCommunicationOwnerSharingRule,,,Broadcast Communication Owner Rule,Broadcast Communication Owner Rule,true,true,true,false,OwnerSharingRule,BroadcastCommunication,false,false,false,false,,false,false,false,true,,,false,false,false,false,false,,true,true,true,false,,false,,,,
BroadcastTopic,true,0uK,Broadcast Topic,Broadcast Topics,true,true,true,false,,,true,false,false,false,,false,false,false,true,,,false,false,true,false,true,,true,true,true,true,true,true,,,true,
BroadcastTopicCollabRoom,true,0uL,Broadcast Topic Collaboration Room,Broadcast Topic Collaboration Rooms,true,true,true,false,,,false,false,false,false,,false,false,false,true,,,false,false,false,false,false,,true,true,true,false,true,true,,,,
BroadcastTopicGroup,true,0za,Broadcast Topic Group,Broadcast Topic Groups,true,true,true,false,,,false,false,false,false,,false,false,false,true,,,false,false,false,false,false,,true,true,true,false,true,true,,,,
BroadcastTopicNetwork,true,0xM,Broadcast Topic Network,Broadcast Topic Networks,true,true,true,false,,,false,false,false,false,,false,false,false,true,,,false,false,false,false,false,,true,true,true,false,true,true,,,,
BroadcastTopicOwnerSharingRule,,,Broadcast Topic Owner Rule,Broadcast Topic Owner Rule,true,true,true,false,OwnerSharingRule,BroadcastTopic,false,false,false,false,,false,false,false,true,,,false,false,false,false,false,,true,true,true,false,,false,,,,
BroadcastTopicUserRole,true,0uM,Broadcast Topic User Role,Broadcast Topic User Roles,true,true,true,false,,,false,false,false,false,,false,false,false,true,,,false,false,false,false,false,,true,true,true,false,true,true,,,,
BrowserPolicyViolation,,19y,Browser Policy Violation,Browser Policy Violations,false,false,true,false,,,true,false,false,false,,false,false,false,true,,,false,false,true,false,false,,true,false,true,false,,false,,,,
BulkApiResultEvent,,0hx,Bulk API Result Event,Bulk API Result Events,false,false,false,false,,,false,false,false,false,,false,false,false,false,,,false,false,false,false,false,,false,false,false,false,,false,,,,
BulkApiResultEventStore,,0hJ,Bulk API Result Event Store,Bulk API Result Event Stores,false,false,false,false,,,false,false,false,false,,false,false,false,false,,,false,false,false,false,false,,true,false,false,false,,false,,,,
Bundle_Item__c,true,a6n,Bundle Item,Bundle Items,true,true,true,false,,,true,true,false,false,,false,false,false,true,,,false,false,true,false,false,,true,true,true,true,true,true,,,true,
Bundle_Item__OwnerSharingRule,,,Owner Rule: Bundle Item,Owner Rule: Bundle Item,true,true,true,false,OwnerSharingRule,Bundle_Item__c,false,false,false,false,,false,false,false,true,,,false,false,false,false,false,,true,true,true,false,,false,,,,
BundledCareFeeAgreement,true,0s2,Bundled Care Fee Agreement,Bundled Care Fee Agreements,true,true,true,false,,,true,false,false,false,,false,false,false,true,,,false,false,true,false,true,,true,true,true,true,true,true,,,true,
BusinessAlert,true,10w,Business Alert,Business Alerts,true,true,true,false,,,true,false,false,false,,false,false,false,true,,,false,false,true,false,true,,true,true,true,false,true,true,,,,
BusinessAlertOwnerSharingRule,,,Business Alert Owner Rule,Business Alert Owner Rule,true,true,true,false,OwnerSharingRule,BusinessAlert,false,false,false,false,,false,false,false,true,,,false,false,false,false,false,,true,true,true,false,,false,,,,
BusinessAlertStatus,true,11D,Business Alert Status,Business Alert Statuses,true,true,true,false,,,true,false,false,false,,false,false,false,true,,,false,false,true,false,false,,true,true,true,false,true,true,,,,
BusinessBrand,true,1BU,Business Brand,Business Brands,true,true,true,false,,,true,false,false,false,,false,false,false,true,,,false,false,true,false,true,,true,true,true,true,true,true,,,true,
BusinessBrandOwnerSharingRule,,,Business Brand Owner Rule,Business Brand Owner Rule,true,true,true,false,OwnerSharingRule,BusinessBrand,false,false,false,false,,false,false,false,true,,,false,false,false,false,false,,true,true,true,false,,false,,,,
BusinessHours,,01m,Business Hours,Business Hours,true,true,false,false,,,true,false,false,false,,false,false,false,true,,,false,false,true,false,true,,true,true,true,true,,false,,,,
BusinessLicense,true,0cE,Business License,Business Licenses,true,true,true,false,,,true,false,false,false,,false,false,false,true,,,false,false,true,false,true,,true,true,true,true,true,true,,,true,
BusinessLicenseOwnerSharingRule,,,Business License Owner Rule,Business License Owner Rule,true,true,true,false,OwnerSharingRule,BusinessLicense,false,false,false,false,,false,false,false,true,,,false,false,false,false,false,,true,true,true,false,,false,,,,
BusinessMilestone,true,0do,Business Milestone,Business Milestones,true,true,true,false,,,true,false,false,false,,false,false,false,true,,,false,false,true,false,true,,true,true,true,true,true,true,,,true,
BusinessMilestoneOwnerSharingRule,,,Business Milestone Owner Rule,Business Milestone Owner Rule,true,true,true,false,OwnerSharingRule,BusinessMilestone,false,false,false,false,,false,false,false,true,,,false,false,false,false,false,,true,true,true,false,,false,,,,
BusinessProcess,,019,Business Process,Business Process,true,true,false,false,,,false,false,false,false,,false,false,false,true,,,false,false,false,false,false,,true,true,true,false,,false,,,,
BusinessProcessDefinition,,0MH,Business Process Definition,Business Process Definitions,false,false,false,false,,,false,false,false,false,,false,false,false,true,,,false,false,false,false,false,,true,false,true,false,,false,,,,
BusinessProcessFeedback,,0X7,Business Process Feedback,Business Process Feedbacks,false,false,false,false,,,false,false,false,false,,false,false,false,true,,,false,false,false,false,false,,true,false,true,false,,false,,,,
BusinessProcessGroup,,0Y3,Business Process Group,Business Process Groups,false,false,false,false,,,false,false,false,false,,false,false,false,true,,,false,false,false,false,false,,true,false,true,false,,false,,,,
BusinessProcessTypeDef,,0tW,Business Process Type Definition,Business Process Type Definitions,true,true,true,false,,,false,false,false,false,,false,false,false,true,,,false,false,false,false,false,,true,false,true,false,,false,,,,
BusinessProfile,true,0eQ,Business Profile,Business Profiles,true,true,true,false,,,true,false,false,false,,false,false,false,true,,,false,false,true,false,true,,true,true,true,true,true,true,,,true,
BusProcessFeedbackConfig,,0Gc,Business Process Feedback Configuration,Business Process Feedback Configurations,false,false,false,false,,,false,false,false,false,,false,false,false,true,,,false,false,false,false,false,,true,false,true,false,,false,,,,
BuyerAccount,true,0bj,Buyer Account,Buyer Accounts,true,true,true,false,,,true,false,false,false,,false,false,false,true,,,false,false,true,false,false,,true,true,true,false,true,true,,,,
BuyerAccountOwnerSharingRule,,,Buyer Account Owner Rule,Buyer Account Owner Rule,true,true,true,false,OwnerSharingRule,BuyerAccount,false,false,false,false,,false,false,false,true,,,false,false,false,false,false,,true,true,true,false,,false,,,,
BuyerCriteria,true,1bc,Buyer Criteria,Buyer Criteria,true,true,true,false,,,true,false,false,false,,false,false,false,true,,,false,false,true,false,true,,true,true,true,false,true,true,,,,
BuyerCriteriaOwnerSharingRule,,,Buyer Criteria Owner Rule,Buyer Criteria Owner Rule,true,true,true,false,OwnerSharingRule,BuyerCriteria,false,false,false,false,,false,false,false,true,,,false,false,false,false,false,,true,true,true,false,,false,,,,
BuyerGroup,true,0ZI,Buyer Group,Buyer Groups,true,true,true,false,,,true,false,false,false,,false,false,false,true,,,false,false,true,false,true,,true,true,true,true,true,true,,,true,
BuyerGroupBuyerCriteria,true,2rM,Buyer Group Buyer Criteria,Buyer Group Buyer Criteria,true,true,true,false,,,true,false,false,false,,false,false,false,true,,,false,false,true,false,false,,true,true,true,false,true,true,,,,
BuyerGroupMember,true,0ZJ,Buyer Group Member,Buyer Group Members,true,true,true,false,,,true,false,false,false,,false,false,false,true,,,false,false,true,false,false,,true,true,true,false,true,true,,,,
BuyerGroupMemberOwnerSharingRule,,,Buyer Group Member Owner Rule,Buyer Group Member Owner Rule,true,true,true,false,OwnerSharingRule,BuyerGroupMember,false,false,false,false,,false,false,false,true,,,false,false,false,false,false,,true,true,true,false,,false,,,,
BuyerGroupOwnerSharingRule,,,Buyer Group Owner Rule,Buyer Group Owner Rule,true,true,true,false,OwnerSharingRule,BuyerGroup,false,false,false,false,,false,false,false,true,,,false,false,false,false,false,,true,true,true,false,,false,,,,
BuyerGroupPricebook,true,0Zl,Buyer Group Price Book,Buyer Group Price Books,true,true,true,false,,,true,false,false,false,,false,false,false,true,,,false,false,true,false,true,,true,true,true,true,true,true,,,true,
BuyerGroupRelatedObject,true,11d,Buyer Group Related Object,Buyer Group Related Objects,true,true,true,false,,,true,false,false,false,,false,false,false,true,,,false,false,true,false,true,,true,true,true,true,true,true,,,true,
CalcInsightStatusEvent,,1e3,Calculated Insight Status Event,Calculated Insight Status Events,false,false,false,false,,,false,false,false,false,,false,false,false,false,,,false,false,false,false,false,,false,false,false,false,true,false,,,,
CalcMatrixColumnRange,true,9QX,Decision Matrix Column Range,Decision Matrix Column Ranges,true,true,true,false,,,true,false,false,false,,false,false,false,true,,,false,false,true,false,false,,true,true,true,false,,true,,,,
CalcProcStepRelationship,true,06Z,Expression Set Step Relationship,Expression Set Step Relationships,true,true,true,false,,,true,false,false,false,,false,false,false,true,,,false,false,true,false,false,,true,true,true,false,,true,,,,
CalculatedInsightRangeBound,true,157,Calculated Insight Range Bound,Calculated Insight Range Bounds,true,true,true,false,,,true,false,false,false,,false,false,false,true,,,false,false,true,false,true,,true,true,true,false,true,true,,,,
CalculatedInsightRangeBoundOwnerSharingRule,,,Calculated Insight Range Bound Owner Rule,Calculated Insight Range Bound Owner Rule,true,true,true,false,OwnerSharingRule,CalculatedInsightRangeBound,false,false,false,false,,false,false,false,true,,,false,false,false,false,false,,true,true,true,false,,false,,,,
CalculationMatrix,true,0lI,Decision Matrix,Decision Matrices,true,true,true,false,,,true,false,false,false,,false,false,false,true,,,false,false,true,false,true,,true,true,true,true,,true,,,true,
CalculationMatrixColumn,true,0lJ,Decision Matrix Column,Decision Matrix Columns,true,true,true,false,,,true,false,false,false,,false,false,false,true,,,false,false,true,false,false,,true,true,true,false,,true,,,,
CalculationMatrixOwnerSharingRule,,,Decision Matrix Owner Rule,Decision Matrix Owner Rule,true,true,true,false,OwnerSharingRule,CalculationMatrix,false,false,false,false,,false,false,false,true,,,false,false,false,false,false,,true,true,true,false,,false,,,,
CalculationMatrixRow,true,9mt,Decision Matrix Row,Decision Matrix Rows,true,true,true,false,,,true,false,false,false,,false,false,false,true,,,false,false,true,false,false,,true,true,true,true,,true,,,true,
CalculationMatrixVersion,true,0lN,Decision Matrix Version,Decision Matrix Versions,true,true,true,false,,,true,false,false,false,,false,false,false,true,,,false,false,true,false,false,,true,true,true,false,,true,,,,
CalculationProcedure,true,0k0,Calculation Procedure,Calculation Procedures,true,true,true,false,,,true,false,false,false,,false,false,false,true,,,false,false,true,false,true,,true,true,true,true,,true,,,true,
CalculationProcedureOwnerSharingRule,,,Calculation Procedure Owner Rule,Calculation Procedure Owner Rule,true,true,true,false,OwnerSharingRule,CalculationProcedure,false,false,false,false,,false,false,false,true,,,false,false,false,false,false,,true,true,true,false,,false,,,,
CalculationProcedureStep,true,0mq,Calculation Procedure Step,Calculation Procedure Steps,true,true,true,false,,,true,false,false,false,,false,false,false,true,,,false,false,true,false,false,,true,true,true,false,,true,,,,
CalculationProcedureVariable,true,0kJ,Calculation Procedure Variable,Calculation Procedure Variables,true,true,true,false,,,true,false,false,false,,false,false,false,true,,,false,false,true,false,false,,true,true,true,false,,true,,,,
CalculationProcedureVersion,true,0k1,Calculation Procedure Version,Calculation Procedure Versions,true,true,true,false,,,true,false,false,false,,false,false,false,true,,,false,false,true,false,false,,true,true,true,false,,true,,,,
Calendar,,023,Calendar,Calendars,true,true,true,false,,,false,false,false,false,,false,false,false,true,,,false,false,false,false,false,,true,false,true,true,,false,,,,
CalendarView,,03A,Calendar,Calendars,true,true,true,false,,,false,false,false,false,,false,false,false,true,,,false,false,false,false,false,,true,true,true,false,,true,,,,
CalendarViewOwnerSharingRule,,,Calendar Owner Rule,Calendar Owner Rule,true,true,true,false,OwnerSharingRule,CalendarView,false,false,false,false,,false,false,false,true,,,false,false,false,false,false,,true,true,true,false,,false,,,,
CallCenter,,04v,Call Center,Call Centers,true,false,false,false,,,false,false,false,false,,false,false,false,true,,,false,false,false,false,false,,true,true,true,false,,false,,,,
CallCenterRoutingMap,,35A,Call Center Routing Map,Call Center Routing Maps,true,true,true,false,,,false,false,false,false,,false,false,false,true,,,false,false,false,false,false,,true,false,true,false,,false,,,,
CallCoachConfigModifyEvent,,0hy,Call Coaching Configuration Modified Event,Call Coaching Configuration Modified Events,true,false,false,false,,,false,false,false,false,,false,false,false,false,,,false,false,false,false,false,,false,false,false,false,true,false,,,,
CallCoachingMediaProvider,,0hn,CallCoachingMediaProvider,CallCoachingMediaProviders,true,true,false,false,,,false,false,false,false,,false,false,false,true,,,false,false,false,false,false,,true,false,true,false,,false,,,,
CallDisposition,,0dN,CallDisposition,CallDispositions,false,false,false,false,,,false,false,false,false,,false,false,false,true,,,false,false,false,false,false,,true,false,true,false,,false,,,,
CallDispositionCategory,,0dO,CallDispositionCategory,CallDispositionCategories,false,false,false,false,,,false,false,false,false,,false,false,false,true,,,false,false,false,false,false,,true,false,true,false,,false,,,,
CallRecordingGeoRestriction,,0mp,CallRecordingGeoRestriction,CallRecordingGeoRestrictions,false,false,false,false,,,false,false,false,false,,false,false,false,true,,,false,false,false,false,false,,true,false,true,false,,false,,,,
CallScriptMonthlyMetric,,0hC,Call Script Monthly Metric,Call Script Monthly Metrics,false,false,false,false,,,false,false,false,false,,false,false,false,true,,,false,false,false,false,false,,true,true,true,false,,false,,,,
CallTemplate,,0Wu,Call Script,Call Scripts,true,true,true,false,,,true,false,false,false,,false,false,false,true,,,false,false,true,false,true,,true,true,true,false,,true,,,,
CallTemplateOwnerSharingRule,,,Call Script Owner Rule,Call Script Owner Rule,true,true,true,false,OwnerSharingRule,CallTemplate,false,false,false,false,,false,false,false,true,,,false,false,false,false,false,,true,true,true,false,,false,,,,
Campaign,true,701,Campaign,Campaigns,true,true,true,false,,,true,false,false,true,,false,false,false,true,,,false,false,true,false,true,,true,true,true,true,true,true,,,true,
CampaignInfluence,true,0KK,Campaign Influence,Campaign Influence,true,true,true,false,,,true,false,false,false,,false,false,false,true,,,false,false,true,false,false,,true,true,true,false,true,false,,,,
CampaignInfluenceModel,,03V,Campaign Influence Model,Campaign Influence Models,false,false,false,false,,,false,false,false,false,,false,false,false,true,,,false,false,false,false,false,,true,false,true,false,,false,,,,
CampaignInsight,,0V0,Einstein Campaign Insight,Einstein Campaign Insights,true,true,true,false,,,true,false,false,false,,false,false,false,true,,,false,false,true,false,true,,true,true,true,false,,true,,,,
CampaignInsightRationale,,0Vm,Einstein Campaign Insight Rationale,Einstein Campaign Insight Rationales,true,true,true,false,,,false,false,false,false,,false,false,false,true,,,false,false,false,false,false,,true,true,true,false,,true,,,,
CampaignMember,true,00v,Campaign Member,Campaign Members,true,true,true,false,,,true,false,false,false,,false,false,false,true,,,false,false,true,false,false,,true,true,true,false,true,false,,,,
CampaignMemberStatus,,01Y,Campaign Member Status,Campaign Member Statuses,true,true,true,false,,,true,false,false,false,,false,false,false,true,,,false,false,true,false,false,,true,true,true,false,,false,,,,
CampaignOwnerSharingRule,,08d,Campaign Owner Rule,Campaign Owner Rule,true,true,true,false,OwnerSharingRule,Campaign,false,false,false,false,,false,false,false,true,,,false,false,false,false,false,,true,true,true,false,,false,,,,
CandidateAnswer,,0QA,Candidate Answer,Candidate Answers,true,true,true,false,,,false,false,false,false,,false,false,false,true,,,false,false,false,false,false,NetworkId,true,true,true,false,,true,,,,
CapitationCareFeeAgreement,true,0rM,Capitation Care Fee Agreement,Capitation Care Fee Agreements,true,true,true,false,,,true,false,false,false,,false,false,false,true,,,false,false,true,false,true,,true,true,true,true,true,true,,,true,
CardPaymentMethod,true,03O,Card Payment Method,Card Payment Methods,true,true,true,false,,,true,false,false,false,,false,false,false,true,,PaymentMethod,false,false,true,false,true,,true,true,true,false,,true,,,,
CareBarrier,true,0Vo,Care Barrier,Care Barriers,false,false,false,false,,,true,false,false,false,,false,false,false,true,,,false,false,true,false,true,,true,true,true,true,true,false,,,true,
CareBarrierDeterminant,true,0Zb,Care Barrier Determinant,Care Barrier Determinants,false,false,false,false,,,true,false,false,false,,false,false,false,true,,,false,false,true,false,true,,true,true,true,true,true,false,,,true,
CareBarrierDeterminantOwnerSharingRule,,,Care Barrier Determinant Owner Rule,Care Barrier Determinant Owner Rule,true,true,true,false,OwnerSharingRule,CareBarrierDeterminant,false,false,false,false,,false,false,false,true,,,false,false,false,false,false,,true,true,true,false,,false,,,,
CareBarrierOwnerSharingRule,,,Care Barrier Owner Rule,Care Barrier Owner Rule,true,true,true,false,OwnerSharingRule,CareBarrier,false,false,false,false,,false,false,false,true,,,false,false,false,false,false,,true,true,true,false,,false,,,,
CareBarrierType,true,0Vs,Care Barrier Type,Care Barrier Types,false,false,false,false,,,true,false,false,false,,false,false,false,true,,,false,false,true,false,true,,true,true,true,true,true,false,,,true,
CareBarrierTypeOwnerSharingRule,,,Care Barrier Type Owner Rule,Care Barrier Type Owner Rule,true,true,true,false,OwnerSharingRule,CareBarrierType,false,false,false,false,,false,false,false,true,,,false,false,false,false,false,,true,true,true,false,,false,,,,
CareBenefitVerifyRequest,true,0n2,Care Benefit Verify Request,Care Benefit Verify Requests,false,false,false,false,,,true,false,false,false,,false,false,false,true,,,false,false,true,false,true,,true,true,true,true,true,false,,,true,
CareBenefitVerifySettings,,0n5,Care Benefit Verification Settings,Care Benefit Verification Settings,true,true,true,false,,,false,false,false,false,,false,false,false,true,,,false,false,false,false,false,,true,false,true,false,,false,,,,
CareDeterminant,true,8GR,Care Determinant,Care Determinants,false,false,false,false,,,true,false,false,false,,false,false,false,true,,,false,false,true,false,true,,true,true,true,true,true,false,,,true,
CareDeterminantOwnerSharingRule,,,Care Determinant Owner Rule,Care Determinant Owner Rule,true,true,true,false,OwnerSharingRule,CareDeterminant,false,false,false,false,,false,false,false,true,,,false,false,false,false,false,,true,true,true,false,,false,,,,
CareDeterminantType,true,0YO,Care Determinant Type,Care Determinant Types,false,false,false,false,,,true,false,false,false,,false,false,false,true,,,false,false,true,false,true,,true,true,true,true,true,false,,,true,
CareDeterminantTypeOwnerSharingRule,,,Care Determinant Type Owner Rule,Care Determinant Type Owner Rule,true,true,true,false,OwnerSharingRule,CareDeterminantType,false,false,false,false,,false,false,false,true,,,false,false,false,false,false,,true,true,true,false,,false,,,,
CareDiagnosis,true,0VC,Care Diagnosis,Care Diagnoses,false,false,false,false,,,true,false,false,false,,false,false,false,true,,,false,false,true,false,true,,true,true,true,true,true,false,,,true,
CareFeeScheduleItem,true,0rQ,Care Fee Schedule Item,Care Fee Schedule Items,true,true,true,false,,,true,false,false,false,,false,false,false,true,,,false,false,true,false,true,,true,true,true,true,true,true,,,true,
CareInterventionType,true,0YM,Care Intervention Type,Care Intervention Types,false,false,false,false,,,true,false,false,false,,false,false,false,true,,,false,false,true,false,true,,true,true,true,true,true,false,,,true,
CareInterventionTypeOwnerSharingRule,,,Care Intervention Type Owner Rule,Care Intervention Type Owner Rule,true,true,true,false,OwnerSharingRule,CareInterventionType,false,false,false,false,,false,false,false,true,,,false,false,false,false,false,,true,true,true,false,,false,,,,
CareLimitType,,0mb,Care Limit Type,Care Limit Types,true,true,true,false,,,false,false,false,false,,false,false,false,true,,,false,false,false,false,false,,true,false,true,false,,false,,,,
CareMetricTarget,true,0hL,Care Metric Target,Care Metric Targets,false,false,false,false,,,true,false,false,false,,false,false,false,true,,,false,false,true,false,true,,true,true,true,true,true,false,,,true,
CareMetricTargetOwnerSharingRule,,,Care Metric Target Owner Rule,Care Metric Target Owner Rule,true,true,true,false,OwnerSharingRule,CareMetricTarget,false,false,false,false,,false,false,false,true,,,false,false,false,false,false,,true,true,true,false,,false,,,,
CareObservation,true,0hI,Care Observation,Care Observations,false,false,false,false,,,true,false,false,false,,false,false,false,true,,,false,false,true,false,true,,true,true,true,true,true,false,,,true,
CareObservationComponent,true,0jg,Care Observation Component,Care Observation Components,false,false,false,false,,,true,false,false,false,,false,false,false,true,,,false,false,true,false,true,,true,true,true,true,true,false,,,true,
CareObservationOwnerSharingRule,,,Care Observation Owner Rule,Care Observation Owner Rule,true,true,true,false,OwnerSharingRule,CareObservation,false,false,false,false,,false,false,false,true,,,false,false,false,false,false,,true,true,true,false,,false,,,,
CarePerformer,true,0ig,Care Performer,Care Performers,false,false,false,false,,,true,false,false,false,,false,false,false,true,,,false,false,true,false,true,,true,true,true,true,true,false,,,true,
CarePgmProvHealthcareProvider,true,0h7,Care Program Healthcare Provider,Care Program Healthcare Providers,false,false,false,false,,,true,false,false,false,,false,false,false,true,,,false,false,true,false,true,,true,true,true,true,true,false,,,true,
CarePlan,true,,,,,,,,,,,,,,,,,,,,,,,,,,,,,,,,,,,,
CarePlanActivity,true,0xb,Care Plan Activity,Care Plan Activities,true,true,true,false,,,true,false,false,false,,false,false,false,true,,,false,false,true,false,true,,true,true,true,true,true,true,,,true,
CarePlanActivityDetail,true,0yR,Care Plan Activity Detail,Care Plan Activity Details,false,false,false,false,,,true,false,false,false,,false,false,false,true,,,false,false,true,false,true,,true,true,true,true,true,false,,,true,
CarePlanActivityDetailOwnerSharingRule,,,Care Plan Activity Detail Owner Rule,Care Plan Activity Detail Owner Rule,true,true,true,false,OwnerSharingRule,CarePlanActivityDetail,false,false,false,false,,false,false,false,true,,,false,false,false,false,false,,true,true,true,false,,false,,,,
CarePlanActivityOwnerSharingRule,,,Care Plan Activity Owner Rule,Care Plan Activity Owner Rule,true,true,true,false,OwnerSharingRule,CarePlanActivity,false,false,false,false,,false,false,false,true,,,false,false,false,false,false,,true,true,true,false,,false,,,,
CarePlanDetail,true,6sg,Care Plan Detail,Care Plan Details,false,false,false,false,,,true,false,false,false,,false,false,false,true,,,false,false,true,false,true,,true,true,true,true,true,false,,,true,
CarePlanDetailOwnerSharingRule,,,Care Plan Detail Owner Rule,Care Plan Detail Owner Rule,true,true,true,false,OwnerSharingRule,CarePlanDetail,false,false,false,false,,false,false,false,true,,,false,false,false,false,false,,true,true,true,false,,false,,,,
CarePreauth,true,0Td,Care Preauth,Care Preauths,false,false,false,false,,,true,false,false,false,,false,false,false,true,,,false,false,true,false,true,,true,true,true,true,true,false,,,true,
CarePreauthItem,true,0Tg,Care Preauth Item,Care Preauth Items,false,false,false,false,,,true,false,false,false,,false,false,false,true,,,false,false,true,false,true,,true,true,true,true,true,false,,,true,
CarePreauthItemOwnerSharingRule,,,Care Preauth Item Owner Rule,Care Preauth Item Owner Rule,true,true,true,false,OwnerSharingRule,CarePreauthItem,false,false,false,false,,false,false,false,true,,,false,false,false,false,false,,true,true,true,false,,false,,,,
CarePreauthOwnerSharingRule,,,Care Preauth Owner Rule,Care Preauth Owner Rule,true,true,true,false,OwnerSharingRule,CarePreauth,false,false,false,false,,false,false,false,true,,,false,false,false,false,false,,true,true,true,false,,false,,,,
CareProcessingError,true,13H,Care Processing Error,Care Processing Errors,false,false,false,false,,,true,false,false,false,,false,false,false,true,,,false,false,true,false,true,,true,true,true,true,true,false,,,true,
CareProcessingErrorOwnerSharingRule,,,Care Processing Error Owner Rule,Care Processing Error Owner Rule,true,true,true,false,OwnerSharingRule,CareProcessingError,false,false,false,false,,false,false,false,true,,,false,false,false,false,false,,true,true,true,false,,false,,,,
CareProgram,true,0Ze,Care Program,Care Programs,false,false,false,false,,,true,false,false,false,,false,false,false,true,,,false,false,true,false,true,,true,true,true,true,true,false,,,true,
CareProgramCampaign,true,0Zs,Care Program Campaign,Care Program Campaigns,false,false,false,false,,,true,false,false,false,,false,false,false,true,,,false,false,true,false,true,,true,true,true,true,true,false,,,true,
CareProgramDetail,true,7tu,Care Program Detail,Care Program Details,false,false,false,false,,,true,false,false,false,,false,false,false,true,,,false,false,true,false,true,,true,true,true,true,true,false,,,true,
CareProgramEligibilityRule,true,0bk,Care Program Eligibility Rule,Care Program Eligibility Rules,false,false,false,false,,,true,false,false,false,,false,false,false,true,,,false,false,true,false,true,,true,true,true,true,true,false,,,true,
CareProgramEligibilityRuleOwnerSharingRule,,,Care Program Eligibility Rule Owner Rule,Care Program Eligibility Rule Owner Rule,true,true,true,false,OwnerSharingRule,CareProgramEligibilityRule,false,false,false,false,,false,false,false,true,,,false,false,false,false,false,,true,true,true,false,,false,,,,
CareProgramEnrollee,true,0Ww,Care Program Enrollee,Care Program Enrollees,false,false,false,false,,,true,false,false,false,,false,false,false,true,,,false,false,true,false,true,,true,true,true,true,true,false,,,true,
CareProgramEnrolleeOwnerSharingRule,,,Care Program Enrollee Owner Rule,Care Program Enrollee Owner Rule,true,true,true,false,OwnerSharingRule,CareProgramEnrollee,false,false,false,false,,false,false,false,true,,,false,false,false,false,false,,true,true,true,false,,false,,,,
CareProgramEnrolleeProduct,true,0be,Care Program Enrollee Product,Care Program Enrollee Products,false,false,false,false,,,true,false,false,false,,false,false,false,true,,,false,false,true,false,true,,true,true,true,true,true,false,,,true,
CareProgramEnrolleeProductOwnerSharingRule,,,Care Program Enrollee Product Owner Rule,Care Program Enrollee Product Owner Rule,true,true,true,false,OwnerSharingRule,CareProgramEnrolleeProduct,false,false,false,false,,false,false,false,true,,,false,false,false,false,false,,true,true,true,false,,false,,,,
CareProgramEnrollmentCard,true,0bg,Care Program Enrollment Card,Care Program Enrollment Cards,false,false,false,false,,,true,false,false,false,,false,false,false,true,,,false,false,true,false,true,,true,true,true,true,true,false,,,true,
CareProgramEnrollmentCardOwnerSharingRule,,,Care Program Enrollment Card Owner Rule,Care Program Enrollment Card Owner Rule,true,true,true,false,OwnerSharingRule,CareProgramEnrollmentCard,false,false,false,false,,false,false,false,true,,,false,false,false,false,false,,true,true,true,false,,false,,,,
CareProgramGoal,true,0bn,Care Program Goal,Care Program Goals,false,false,false,false,,,true,false,false,false,,false,false,false,true,,,false,false,true,false,true,,true,true,true,true,true,false,,,true,
CareProgramGoalOwnerSharingRule,,,Care Program Goal Owner Rule,Care Program Goal Owner Rule,true,true,true,false,OwnerSharingRule,CareProgramGoal,false,false,false,false,,false,false,false,true,,,false,false,false,false,false,,true,true,true,false,,false,,,,
CareProgramOwnerSharingRule,,,Care Program Owner Rule,Care Program Owner Rule,true,true,true,false,OwnerSharingRule,CareProgram,false,false,false,false,,false,false,false,true,,,false,false,false,false,false,,true,true,true,false,,false,,,,
CareProgramProduct,true,0bd,Care Program Product,Care Program Products,false,false,false,false,,,true,false,false,false,,false,false,false,true,,,false,false,true,false,true,,true,true,true,true,true,false,,,true,
CareProgramProductOwnerSharingRule,,,Care Program Product Owner Rule,Care Program Product Owner Rule,true,true,true,false,OwnerSharingRule,CareProgramProduct,false,false,false,false,,false,false,false,true,,,false,false,false,false,false,,true,true,true,false,,false,,,,
CareProgramProvider,true,0bo,Care Program Provider,Care Program Providers,false,false,false,false,,,true,false,false,false,,false,false,false,true,,,false,false,true,false,true,,true,true,true,true,true,false,,,true,
CareProgramProviderOwnerSharingRule,,,Care Program Provider Owner Rule,Care Program Provider Owner Rule,true,true,true,false,OwnerSharingRule,CareProgramProvider,false,false,false,false,,false,false,false,true,,,false,false,false,false,false,,true,true,true,false,,false,,,,
CareProgramTeamMember,true,0Zr,Care Program Team Member,Care Program Team Members,false,false,false,false,,,true,false,false,false,,false,false,false,true,,,false,false,true,false,true,,true,true,true,true,true,false,,,true,
CareProviderAdverseAction,true,0et,Care Provider Adverse Action,Care Provider Adverse Actions,false,false,false,false,,,true,false,false,false,,false,false,false,true,,,false,false,true,false,true,,true,true,true,true,true,false,,,true,
CareProviderAdverseActionOwnerSharingRule,,,Care Provider Adverse Action Owner Rule,Care Provider Adverse Action Owner Rule,true,true,true,false,OwnerSharingRule,CareProviderAdverseAction,false,false,false,false,,false,false,false,true,,,false,false,false,false,false,,true,true,true,false,,false,,,,
CareProviderAfflRoleConfig,,151,Care Provider Affiliation Role Config,Care Provider Affiliation Role Configs,true,true,true,false,,,false,false,false,false,,false,false,false,true,,,false,false,false,false,false,,true,false,true,false,,false,,,,
CareProviderFacilitySpecialty,true,0bX,Care Provider Facility Specialty,Care Provider Facility Specialties,false,false,false,false,,,true,false,false,false,,false,false,false,true,,,false,false,true,false,true,,true,true,true,true,true,false,,,true,
CareProviderFacilitySpecialtyOwnerSharingRule,,,Care Provider Facility Specialty Owner Rule,Care Provider Facility Specialty Owner Rule,true,true,true,false,OwnerSharingRule,CareProviderFacilitySpecialty,false,false,false,false,,false,false,false,true,,,false,false,false,false,false,,true,true,true,false,,false,,,,
CareProviderSearchableField,true,0d0,Care Provider Searchable Field,Care Provider Searchable Field,false,false,true,false,,,true,false,false,false,,false,false,false,true,,,false,false,true,false,true,,true,true,true,true,,true,,,true,
CareProviderSearchableFieldOwnerSharingRule,,,Care Provider Searchable Field Owner Rule,Care Provider Searchable Field Owner Rule,true,true,true,false,OwnerSharingRule,CareProviderSearchableField,false,false,false,false,,false,false,false,true,,,false,false,false,false,false,,true,true,true,false,,false,,,,
CareProviderSearchConfig,,0ex,Care Provider Search Config,Care Provider Search Configs,true,true,true,false,,,false,false,false,false,,false,false,false,true,,,false,false,false,false,false,,true,false,true,false,,false,,,,
CareRegisteredDevice,true,0hB,Care Registered Device,Care Registered Devices,false,false,false,false,,,true,false,false,false,,false,false,false,true,,,false,false,true,false,true,,true,true,true,true,true,false,,,true,
CareRequest,true,0Um,Care Request,Care Requests,false,false,false,false,,,true,false,false,false,,false,false,false,true,,,false,false,true,false,true,,true,true,true,true,true,false,,,true,
CareRequestConfiguration,,0Us,Care Request Configuration,Care Request Configurations,true,true,true,false,,,false,false,false,false,,false,false,false,true,,,false,false,false,false,false,,true,false,true,false,,false,,,,
CareRequestDrug,true,0VD,Care Request Drug,Care Request Drugs,false,false,false,false,,,true,false,false,false,,false,false,false,true,,,false,false,true,false,true,,true,true,true,true,true,false,,,true,
CareRequestExchangeInfo,true,1NT,Care Request Exchange Information,Care Request Exchange Informations,true,true,false,false,,,true,false,false,false,,false,false,false,true,,,false,false,true,false,true,,true,true,true,true,true,false,,,true,
CareRequestExtension,true,0br,Care Request Extension,Care Request Extensions,false,false,false,false,,,true,false,false,false,,false,false,false,true,,,false,false,true,false,true,,true,true,true,true,true,false,,,true,
CareRequestItem,true,0VK,Care Request Item,Care Request Items,false,false,false,false,,,true,false,false,false,,false,false,false,true,,,false,false,true,false,true,,true,true,true,true,true,false,,,true,
CareRequestReviewer,true,06H,Care Request Reviewer,Care Request Reviewers,false,false,false,false,,,true,false,false,false,,false,false,false,true,,,false,false,true,false,true,,true,true,true,true,true,false,,,true,
CareRequestSupportingCntnt,true,18H,Care Request Supporting Content,Care Request Supporting Contents,false,false,false,false,,,true,false,false,false,,false,false,false,true,,,false,false,true,false,true,,true,true,true,true,true,false,,,true,
CareService,true,13x,Care Service,Care Services,false,false,false,false,,,true,false,false,false,,false,false,false,true,,,false,false,true,false,true,,true,true,true,true,true,false,,,true,
CareServiceOwnerSharingRule,,,Care Service Owner Rule,Care Service Owner Rule,true,true,true,false,OwnerSharingRule,CareService,false,false,false,false,,false,false,false,true,,,false,false,false,false,false,,true,true,true,false,,false,,,,
CareSpecialty,true,0bc,Care Specialty,Care Specialties,false,false,false,false,,,true,false,false,false,,false,false,false,true,,,false,false,true,false,true,,true,true,true,true,true,false,,,true,
CareSpecialtyOwnerSharingRule,,,Care Specialty Owner Rule,Care Specialty Owner Rule,true,true,true,false,OwnerSharingRule,CareSpecialty,false,false,false,false,,false,false,false,true,,,false,false,false,false,false,,true,true,true,false,,false,,,,
CareSpecialtyTaxonomy,true,0kB,Care Specialty Taxonomy,Care Specialty Taxonomies,false,false,false,false,,,true,false,false,false,,false,false,false,true,,,false,false,true,false,true,,true,true,true,true,true,false,,,true,
CareTask,true,21f,Care Task,Care Tasks,true,true,true,false,,,true,false,false,false,,false,false,false,true,,,false,false,true,false,true,,true,true,true,true,true,true,,,true,
CareTaskDetail,true,25f,Care Task Detail,Care Task Details,true,true,true,false,,,true,false,false,false,,false,false,false,true,,,false,false,true,false,true,,true,true,true,true,true,true,,,true,
CareTaskOwnerSharingRule,,,Care Task Owner Rule,Care Task Owner Rule,true,true,true,false,OwnerSharingRule,CareTask,false,false,false,false,,false,false,false,true,,,false,false,false,false,false,,true,true,true,false,,false,,,,
CareTaxonomy,true,0bK,Care Taxonomy,Care Taxonomies,false,false,false,false,,,true,false,false,false,,false,false,false,true,,,false,false,true,false,true,,true,true,true,true,true,false,,,true,
CareTaxonomyOwnerSharingRule,,,Care Taxonomy Owner Rule,Care Taxonomy Owner Rule,true,true,true,false,OwnerSharingRule,CareTaxonomy,false,false,false,false,,false,false,false,true,,,false,false,false,false,false,,true,true,true,false,,false,,,,
CartCheckoutSession,true,2z9,Cart Checkout Session,Cart Checkout Sessions,true,true,true,false,,,false,false,false,false,,false,false,false,true,,,false,false,false,false,false,,true,true,true,false,true,true,,,,
CartDeliveryGroup,true,0a7,Cart Delivery Group,Cart Delivery Groups,true,true,true,false,,,true,false,false,false,,false,false,false,true,,,false,false,true,false,false,,true,true,true,false,true,true,,,,
CartDeliveryGroupMethod,true,7cd,Cart Delivery Group Method,Cart Delivery Group Methods,true,true,true,false,,,true,false,false,false,,false,false,false,true,,,false,false,true,false,false,,true,true,true,false,true,true,,,,
CartDeliveryGroupMethodAdj,true,17W,Cart Delivery Group Method Adjustment,Cart Delivery Group Method Adjustments,true,true,true,false,,,true,false,false,false,,false,false,false,true,,,false,false,true,false,false,,true,true,true,false,true,true,,,,
CartItem,true,0a9,Cart Item,Cart Items,true,true,true,false,,,true,false,false,false,,false,false,false,true,,,false,false,true,false,false,,true,true,true,false,true,true,,,,
CartItemPriceAdjustment,true,0U1,Cart Item Price Adjustment,Cart Item Price Adjustments,true,true,true,false,,,true,false,false,false,,false,false,false,true,,,false,false,true,false,false,,true,true,true,false,true,true,,,,
CartRelatedItem,true,0aA,Cart Related Item,Cart Related Items,true,true,true,false,,,false,false,false,false,,false,false,false,true,,,false,false,false,false,false,,true,true,true,false,true,true,,,,
CartTax,true,0gT,Cart Tax,Cart Taxes,true,true,true,false,,,true,false,false,false,,false,false,false,true,,,false,false,true,false,false,,true,true,true,false,true,true,,,,
CartValidationOutput,true,0dP,Cart Validation Output,Cart Validation Outputs,true,true,true,false,,,true,false,false,false,,false,false,false,true,,,false,false,true,false,false,,true,true,true,false,true,true,,,,
Case,true,500,Case,Cases,true,true,true,false,,,true,false,false,false,,false,true,false,true,,,false,false,true,true,true,,true,true,true,true,true,true,,,true,
CaseArticle,,0gv,Case Article,Case Article,true,false,true,false,,,false,false,false,false,,false,false,false,true,,,false,false,false,false,false,,true,false,true,false,,false,,,,
CaseArticle__c,true,a7v,CaseArticle__c,CaseArticle__c,true,true,true,false,,,true,true,false,false,,false,false,false,true,,,false,false,true,false,false,,true,true,true,false,true,true,,,,
CaseArticle__OwnerSharingRule,,,Owner Rule: CaseArticle__c,Owner Rule: CaseArticle__c,true,true,true,false,OwnerSharingRule,CaseArticle__c,false,false,false,false,,false,false,false,true,,,false,false,false,false,false,,true,true,true,false,,false,,,,
CaseComment,,00a,Case Comment,Case Comments,true,true,true,false,Comment,Case,false,false,false,false,,false,false,false,true,,,false,false,true,false,false,,true,true,true,true,true,true,,,,
CaseContactRole,true,03j,Case Contact Role,Case Contact Role,true,true,true,false,,,true,false,false,false,,false,false,false,true,,,false,false,true,false,false,,true,true,true,false,,false,,,,
CaseExternalDocument,,1OZ,Case External Document,Case External Documents,true,true,true,false,,,false,false,false,false,,false,false,false,true,,,false,false,false,false,false,,true,true,true,false,true,true,,,,
CaseGatewayRequest,true,0cQ,Case Gateway Request,Case Gateway Requests,true,true,true,false,,,true,false,false,false,,false,false,false,true,,,false,false,true,false,false,,true,true,true,false,true,true,,,,
CaseHistory__c,true,a7w,CaseHistory__c,CaseHistory__c,true,true,true,false,,,true,true,false,false,,false,false,false,true,,,false,false,true,false,false,,true,true,true,false,true,true,,,,
CaseHistory2,,02D,Case History,Case History,false,false,false,false,,,false,false,false,false,,false,false,false,true,,,false,false,false,false,false,,true,false,true,false,,false,,,,
CaseMilestone,true,555,Case Milestone,Case Milestones,false,true,false,false,,,true,false,false,false,,false,false,false,true,,,false,false,true,false,false,,true,false,true,false,,false,,,,
CaseOwnerSharingRule,,01y,Case Owner Rule,Case Owner Rule,true,true,true,false,OwnerSharingRule,Case,false,false,false,false,,false,false,false,true,,,false,false,false,false,false,,true,true,true,false,,false,,,,
CaseParticipant,true,1ca,Case Participant,Case Participants,false,false,false,false,,,true,false,false,false,,false,false,false,true,,,false,false,true,false,true,,true,true,true,true,true,false,,,true,
CaseRelatedIssue,true,0oL,Case Related Issue,Case Related Issues,true,true,true,false,,,true,false,false,false,,false,false,false,true,,,false,false,true,false,false,,true,true,true,false,true,true,,,,
CaseServiceProcess,true,,,,,,,,,,,,,,,,,,,,,,,,,,,,,,,,,,,,
CaseSolution,,010,Case Solution,Case Solution,true,false,true,false,,,false,false,false,false,,false,false,false,true,,,false,false,false,false,false,,true,true,true,false,,false,,,,
CaseStatus,,,Case Status Value,Case Status Value,false,false,false,false,,,false,false,false,false,,false,false,false,true,,,false,false,false,false,false,,true,false,true,false,,false,,,,
CaseSubjectParticle,,0Oi,Case Subject Particle,Case Subject Particles,true,true,true,false,,,false,false,false,false,,false,false,false,true,,,false,false,false,false,false,,true,false,true,false,,false,,,,
CaseTeamMember,,,Case Team Member,Case Team Member,true,true,true,false,TeamMember,Case,false,false,false,false,,false,false,false,true,,,false,false,false,false,false,,true,true,true,false,,false,,,,
CaseTeamRole,,,Case Team Member Role,Case Team Member Role,true,true,false,false,TeamRole,Case,false,false,false,false,,false,false,false,true,,,false,false,false,false,false,,true,true,true,false,,false,,,,
CaseTeamTemplate,,,Predefined Case Team,Predefined Case Team,true,true,true,false,TeamTemplate,Case,false,false,false,false,,false,false,false,true,,,false,false,false,false,false,,true,true,true,false,,false,,,,
CaseTeamTemplateMember,,,Predefined Case Team Member,Predefined Case Team Member,true,true,true,false,TeamTemplateMember,Case,false,false,false,false,,false,false,false,true,,,false,false,false,false,false,,true,true,true,false,,false,,,,
CaseTeamTemplateRecord,,,Predefined Case Team Record,Predefined Case Team Record,true,false,true,false,TeamTemplateRecord,Case,false,false,false,false,,false,false,false,true,,,false,false,false,false,false,,true,true,true,false,,false,,,,
CategorizedCareFeeAgreement,true,0rD,Categorized Care Fee Agreement,Categorized Care Fee Agreements,true,true,true,false,,,true,false,false,false,,false,false,false,true,,,false,false,true,false,true,,true,true,true,true,true,true,,,true,
CategoryData,,02o,Category Data,Category Data,true,true,true,false,,,false,false,false,false,,false,false,false,true,,,false,false,false,false,false,,true,true,true,false,,false,,,,
CategoryNode,,02n,Category Node,Category Nodes,true,true,true,false,,,false,false,false,false,,false,false,false,true,,,false,false,false,false,false,,true,true,true,false,,false,,,,
CategoryNodeLocalization,,,Category Node Localization,Category Node Localization,true,true,true,false,Localization,CategoryNode,false,false,false,false,,false,false,false,true,,,false,false,false,false,false,,true,true,true,false,,false,,,,
CGC_Exercise__c,true,a1V,Exercise,Exercises,true,true,true,false,,,true,true,false,false,,false,false,false,true,,,false,false,true,false,true,,true,true,true,true,true,true,,,true,
CGC_Milestone__c,true,a1X,Milestone,Milestones,true,true,true,false,,,true,true,false,false,,false,false,false,true,,,false,false,true,false,true,,true,true,true,true,true,true,,,true,
CGC_Milestone_and_Exercise__c,true,a7Q,Demo Milestone and Exercise,Demo Milestones and Exercises,true,true,true,false,,,true,true,false,false,,false,false,false,true,,,false,false,true,false,true,,true,true,true,true,true,true,,,true,
CGC_Milestone_Progress__c,true,a1W,Milestone Progress,Milestone Progress,true,true,true,false,,,true,true,false,false,,false,false,false,true,,,false,false,true,false,true,,true,true,true,true,true,true,,,true,
CGC_Milestone_Progress_V2__c,true,a7P,Demo Milestone Progress,Demo Milestone Progress,true,true,true,false,,,true,true,false,false,,false,false,false,true,,,false,false,true,false,true,,true,true,true,true,true,true,,,true,
CGC_Program__c,true,a1Y,Demo Program,Demo Programs,true,true,true,false,,,true,true,false,false,,false,false,false,true,,,false,false,true,false,true,,true,true,true,true,true,true,,,true,
CGC_Program__OwnerSharingRule,,,Owner Rule: Demo Program,Owner Rule: Demo Program,true,true,true,false,OwnerSharingRule,CGC_Program__c,false,false,false,false,,false,false,false,true,,,false,false,false,false,false,,true,true,true,false,,false,,,,
CGC_Section__c,true,a7R,Demo Section,Demo Sections,true,true,true,false,,,true,true,false,false,,false,false,false,true,,,false,false,true,false,true,,true,true,true,true,true,true,,,true,
ChangeRequest,true,0oW,Change Request,Change Requests,true,true,true,false,,,true,false,false,false,,false,true,false,true,,,false,false,true,false,true,,true,true,true,true,true,true,,,true,
ChangeRequestOwnerSharingRule,,,Change Request Owner Rule,Change Request Owner Rule,true,true,true,false,OwnerSharingRule,ChangeRequest,false,false,false,false,,false,false,false,true,,,false,false,false,false,false,,true,true,true,false,,false,,,,
ChangeRequestRelatedIssue,true,0oK,Change Request Related Issue,Change Request Related Issues,true,true,true,false,,,true,false,false,false,,false,false,false,true,,,false,false,true,false,false,,true,true,true,false,true,true,,,,
ChangeRequestRelatedItem,true,0tC,Change Request Related Item,Change Request Related Items,true,true,true,false,,,true,false,false,false,,false,false,false,true,,,false,false,true,false,false,,true,true,true,false,true,true,,,,
ChannelObjectLinkingRule,,0dl,Channel Object Linking Rule,Channel Object Linking Rules,true,true,true,false,,,true,false,false,false,,false,false,false,true,,,false,false,true,false,false,,true,false,true,false,,false,,,,
ChannelProgram,true,0Pk,Channel Program,Channel Programs,true,true,true,false,,,true,false,false,false,,false,false,false,true,,,false,false,true,false,true,,true,true,true,true,true,true,,,true,
ChannelProgramLevel,true,0Pl,Channel Program Level,Channel Program Levels,true,true,true,false,,,true,false,false,false,,false,false,false,true,,,false,false,true,false,true,,true,true,true,true,true,true,,,true,
ChannelProgramLevelOwnerSharingRule,,,Channel Program Level Owner Rule,Channel Program Level Owner Rule,true,true,true,false,OwnerSharingRule,ChannelProgramLevel,false,false,false,false,,false,false,false,true,,,false,false,false,false,false,,true,true,true,false,,false,,,,
ChannelProgramMember,true,0Pm,Channel Program Member,Channel Program Members,true,true,true,false,,,true,false,false,false,,false,false,false,true,,,false,false,true,false,true,,true,true,true,false,true,true,,,,
ChannelProgramMemberOwnerSharingRule,,,Channel Program Member Owner Rule,Channel Program Member Owner Rule,true,true,true,false,OwnerSharingRule,ChannelProgramMember,false,false,false,false,,false,false,false,true,,,false,false,false,false,false,,true,true,true,false,,false,,,,
ChannelProgramOwnerSharingRule,,,Channel Program Owner Rule,Channel Program Owner Rule,true,true,true,false,OwnerSharingRule,ChannelProgram,false,false,false,false,,false,false,false,true,,,false,false,false,false,false,,true,true,true,false,,false,,,,
ChatRetirementRdyMetrics,,8JY,Chat Retirement Readiness Metrics,Chat Retirement Readiness Metrics,false,false,false,false,,,false,false,false,false,,false,false,false,true,,,false,false,false,false,false,,true,false,true,false,,false,,,,
ChatterActivity,true,0ca,Chatter Activity,Chatter Activity,false,false,false,false,,,false,false,false,false,,false,false,false,true,,,false,false,false,false,false,,true,true,true,false,true,false,,,,
ChatterExtension,,0MY,Extension,Extensions,true,true,true,false,,,false,false,false,false,,false,false,false,true,,,false,false,false,false,false,,true,false,true,false,,false,,,,
ChatterExtensionConfig,,0Ob,Chatter Extension Configuration,Chatter Extension Configurations,true,true,true,false,,,false,false,false,false,,false,false,false,true,,,false,false,false,false,false,,true,false,true,false,,false,,,,
ChatterExtensionLocalization,,,Translation,Translation,true,true,true,false,Localization,ChatterExtension,false,false,false,false,,false,false,false,true,,,false,false,false,false,false,,true,true,true,false,,false,,,,
Claim,true,0Zk,Claim,Claims,true,true,true,false,,,true,false,false,false,,false,false,false,true,,,false,false,true,false,true,,true,true,true,true,true,true,,,true,
ClaimCoverage,true,0kP,Claim Coverage,Claim Coverages,true,true,true,false,,,true,false,false,false,,false,false,false,true,,,false,false,true,false,true,,true,true,true,true,true,true,,,true,
ClaimCoverageOwnerSharingRule,,,Claim Coverage Owner Rule,Claim Coverage Owner Rule,true,true,true,false,OwnerSharingRule,ClaimCoverage,false,false,false,false,,false,false,false,true,,,false,false,false,false,false,,true,true,true,false,,false,,,,
ClaimCoveragePaymentDetail,true,0l2,Claim Coverage Payment Detail,Claim Coverage Payment Details,true,true,true,false,,,true,false,false,false,,false,false,false,true,,,false,false,true,false,true,,true,true,true,true,true,true,,,true,
ClaimItem,true,0dq,Claim Item,Claim Items,true,true,true,false,,,true,false,false,false,,false,false,false,true,,,false,false,true,false,true,,true,true,true,true,true,true,,,true,
ClaimOwnerSharingRule,,,Claim Owner Rule,Claim Owner Rule,true,true,true,false,OwnerSharingRule,Claim,false,false,false,false,,false,false,false,true,,,false,false,false,false,false,,true,true,true,false,,false,,,,
ClaimParticipant,true,0aS,Claim Participant,Claim Participants,true,true,true,false,,,true,false,false,false,,false,false,false,true,,,false,false,true,false,true,,true,true,true,true,true,true,,,true,
ClaimPaymentSummary,true,0l8,Claim Payment Summary,Claim Payment Summaries,true,true,true,false,,,true,false,false,false,,false,false,false,true,,,false,false,true,false,true,,true,true,true,true,true,true,,,true,
ClaimTeamMember,true,0tl,Claim Team Member,Claim Team Members,true,true,true,false,,,true,false,false,false,,false,false,false,true,,,false,false,true,false,true,,true,true,true,true,true,true,,,true,
ClauseCatgConfiguration,,0zM,Clause Category Configuration,Clause Category Configurations,true,true,true,false,,,true,false,false,false,,false,false,false,true,,,false,false,true,false,true,,true,false,true,false,,false,,,,
CleanEnergyProject,true,143,Clean Energy Project,Clean Energy Projects,false,false,false,false,,,true,false,false,false,,false,false,false,true,,,false,false,true,false,true,,true,true,true,true,true,false,,,true,
CleanEnergyProjectOwnerSharingRule,,,Clean Energy Project Owner Rule,Clean Energy Project Owner Rule,true,true,true,false,OwnerSharingRule,CleanEnergyProject,false,false,false,false,,false,false,false,true,,,false,false,false,false,false,,true,true,true,false,,false,,,,
ClinicalAlert,true,0l9,Clinical Alert,Clinical Alerts,false,false,false,false,,,true,false,false,false,,false,false,false,true,,,false,false,true,false,true,,true,true,true,true,true,false,,,true,
ClinicalAlertOwnerSharingRule,,,Clinical Alert Owner Rule,Clinical Alert Owner Rule,true,true,true,false,OwnerSharingRule,ClinicalAlert,false,false,false,false,,false,false,false,true,,,false,false,false,false,false,,true,true,true,false,,false,,,,
ClinicalDetectedIssue,true,0u5,Clinical Detected Issue,Clinical Detected Issues,false,false,false,false,,,true,false,false,false,,false,false,false,true,,,false,false,true,false,true,,true,true,true,true,true,false,,,true,
ClinicalDetectedIssueDetail,true,0ui,Clinical Detected Issue Detail,Clinical Detected Issue Details,false,false,false,false,,,true,false,false,false,,false,false,false,true,,,false,false,true,false,true,,true,true,true,true,true,false,,,true,
ClinicalDetectedIssueOwnerSharingRule,,,Clinical Detected Issue Owner Rule,Clinical Detected Issue Owner Rule,true,true,true,false,OwnerSharingRule,ClinicalDetectedIssue,false,false,false,false,,false,false,false,true,,,false,false,false,false,false,,true,true,true,false,,false,,,,
ClinicalEncounter,true,0kG,Clinical Encounter,Clinical Encounters,false,false,false,false,,,true,false,false,false,,false,false,false,true,,,false,false,true,false,true,,true,true,true,true,true,false,,,true,
ClinicalEncounterDiagnosis,true,0kZ,Clinical Encounter Diagnosis,Clinical Encounter Diagnoses,false,false,false,false,,,true,false,false,false,,false,false,false,true,,,false,false,true,false,true,,true,true,true,true,true,false,,,true,
ClinicalEncounterFacility,true,0l1,Clinical Encounter Facility,Clinical Encounter Facilities,false,false,false,false,,,true,false,false,false,,false,false,false,true,,,false,false,true,false,true,,true,true,true,true,true,false,,,true,
ClinicalEncounterIdentifier,true,0k6,Clinical Encounter Identifier,Clinical Encounter Identifiers,false,false,false,false,,,true,false,false,false,,false,false,false,true,,,false,false,true,false,true,,true,true,true,true,true,false,,,true,
ClinicalEncounterOwnerSharingRule,,,Clinical Encounter Owner Rule,Clinical Encounter Owner Rule,true,true,true,false,OwnerSharingRule,ClinicalEncounter,false,false,false,false,,false,false,false,true,,,false,false,false,false,false,,true,true,true,false,,false,,,,
ClinicalEncounterProvider,true,0kM,Clinical Encounter Provider,Clinical Encounter Providers,false,false,false,false,,,true,false,false,false,,false,false,false,true,,,false,false,true,false,true,,true,true,true,true,true,false,,,true,
ClinicalEncounterReason,true,0lm,Clinical Encounter Reason,Clinical Encounter Reasons,false,false,false,false,,,true,false,false,false,,false,false,false,true,,,false,false,true,false,true,,true,true,true,true,true,false,,,true,
ClinicalEncounterSvcRequest,true,0lx,Clinical Encounter Svc Request,Clinical Encounter Svc Requests,false,false,false,false,,,true,false,false,false,,false,false,false,true,,,false,false,true,false,true,,true,true,true,true,true,false,,,true,
ClinicalServiceRequest,true,0jy,Clinical Service Request,Clinical Service Requests,false,false,false,false,,,true,false,false,false,,false,false,false,true,,,false,false,true,false,true,,true,true,true,true,true,false,,,true,
ClinicalServiceRequestDetail,true,0lT,Clinical Service Request Detail,Clinical Service Request Details,false,false,false,false,,,true,false,false,false,,false,false,false,true,,,false,false,true,false,true,,true,true,true,true,true,false,,,true,
ClinicalServiceRequestOwnerSharingRule,,,Clinical Service Request Owner Rule,Clinical Service Request Owner Rule,true,true,true,false,OwnerSharingRule,ClinicalServiceRequest,false,false,false,false,,false,false,false,true,,,false,false,false,false,false,,true,true,true,false,,false,,,,
CodeSet,true,0hs,Code Set,Code Sets,true,true,true,false,,,true,false,false,false,,false,false,false,true,,,false,false,true,false,true,,true,true,true,true,true,true,,,true,
CodeSetBundle,true,0iP,Code Set Bundle,Code Set Bundles,true,true,true,false,,,true,false,false,false,,false,false,false,true,,,false,false,true,false,true,,true,true,true,true,true,true,,,true,
CodeSetBundleOwnerSharingRule,,,Code Set Bundle Owner Rule,Code Set Bundle Owner Rule,true,true,true,false,OwnerSharingRule,CodeSetBundle,false,false,false,false,,false,false,false,true,,,false,false,false,false,false,,true,true,true,false,,false,,,,
CodeSetOwnerSharingRule,,,Code Set Owner Rule,Code Set Owner Rule,true,true,true,false,OwnerSharingRule,CodeSet,false,false,false,false,,false,false,false,true,,,false,false,false,false,false,,true,true,true,false,,false,,,,
CodeSetRelationship,true,10i,Codeset Relationship,Codeset Relationships,true,true,true,false,,,true,false,false,false,,false,false,false,true,,,false,false,true,false,true,,true,true,true,true,true,true,,,true,
CollaborationGroup,true,0F9,Group,Groups,true,true,true,false,,,true,false,false,false,,false,true,false,true,,,false,false,true,false,true,NetworkId,true,false,true,true,true,false,,,true,
CollaborationGroupMember,true,0FB,Group Member,Group Members,true,true,true,false,,,false,false,false,false,,false,false,false,true,,,false,false,true,false,false,NetworkId,true,true,true,false,true,false,,,,
CollaborationGroupMemberRequest,,0I5,Group Member Request,Group Member Requests,true,true,true,false,,,false,false,false,false,,false,false,false,true,,,false,false,false,false,false,,true,false,true,false,,false,,,,
CollaborationGroupRecord,,0Aa,Group Record,Group Records,true,true,true,false,,,true,false,false,false,,false,false,false,true,,,false,false,true,false,false,NetworkId,true,true,true,false,true,true,,,,
CollaborationInvitation,,0H1,Chatter Invitation,Chatter Invitations,true,false,true,false,,,false,false,false,false,,false,false,false,true,,,false,false,false,false,false,,true,false,true,false,,false,,,,
CollaborationRoom,,9CR,Collaboration Room,Collaboration Rooms,true,true,false,false,,,true,false,false,false,,false,false,false,true,,,false,false,true,false,true,,true,true,true,true,true,false,,,true,
ColorDefinition,,05k,Color Definition,Color Definitions,false,false,false,false,,,false,false,false,false,,false,false,false,false,,,false,false,false,false,false,,true,false,false,false,,false,,,,
CombinedAttachment,,,Note, Attachment, Google Doc And File,Notes, Attachments, Google Docs And Files,false,false,false,false,,,false,false,false,false,,false,false,false,true,,,false,false,false,false,false,,false,false,false,false,,false,,,,
CommerceConfigRelatedRecord,true,0nB,Commerce Configuration Related Record,Commerce Configuration Related Records,true,true,true,false,,,false,false,false,false,,false,false,false,true,,,false,false,false,false,false,,true,true,true,false,true,true,,,,
CommerceConfigRelatedRecordOwnerSharingRule,,,Commerce Configuration Related Record Owner Rule,Commerce Configuration Related Record Owner Rule,true,true,true,false,OwnerSharingRule,CommerceConfigRelatedRecord,false,false,false,false,,false,false,false,true,,,false,false,false,false,false,,true,true,true,false,,false,,,,
CommerceDiagnosticEvent,,0gs,Commerce Diagnostic Event,Commerce Diagnostic Events,true,false,false,false,,,false,false,false,false,,false,false,false,false,,,false,false,false,false,false,,false,false,false,false,true,false,,,,
CommerceEntitlementBuyerGroup,true,7Eb,Entitlement Buyer Group,Entitlement Buyer Groups,true,false,true,false,,,true,false,false,false,,false,false,false,true,,,false,false,true,false,false,,true,true,true,false,true,true,,,,
CommerceEntitlementPolicy,true,1Ce,Entitlement Policy,Entitlement Policies,true,true,true,false,,,true,false,false,false,,false,false,false,true,,,false,false,true,false,true,,true,true,true,true,true,true,,,true,
CommerceEntitlementPolicyOwnerSharingRule,,,Entitlement Policy Owner Rule,Entitlement Policy Owner Rule,true,true,true,false,OwnerSharingRule,CommerceEntitlementPolicy,false,false,false,false,,false,false,false,true,,,false,false,false,false,false,,true,true,true,false,,false,,,,
CommerceEntitlementProduct,true,7Ep,Entitlement Product,Entitlement Products,true,false,true,false,,,true,false,false,false,,false,false,false,true,,,false,false,true,false,false,,true,true,true,false,true,true,,,,
CommSubscription,true,0Xl,Communication Subscription,Communication Subscriptions,true,true,true,false,,,true,false,false,false,,false,false,false,true,,,false,false,true,false,true,,true,true,true,true,true,true,,,true,
CommSubscriptionChannelType,true,0eB,Communication Subscription Channel Type,Communication Subscription Channel Types,true,true,true,false,,,true,false,false,false,,false,false,false,true,,,false,false,true,false,true,,true,true,true,true,true,true,,,true,
CommSubscriptionChannelTypeOwnerSharingRule,,,Communication Subscription Channel Type Owner Rule,Communication Subscription Channel Type Owner Rule,true,true,true,false,OwnerSharingRule,CommSubscriptionChannelType,false,false,false,false,,false,false,false,true,,,false,false,false,false,false,,true,true,true,false,,false,,,,
CommSubscriptionConsent,true,0dY,Communication Subscription Consent,Communication Subscription Consents,true,true,true,false,,,true,false,false,false,,false,false,false,true,,,false,false,true,false,true,,true,true,true,true,true,true,,,true,
CommSubscriptionConsentOwnerSharingRule,,,Communication Subscription Consent Owner Rule,Communication Subscription Consent Owner Rule,true,true,true,false,OwnerSharingRule,CommSubscriptionConsent,false,false,false,false,,false,false,false,true,,,false,false,false,false,false,,true,true,true,false,,false,,,,
CommSubscriptionOwnerSharingRule,,,Communication Subscription Owner Rule,Communication Subscription Owner Rule,true,true,true,false,OwnerSharingRule,CommSubscription,false,false,false,false,,false,false,false,true,,,false,false,false,false,false,,true,true,true,false,,false,,,,
CommSubscriptionTiming,true,0al,Communication Subscription Timing,Communication Subscription Timings,true,true,true,false,,,true,false,false,false,,false,false,false,true,,,false,false,true,false,true,,true,true,true,true,true,true,,,true,
CommunicationChannelTemplate,true,1Nf,Communication Channel Template,Communication Channel Templates,true,true,true,false,,,true,false,false,false,,false,false,false,true,,,false,false,true,false,true,,true,true,true,true,true,true,,,true,
CommunicationChannelTemplateOwnerSharingRule,,,Communication Channel Template Owner Rule,Communication Channel Template Owner Rule,true,true,true,false,OwnerSharingRule,CommunicationChannelTemplate,false,false,false,false,,false,false,false,true,,,false,false,false,false,false,,true,true,true,false,,false,,,,
CommunicationChannelType,,1IX,Communication Channel Type,Communication Channel Types,true,true,true,false,,,false,false,false,false,,false,false,false,true,,,false,false,false,false,false,,true,false,true,false,,false,,,,
Community,,09a,Zone,Zones,false,false,false,false,,,false,false,false,false,,false,false,false,true,,,false,false,false,false,false,,true,false,true,false,,false,,,,
ConcurLongRunApexErrEvent,,1QR,Concurrent Long Running Apex Error Event,Concurrent Long Running Apex Error Events,false,false,false,false,,,false,false,false,false,,false,false,false,false,,,false,false,false,false,false,,false,false,false,false,,false,,,,
CondIntrctnHlthRskAdjFctr,true,1Cm,Condition Interaction Health Risk Adjustment Factor,Condition Interaction Health Risk Adjustment Factors,false,false,false,false,,,true,false,false,false,,false,false,false,true,,,false,false,true,false,true,,true,true,true,true,true,false,,,true,
CondIntrctnHlthRskAdjFctrOwnerSharingRule,,,Condition Interaction Health Risk Adjustment Factor Owner Rule,Condition Interaction Health Risk Adjustment Factor Owner Rule,true,true,true,false,OwnerSharingRule,CondIntrctnHlthRskAdjFctr,false,false,false,false,,false,false,false,true,,,false,false,false,false,false,,true,true,true,false,,false,,,,
ConditionalFormattingProperty,,0Zo,Conditional Formatting Property,Conditional Formatting Properties,true,true,true,false,,,false,false,false,false,,false,false,false,true,,,false,false,false,false,false,,true,false,true,false,,false,,,,
ConditionalFormattingPropertyBin,,0Zn,Conditional Formatting Property Bin,Conditional Formatting Property Bins,true,true,true,false,,,false,false,false,false,,false,false,false,true,,,false,false,false,false,false,,true,false,true,false,,false,,,,
ConditionalFormattingPropertyPredicate,,0Zm,Conditional Formatting Property Predicate,Conditional Formatting Property Predicates,true,true,true,false,,,false,false,false,false,,false,false,false,true,,,false,false,false,false,false,,true,false,true,false,,false,,,,
ConferenceNumber,,0Ah,Conference Number,Conference Numbers,true,true,true,false,,,false,false,false,false,,false,false,false,true,,,false,false,false,false,false,,true,true,true,false,,true,,,,
ConnectedApplication,,0H4,Connected App,Connected Apps,false,false,false,false,,,false,false,false,false,,false,false,false,true,,,false,false,false,false,false,,true,false,true,false,,false,,,,
ConsentUnsubscribeAllEvent,,12A,Consent Unsubscribe All Event,Consent Unsubscribe All Events,true,false,false,false,,,false,false,false,false,,false,false,false,false,,,false,false,false,false,false,,false,false,false,false,true,false,,,,
ConsentUnsubscribeEvent,,12m,Consent Unsubscribe Event,Consent Unsubscribe Events,true,false,false,false,,,false,false,false,false,,false,false,false,false,,,false,false,false,false,false,,false,false,false,false,true,false,,,,
ConsumptionRate,true,0Mo,Consumption Rate,Consumption Rates,true,true,true,false,,,true,false,false,false,,false,false,false,true,,,false,false,true,false,false,,true,true,true,false,true,false,,,,
ConsumptionSchedule,true,0Mh,Consumption Schedule,Consumption Schedules,true,true,true,false,,,true,false,false,false,,false,false,false,true,,,false,false,true,false,true,,true,true,true,true,true,true,,,true,
ConsumptionScheduleOwnerSharingRule,,,Consumption Schedule Owner Rule,Consumption Schedule Owner Rule,true,true,true,false,OwnerSharingRule,ConsumptionSchedule,false,false,false,false,,false,false,false,true,,,false,false,false,false,false,,true,true,true,false,,false,,,,
Contact,true,003,Contact,Contacts,true,true,true,false,,,true,false,false,false,,false,true,false,true,,,false,false,true,true,true,,true,true,true,true,true,true,,,true,
ContactCenterChannel,,8GU,Contact Center Channel,Contact Center Channels,true,true,true,false,,,false,false,false,false,,false,false,false,true,,,false,false,false,false,false,,true,false,true,false,,false,,,,
ContactCleanInfo,true,1CC,Contact Clean Info,Contact Clean Info,false,true,false,false,,,false,false,false,false,,false,false,false,true,,,false,false,false,false,false,,true,true,true,false,,false,,,,
ContactDailyMetric,,0mO,Contact Daily Metric,Contact Daily Metrics,false,false,false,false,,,false,false,false,false,,false,false,false,true,,,false,false,false,false,false,,true,true,true,false,,false,,,,
ContactEncounter,true,0ha,Contact Encounter,Contact Encounters,false,false,false,false,,,true,false,false,false,,false,false,false,true,,,false,false,true,false,true,,true,true,true,true,true,false,,,true,
ContactEncounterOwnerSharingRule,,,Contact Encounter Owner Rule,Contact Encounter Owner Rule,true,true,true,false,OwnerSharingRule,ContactEncounter,false,false,false,false,,false,false,false,true,,,false,false,false,false,false,,true,true,true,false,,false,,,,
ContactEncounterParticipant,true,0hb,Contact Encounter Participant,Contact Encounter Participants,false,false,false,false,,,true,false,false,false,,false,false,false,true,,,false,false,true,false,true,,true,true,true,true,true,false,,,true,
ContactMonthlyMetric,,0mL,Contact Monthly Metric,Contact Monthly Metrics,false,false,false,false,,,false,false,false,false,,false,false,false,true,,,false,false,false,false,false,,true,true,true,false,,false,,,,
ContactOwnerSharingRule,,03D,Contact Owner Rule,Contact Owner Rule,true,true,true,false,OwnerSharingRule,Contact,false,false,false,false,,false,false,false,true,,,false,false,false,false,false,,true,true,true,false,,false,,,,
ContactPointAddress,true,8lW,Contact Point Address,Contact Point Addresses,true,true,true,false,,,true,false,false,false,,false,false,false,true,,,false,false,true,false,true,,true,true,true,true,true,true,,,true,
ContactPointAddressOwnerSharingRule,,,Contact Point Address Owner Rule,Contact Point Address Owner Rule,true,true,true,false,OwnerSharingRule,ContactPointAddress,false,false,false,false,,false,false,false,true,,,false,false,false,false,false,,true,true,true,false,,false,,,,
ContactPointConsent,true,0ZX,Contact Point Consent,Contact Point Consents,true,true,true,false,,,true,false,false,false,,false,false,false,true,,,false,false,true,false,true,,true,true,true,true,true,true,,,true,
ContactPointConsentOwnerSharingRule,,,Contact Point Consent Owner Rule,Contact Point Consent Owner Rule,true,true,true,false,OwnerSharingRule,ContactPointConsent,false,false,false,false,,false,false,false,true,,,false,false,false,false,false,,true,true,true,false,,false,,,,
ContactPointEmail,true,9Vl,Contact Point Email,Contact Point Emails,true,true,true,false,,,true,false,false,false,,false,false,false,true,,,false,false,true,false,true,,true,true,true,true,true,true,,,true,
ContactPointEmailOwnerSharingRule,,,Contact Point Email Owner Rule,Contact Point Email Owner Rule,true,true,true,false,OwnerSharingRule,ContactPointEmail,false,false,false,false,,false,false,false,true,,,false,false,false,false,false,,true,true,true,false,,false,,,,
ContactPointPhone,true,0Ow,Contact Point Phone,Contact Point Phones,true,true,true,false,,,true,false,false,false,,false,false,false,true,,,false,false,true,false,true,,true,true,true,true,true,true,,,true,
ContactPointPhoneOwnerSharingRule,,,Contact Point Phone Owner Rule,Contact Point Phone Owner Rule,true,true,true,false,OwnerSharingRule,ContactPointPhone,false,false,false,false,,false,false,false,true,,,false,false,false,false,false,,true,true,true,false,,false,,,,
ContactPointTypeConsent,true,0ZY,Contact Point Type Consent,Contact Point Type Consents,true,true,true,false,,,true,false,false,false,,false,false,false,true,,,false,false,true,false,true,,true,true,true,true,true,true,,,true,
ContactPointTypeConsentOwnerSharingRule,,,Contact Point Type Consent Owner Rule,Contact Point Type Consent Owner Rule,true,true,true,false,OwnerSharingRule,ContactPointTypeConsent,false,false,false,false,,false,false,false,true,,,false,false,false,false,false,,true,true,true,false,,false,,,,
ContactRequest,true,0Tz,Contact Request,Contact Requests,true,true,true,false,,,true,false,false,false,,false,false,false,true,,,false,false,true,false,true,,true,true,true,false,true,true,,,,
ContactRequestOwnerSharingRule,,,Contact Request Owner Rule,Contact Request Owner Rule,true,true,true,false,OwnerSharingRule,ContactRequest,false,false,false,false,,false,false,false,true,,,false,false,false,false,false,,true,true,true,false,,false,,,,
ContentAsset,,03S,Asset File,Asset Files,true,true,true,false,,,false,false,false,false,,false,false,false,true,,,false,false,false,false,false,,true,false,true,false,,false,,,,
ContentBody,,05T,Content Body,Content Bodies,false,false,false,false,,,false,false,false,false,,false,false,false,true,,,false,false,false,false,false,,false,false,false,false,,false,,,,
ContentDistribution,,05D,Content Delivery,Content Deliveries,true,true,true,false,,,false,false,false,false,,false,false,false,true,,,false,false,false,false,false,,true,false,true,false,true,true,,,,
ContentDistributionView,,05H,Content Delivery View,Content Delivery Views,false,true,true,false,,,false,false,false,false,,false,false,false,true,,,false,false,false,false,false,,true,false,true,false,,false,,,,
ContentDocument,,069,Content Document,Content Documents,false,true,true,false,,,true,false,false,false,,false,true,false,true,,,false,false,true,false,true,,true,false,true,true,true,true,,,,
ContentDocumentLink,,06A,Content Document Link,Content Document Link,true,true,true,false,,,true,false,false,false,,false,false,false,true,,,false,false,true,false,false,,true,false,true,false,true,false,,,,
ContentDocumentListViewMapping,,0Vi,Quip Document from List View,Quip Documents from List View,true,true,true,false,,,true,false,false,false,,false,false,false,true,,,false,false,true,false,true,,true,true,true,false,true,true,,,,
ContentDocumentSubscription,,057,Content Document Subscription,Content Document Subscriptions,false,false,true,false,,,false,false,false,false,,false,false,false,true,,,false,false,false,false,false,,true,false,true,false,,false,,,,
ContentFolder,,07H,Content Folder,Content Folders,true,true,true,false,,,false,false,false,false,,false,false,false,true,,,false,false,false,false,false,,true,true,true,false,,true,,,,
ContentFolderItem,,,Content Folder Item,Content Folder Items,false,false,false,false,,,true,false,false,false,,false,false,false,true,,,false,false,true,false,false,,true,false,true,false,,false,,,,
ContentFolderLink,,07v,Content Folder Link,Content Folder Links,false,false,false,false,,,false,false,false,false,,false,false,false,true,,,false,false,false,false,false,,true,false,true,false,,false,,,,
ContentFolderMember,,07I,Content Folder Member,Content Folder Members,false,true,true,false,,,false,false,false,false,,false,false,false,true,,,false,false,false,false,false,,true,false,true,false,,false,,,,
ContentHubItem,,0CH,Files Connect item,Files Connect items,false,false,false,false,,,false,false,false,false,,false,false,false,true,,,false,false,false,false,false,,true,false,false,true,,false,,,,
ContentHubRepository,,0XC,Files Connect repository,Files Connect repositories,false,false,false,false,,,true,false,false,false,,false,false,false,true,,,false,false,true,false,false,,true,false,true,false,,false,,,,
ContentLink,true,6UP,Content Link,Content Links,false,false,false,false,,,true,false,false,false,,false,false,false,true,,,false,false,true,false,true,,true,true,true,true,true,false,,,true,
ContentLinkOwnerSharingRule,,,Content Link Owner Rule,Content Link Owner Rule,true,true,true,false,OwnerSharingRule,ContentLink,false,false,false,false,,false,false,false,true,,,false,false,false,false,false,,true,true,true,false,,false,,,,
ContentNote,,069,Note,Notes,true,true,true,false,,,true,false,false,false,,false,false,false,true,,,false,false,true,false,true,,true,false,true,true,,false,,,,
ContentNotification,,05V,Content Notification,Content Notifications,false,false,true,false,,,false,false,false,false,,false,false,false,true,,,false,false,false,false,false,,true,false,true,false,,false,,,,
ContentSource,true,2yY,Content Source,Content Sources,false,false,false,false,,,true,false,false,false,,false,false,false,true,,,false,false,true,false,true,,true,true,true,true,true,false,,,true,
ContentSourceOwnerSharingRule,,,Content Source Owner Rule,Content Source Owner Rule,true,true,true,false,OwnerSharingRule,ContentSource,false,false,false,false,,false,false,false,true,,,false,false,false,false,false,,true,true,true,false,,false,,,,
ContentTagSubscription,,05Q,Content Tag Subscription,Content Tag Subscriptions,false,false,true,false,,,false,false,false,false,,false,false,false,true,,,false,false,false,false,false,,true,false,true,false,,false,,,,
ContentTaxonomy,,15b,Content Taxonomy,Content Taxonomies,true,true,true,false,,,false,false,false,false,,false,false,false,true,,,false,false,false,false,false,,true,true,true,false,,true,,,,
ContentTaxonomyRelatedTerm,,15j,Content Taxonomy Related Term,Content Taxonomy Related Terms,true,false,true,false,,,false,false,false,false,,false,false,false,true,,,false,false,false,false,false,,true,true,true,false,,true,,,,
ContentTaxonomyTerm,,15d,Content Taxonomy Term,Content Taxonomy Terms,true,true,true,false,,,false,false,false,false,,false,false,false,true,,,false,false,false,false,false,,true,true,true,true,,true,,,,
ContentTaxonomyTermRelatedTerm,,15e,Content Taxonomy Term Related Term,Content Taxonomy Term Related Terms,true,false,true,false,,,false,false,false,false,,false,false,false,true,,,false,false,false,false,false,,true,true,true,false,,true,,,,
ContentTaxonomyTermRelationshipType,,15c,Content Taxonomy Term Relationship Type,Content Taxonomy Term Relationship Types,false,false,false,false,,,false,false,false,false,,false,false,false,true,,,false,false,false,false,false,,true,true,true,false,,false,,,,
ContentUserSubscription,,05S,Content User Subscription,Content User Subscriptions,false,false,true,false,,,false,false,false,false,,false,false,false,true,,,false,false,false,false,false,,true,false,true,false,,false,,,,
ContentVersion,true,068,Content Version,Content Versions,true,true,false,false,,,true,false,false,false,,false,false,false,true,,,false,false,true,false,false,,true,false,true,true,true,false,,,true,
ContentVersionComment,,05C,Content Version Comment,Content Version Comments,false,false,true,false,,,false,false,false,false,,false,false,false,true,,,false,false,false,false,false,,true,false,true,false,,false,,,,
ContentVersionRating,,05J,Content Version Rating,Content Version Ratings,false,false,true,false,,,false,false,false,false,,false,false,false,true,,,false,false,false,false,false,,true,false,true,false,,false,,,,
ContentWorkspace,,058,Library,Libraries,true,true,true,false,,,true,false,false,false,,false,false,false,true,,,false,false,true,false,false,,true,false,true,false,,false,,,,
ContentWorkspaceDoc,,059,Library Document,Library Documents,true,true,true,false,,,false,false,false,false,,false,false,false,true,,,false,false,false,false,false,,true,false,true,false,,false,,,,
ContentWorkspaceMember,,05A,Library Member,Library Members,true,true,true,false,,,false,false,false,false,,false,false,false,true,,,false,false,false,false,false,,true,false,true,false,,false,,,,
ContentWorkspacePermission,,05P,Library Permission,Library Permissions,true,true,true,false,,,false,false,false,false,,false,false,false,true,,,false,false,false,false,false,,true,false,true,false,,false,,,,
ContentWorkspaceSubscription,,05R,Content Workspace Subscription,Content Workspace Subscriptions,false,false,true,false,,,false,false,false,false,,false,false,false,true,,,false,false,false,false,false,,true,false,true,false,,false,,,,
ContextParamMap,,15z,Context Param Map,Context Param Maps,false,false,false,false,,,false,false,false,false,,false,false,false,true,,,false,false,false,false,false,,true,false,true,false,,false,,,,
Contract,true,800,Contract,Contracts,true,true,true,true,,,true,false,false,false,,false,false,false,true,,,false,false,true,false,true,,true,true,true,true,true,true,,,true,
ContractContactRole,true,02a,Contract Contact Role,Contract Contact Role,true,true,true,false,,,true,false,false,false,,false,false,false,true,,,false,false,true,false,false,,true,true,true,false,,false,,,,
ContractGroupPlan,true,0rg,Contract Group Plan,Contract Group Plans,true,true,true,false,,,true,false,false,false,,false,false,false,true,,,false,false,true,false,true,,true,true,true,true,true,true,,,true,
ContractGroupPlanGroupClass,true,0xr,Contract Group Plan Group Class,Contract Group Plan Group Class,true,true,true,false,,,true,false,false,false,,false,false,false,true,,,false,false,true,false,true,,true,true,true,true,true,true,,,true,
ContractGroupPlanGroupClassOwnerSharingRule,,,Contract Group Plan Group Class Owner Rule,Contract Group Plan Group Class Owner Rule,true,true,true,false,OwnerSharingRule,ContractGroupPlanGroupClass,false,false,false,false,,false,false,false,true,,,false,false,false,false,false,,true,true,true,false,,false,,,,
ContractLineItem,true,811,Contract Line Item,Contract Line Items,true,true,true,false,,,true,false,false,false,,false,false,false,true,,,false,false,true,false,true,,true,true,true,true,true,true,,,true,
ContractLineOutcome,true,3lp,Contract Line Outcome,Contract Line Outcomes,true,true,true,false,,,true,false,false,false,,false,false,false,true,,,false,false,true,false,true,,true,true,true,true,true,true,,,true,
ContractLineOutcomeData,true,7sD,Contract Line Outcome Data,Contract Line Outcome Data,true,true,true,false,,,true,false,false,false,,false,false,false,true,,,false,false,true,false,true,,true,true,true,true,true,true,,,true,
ContractLineOutcomeOwnerSharingRule,,,Contract Line Outcome Owner Rule,Contract Line Outcome Owner Rule,true,true,true,false,OwnerSharingRule,ContractLineOutcome,false,false,false,false,,false,false,false,true,,,false,false,false,false,false,,true,true,true,false,,false,,,,
ContractPaymentAgreement,true,0rR,Contract Payment Agreement,Contract Payment Agreements,true,true,true,false,,,true,false,false,false,,false,false,false,true,,,false,false,true,false,true,,true,true,true,true,true,true,,,true,
ContractStatus,,,Contract Status Value,Contract Status Value,false,false,false,false,,,false,false,false,false,,false,false,false,true,,,false,false,false,false,false,,true,false,true,false,,false,,,,
ConvDefDialogDailyMetric,,593,Conversation Definition Dialog Daily Metric,Conversation Definition Dialog Daily Metrics,false,false,false,false,,,false,false,false,false,,false,false,false,true,,,false,false,false,false,false,,true,true,true,false,,false,,,,
ConvDefDialogHourlyMetric,,0lq,Conversation Definition Dialog Hourly Metric,Conversation Definition Dialog Hourly Metrics,false,false,false,false,,,false,false,false,false,,false,false,false,true,,,false,false,false,false,false,,true,true,true,false,,false,,,,
ConvDefSessionMetric,,0f5,Conversation Definition Session Metric,Conversation Definition Session Metrics,false,false,false,false,,,false,false,false,false,,false,false,false,true,,,false,false,false,false,false,,true,false,true,false,,false,,,,
Conversation,,0dw,Conversation,Conversations,false,false,false,false,,,true,false,false,false,,false,false,false,true,,,false,false,true,false,false,,true,false,true,false,,false,,,,
ConversationApiLog,true,1Nc,Conversation Api Log,Conversation Api Logs,true,true,true,false,,,false,false,false,false,,false,false,false,true,,,false,false,false,false,false,,true,true,true,false,true,true,,,,
ConversationApiLogObjSum,true,1Nd,Conversation Api Log Object Summary,Conversation Api Log Object Summaries,true,true,true,false,,,false,false,false,false,,false,false,false,true,,,false,false,false,false,false,,true,true,true,false,true,true,,,,
ConversationApiLogOwnerSharingRule,,,Conversation Api Log Owner Rule,Conversation Api Log Owner Rule,true,true,true,false,OwnerSharingRule,ConversationApiLog,false,false,false,false,,false,false,false,true,,,false,false,false,false,false,,true,true,true,false,,false,,,,
ConversationChannelDefinition,,11v,Conversation Channel Definition,Conversation Channel Definitions,true,true,true,false,,,false,false,false,false,,false,false,false,true,,,false,false,false,false,false,,true,false,true,false,,false,,,,
ConversationChannelResponse,,9qD,Conversation Channel Response,Conversation Channel Responses,true,true,true,false,,,false,false,false,false,,false,false,false,true,,,false,false,false,false,false,,true,false,true,false,,false,,,,
ConversationContextEntry,,577,Conversation Context Entry,Conversation Context Entries,true,true,true,false,,,false,false,false,false,,false,false,false,true,,,false,false,false,false,false,,true,true,true,true,true,true,,,,
ConversationDefinitionDialog,,0Xd,Dialog,Dialogs,true,true,true,false,,,false,false,false,false,,false,false,false,true,,,false,false,false,false,false,,true,false,true,false,,false,,,,
ConversationDefinitionDialogLocalization,,,Translation,Translation,true,true,true,false,Localization,ConversationDefinitionDialog,false,false,false,false,,false,false,false,true,,,false,false,false,false,false,,true,true,true,false,,false,,,,
ConversationDefinitionEventLog,,0eR,Conversation Definition Event Log,Conversation Definition Event Logs,false,false,false,false,,,false,false,false,false,,false,false,false,true,,,false,false,false,false,false,,true,false,true,false,,false,,,,
ConversationDefinitionSession,,5CB,Conversation Definition Session,Conversation Definition Sessions,false,false,false,false,,,false,false,false,false,,false,false,false,true,,,false,false,false,false,false,,true,false,true,false,,false,,,,
ConversationDefinitionSessionEngagement,,5SE,Conversation Definition Session Engagement,Conversation Definition Session Engagements,false,false,false,false,,,false,false,false,false,,false,false,false,true,,,false,false,false,false,false,,true,true,true,false,,false,,,,
ConversationEntry,,0Zy,Conversation Entry,Conversation Entries,true,true,true,false,,,false,false,false,false,,false,false,false,true,,,false,false,false,false,false,,true,false,true,false,,false,,,,
ConversationParticipant,,0ec,Conversation Participant,Conversation Participants,false,false,false,false,,,false,false,false,false,,false,false,false,true,,,false,false,false,false,false,,true,false,true,false,,false,,,,
ConversationVendorInfo,,0m8,Conversation Vendor Information,Conversation Vendor Information,true,true,true,false,,,false,false,false,false,,false,false,false,true,,,false,false,false,false,false,,true,false,true,false,,false,,,,
ConvIntelligenceSignalRule,,5d3,Conversation Intelligence Signal Rule,Conversation Intelligence Signal Rules,true,true,true,false,,,false,false,false,false,,false,false,false,true,,,false,false,false,false,false,,true,false,true,false,,false,,,,
ConvIntelligenceSignalSubRule,,8Q2,Conversation Intelligence Signal Sub-Rule,Conversation Intelligence Signal Sub-Rules,true,true,true,false,,,false,false,false,false,,false,false,false,true,,,false,false,false,false,false,,true,false,true,false,,false,,,,
ConvMessageSendRequest,,1sr,Conversation Message Send Request,Conversation Message Send Requests,false,false,false,false,,,false,false,false,false,,false,false,false,true,,,false,false,false,false,false,,true,true,true,false,,false,,,,
CopilotAnalyticsCalculator__dlm,,qCI,Copilot Analytics Calculator,Copilot Analytics Calculator,false,false,false,false,,,false,false,false,false,,false,false,false,true,,,false,false,false,false,false,,true,false,false,false,,false,,,,
CopilotForSalesforceAppsEvents__dlm,,qCK,Copilot For Salesforce Apps Events,Copilot For Salesforce Apps Events,false,false,false,false,,,false,false,false,false,,false,false,false,true,,,false,false,false,false,false,,true,false,false,false,,false,,,,
CopilotUtteranceAnalysis__dlm,,qCL,Copilot Utterance Analysis,Copilot Utterance Analysis,false,false,false,false,,,false,false,false,false,,false,false,false,true,,,false,false,false,false,false,,true,false,false,false,,false,,,,
CorsWhitelistEntry,,074,CORS Allowed Origin List,CORS Allowed Origins List,true,true,true,false,,,false,false,false,false,,false,false,false,true,,,false,false,false,false,false,,true,false,true,false,,false,,,,
CostBook,true,29g,Cost Book,Cost Books,true,true,true,false,,,true,false,false,false,,false,false,false,true,,,false,false,true,false,true,,true,true,true,true,true,true,,,true,
CostBookEntry,true,22g,Cost Book Entry,Cost Book Entries,true,true,true,false,,,true,false,false,false,,false,false,false,true,,,false,false,true,false,true,,true,true,true,true,true,true,,,true,
CostBookOwnerSharingRule,,,Cost Book Owner Rule,Cost Book Owner Rule,true,true,true,false,OwnerSharingRule,CostBook,false,false,false,false,,false,false,false,true,,,false,false,false,false,false,,true,true,true,false,,false,,,,
Coupon,true,0lC,Coupon,Coupons,true,true,true,false,,,true,false,false,false,,false,false,false,true,,,false,false,true,false,true,,true,true,true,true,true,true,,,true,
CouponCodeRedemption,true,0zD,Coupon Code Redemption,Coupon Code Redemptions,true,true,true,false,,,true,false,false,false,,false,false,false,true,,,false,false,true,false,false,,true,true,true,false,true,true,,,,
CouponCodeRedemptionOwnerSharingRule,,,Coupon Code Redemption Owner Rule,Coupon Code Redemption Owner Rule,true,true,true,false,OwnerSharingRule,CouponCodeRedemption,false,false,false,false,,false,false,false,true,,,false,false,false,false,false,,true,true,true,false,,false,,,,
CouponOwnerSharingRule,,,Coupon Owner Rule,Coupon Owner Rule,true,true,true,false,OwnerSharingRule,Coupon,false,false,false,false,,false,false,false,true,,,false,false,false,false,false,,true,true,true,false,,false,,,,
CoverageBenefit,true,0TL,Coverage Benefit,Coverage Benefits,false,false,false,false,,,true,false,false,false,,false,false,false,true,,,false,false,true,false,true,,true,true,true,true,true,false,,,true,
CoverageBenefitItem,true,0Sf,Coverage Benefit Item,Coverage Benefit Items,false,false,false,false,,,true,false,false,false,,false,false,false,true,,,false,false,true,false,true,,true,true,true,true,true,false,,,true,
CoverageBenefitItemLimit,true,0n4,Coverage Benefit Item Limit,Coverage Benefit Item Limits,false,false,false,false,,,true,false,false,false,,false,false,false,true,,,false,false,true,false,true,,true,true,true,true,true,false,,,true,
CoverageBenefitItemOwnerSharingRule,,,Coverage Benefit Item Owner Rule,Coverage Benefit Item Owner Rule,true,true,true,false,OwnerSharingRule,CoverageBenefitItem,false,false,false,false,,false,false,false,true,,,false,false,false,false,false,,true,true,true,false,,false,,,,
CoverageBenefitOwnerSharingRule,,,Coverage Benefit Owner Rule,Coverage Benefit Owner Rule,true,true,true,false,OwnerSharingRule,CoverageBenefit,false,false,false,false,,false,false,false,true,,,false,false,false,false,false,,true,true,true,false,,false,,,,
CrbnCreditAlloc,true,0uO,Carbon Credit Allocation,Carbon Credit Allocations,false,false,false,false,,,true,false,false,false,,false,false,false,true,,,false,false,true,false,true,,true,true,true,true,true,false,,,true,
CrbnCreditAllocItem,true,0uS,Carbon Credit Allocation Item,Carbon Credit Allocation Items,false,false,false,false,,,true,false,false,false,,false,false,false,true,,,false,false,true,false,true,,true,true,true,true,true,false,,,true,
CrbnCreditAllocOwnerSharingRule,,,Carbon Credit Allocation Owner Rule,Carbon Credit Allocation Owner Rule,true,true,true,false,OwnerSharingRule,CrbnCreditAlloc,false,false,false,false,,false,false,false,true,,,false,false,false,false,false,,true,true,true,false,,false,,,,
CrbnCreditDistribution,true,0uo,Carbon Credit Distribution,Carbon Credit Distributions,false,false,false,false,,,true,false,false,false,,false,false,false,true,,,false,false,true,false,true,,true,true,true,true,true,false,,,true,
CrbnCreditDistributionOwnerSharingRule,,,Carbon Credit Distribution Owner Rule,Carbon Credit Distribution Owner Rule,true,true,true,false,OwnerSharingRule,CrbnCreditDistribution,false,false,false,false,,false,false,false,true,,,false,false,false,false,false,,true,true,true,false,,false,,,,
CrbnCreditProject,true,0uh,Carbon Credit Project,Carbon Credit Projects,false,false,false,false,,,true,false,false,false,,false,false,false,true,,,false,false,true,false,true,,true,true,true,true,true,false,,,true,
CrbnCreditProjectOwnerSharingRule,,,Carbon Credit Project Owner Rule,Carbon Credit Project Owner Rule,true,true,true,false,OwnerSharingRule,CrbnCreditProject,false,false,false,false,,false,false,false,true,,,false,false,false,false,false,,true,true,true,false,,false,,,,
CrbnEmssnScopeAlloc,true,0oI,Carbon Emissions Scope Allocation,Carbon Emissions Scope Allocations,false,false,false,false,,,true,false,false,false,,false,false,false,true,,,false,false,true,false,true,,true,true,true,true,true,false,,,true,
CrbnEmssnScopeAllocOwnerSharingRule,,,Carbon Emissions Scope Allocation Owner Rule,Carbon Emissions Scope Allocation Owner Rule,true,true,true,false,OwnerSharingRule,CrbnEmssnScopeAlloc,false,false,false,false,,false,false,false,true,,,false,false,false,false,false,,true,true,true,false,,false,,,,
CrbnEmssnScopeAllocVal,true,0oM,Carbon Emissions Scope Allocation Value,Carbon Emissions Scope Allocation Values,false,false,false,false,,,true,false,false,false,,false,false,false,true,,,false,false,true,false,true,,true,true,true,true,true,false,,,true,
CredentialStuffingEvent,,0fi,Credential Stuffing Event,Credential Stuffing Events,false,false,false,false,,,false,false,false,false,,false,false,false,false,,,false,false,false,false,false,,false,false,false,false,,false,,,,
CredentialStuffingEventStore,,0fj,Credential Stuffing Event Store,Credential Stuffing Event Stores,false,false,false,false,,,true,false,false,false,,false,false,false,true,,,false,false,true,false,true,,true,true,false,false,,false,,,,
CreditMemo,true,50g,Credit Memo,Credit Memos,false,true,true,false,,,true,false,false,false,,false,false,false,true,,,false,false,true,false,true,,true,true,true,true,true,false,,,true,
CreditMemoInvApplication,true,4sF,Credit Memo Invoice Application,Credit Memo Invoice Applications,false,true,false,false,,,true,false,false,false,,false,false,false,true,,,false,false,true,false,false,,true,true,true,true,true,false,,,true,
CreditMemoLine,true,9yx,Credit Memo Line,Credit Memo Lines,false,true,false,false,,,true,false,false,false,,false,false,false,true,,,false,false,true,false,false,,true,true,true,true,true,false,,,true,
CreditMemoOwnerSharingRule,,,Credit Memo Owner Rule,Credit Memo Owner Rule,true,true,true,false,OwnerSharingRule,CreditMemo,false,false,false,false,,false,false,false,true,,,false,false,false,false,false,,true,true,true,false,,false,,,,
CronJobDetail,,08a,Cron Job,Cron Job,false,false,false,false,,,false,false,false,false,,false,false,false,true,,,false,false,false,false,false,,true,false,true,false,,false,,,,
CronTrigger,,08e,Scheduled Jobs,Scheduled Jobs,false,false,false,false,,,false,false,false,false,,false,false,false,true,,,false,false,false,false,false,,true,false,true,false,,false,,,,
Cross_Sell_Recommendations__c,true,a6o,Cross-Sell Recommendation,Cross-SellRecommendations,true,true,true,false,,,true,true,false,false,,false,false,false,true,,,false,false,true,false,false,,true,true,true,true,true,true,,,true,
Cross_Sell_Recommendations__OwnerSharingRule,,,Owner Rule: Cross-Sell Recommendation,Owner Rule: Cross-Sell Recommendation,true,true,true,false,OwnerSharingRule,Cross_Sell_Recommendations__c,false,false,false,false,,false,false,false,true,,,false,false,false,false,false,,true,true,true,false,,false,,,,
CSAT_Update__dlm,,qC1,CSAT_Update,CSAT_Update,false,false,false,false,,,false,false,false,false,,false,false,false,true,,,false,false,false,false,false,,true,false,false,false,,false,,,,
CspFrameAncestor,,0Ky,Allowed Site,Allowed Sites,true,true,true,false,,,false,false,false,false,,false,false,false,true,,,false,false,false,false,false,,true,false,true,false,,false,,,,
CspTrustedSite,,08y,Trusted URL,Trusted URLs,true,true,true,false,,,true,false,false,false,,false,false,false,true,,,false,false,true,false,false,,true,false,true,false,,false,,,,
CTI_Status_Changed__e,true,,,,,,,,,,,,,,,,,,,,,,,,,,,,,,,,,,,,
CuratedExpJobEvent,,1DR,Curated Experience Job Event,Curated Experience Job Events,false,false,false,false,,,false,false,false,false,,false,false,false,false,,,false,false,false,false,false,,false,false,false,false,true,false,,,,
CuratedExpPlanEvent,,1DP,Curated Experience Plan Event,Curated Experience Plan Events,false,false,false,false,,,false,false,false,false,,false,false,false,false,,,false,false,false,false,false,,false,false,false,false,true,false,,,,
CurrencyType,,01L,Currency Type,Currency Type,true,true,false,false,,,false,false,false,false,,false,false,false,true,,,false,false,false,false,false,,true,true,true,false,,false,,,,
CustomBrand,,07W,Custom Brand,Custom Brand,true,true,false,false,,,false,false,false,false,,false,false,false,true,,,false,false,false,false,false,,true,false,true,false,,false,,,,
CustomBrandAsset,,07X,Custom Brand Asset,Custom Brand Asset,true,true,true,false,,,false,false,false,false,,false,false,false,true,,,false,false,false,false,false,,true,false,true,false,,false,,,,
Customer,true,0o6,Customer,Customers,true,true,true,false,,,true,false,false,false,,false,false,false,true,,,false,false,true,false,true,,true,true,true,true,true,true,,,true,
CustomerOwnerSharingRule,,,Customer Owner Rule,Customer Owner Rule,true,true,true,false,OwnerSharingRule,Customer,false,false,false,false,,false,false,false,true,,,false,false,false,false,false,,true,true,true,false,,false,,,,
CustomerProperty,true,0b8,Customer Property,Customer Properties,true,true,true,false,,,true,false,false,false,,false,false,false,true,,,false,false,true,false,true,,true,true,true,true,true,true,,,true,
CustomerPropertyOwnerSharingRule,,,Customer Property Owner Rule,Customer Property Owner Rule,true,true,true,false,OwnerSharingRule,CustomerProperty,false,false,false,false,,false,false,false,true,,,false,false,false,false,false,,true,true,true,false,,false,,,,
CustomFieldDisplay,,1Xv,Custom Field Display,Custom Field Display,true,true,true,false,,,false,false,false,false,,false,false,false,true,,,false,false,false,false,false,,true,false,true,false,,false,,,,
CustomFieldDisplayValue,,1Xu,Custom Field Display Value,Custom Field Display Value,true,true,true,false,,,false,false,false,false,,false,false,false,true,,,false,false,false,false,false,,true,true,true,false,true,true,,,,
CustomHelpMenuItem,,2Ca,Custom Help Menu Item,Custom Help Menu Items,true,true,true,false,,,false,false,false,false,,false,false,false,true,,,false,false,false,false,false,,true,false,true,false,,false,,,,
CustomHelpMenuSection,,2Cx,Custom Help Menu Section,Custom Help Menu Sections,true,true,true,false,,,false,false,false,false,,false,false,false,true,,,false,false,false,false,false,,true,false,true,false,,false,,,,
CustomHttpHeader,,0XH,Custom HTTP Header,Custom HTTP Headers,false,false,false,false,,,true,false,false,false,,false,false,false,true,,,false,false,true,false,false,,true,false,true,false,,false,,,,
CustomNotificationType,,0ML,Custom Notification Type,Custom Notification Types,true,true,true,false,,,false,false,false,false,,false,false,false,true,,,false,false,false,false,false,,true,false,true,false,,false,,,,
CustomPermission,,0CP,Custom Permission,Custom Permissions,false,false,false,false,,,true,false,false,false,,false,false,false,true,,,false,false,true,false,false,,true,false,true,false,,false,,,,
CustomPermissionDependency,,0PD,Custom Permission Dependency,Custom Permission Dependencies,false,false,false,false,,,true,false,false,false,,false,false,false,true,,,false,false,true,false,false,,true,false,true,false,,false,,,,
Dashboard,,01Z,Dashboard,Dashboards,false,false,false,false,,,true,false,false,false,,false,false,false,true,,,false,false,true,false,true,,true,false,true,true,,false,,,true,
DashboardComponent,,01a,Dashboard Component,Dashboard Components,false,false,false,false,,,false,false,false,false,,false,false,false,true,,,false,false,false,false,false,,true,false,true,false,,false,,,,
DashboardComponentReference,,6ZC,DashboardComponentReference,DashboardComponentReferences,true,true,true,false,,,false,false,false,false,,false,false,false,true,,,false,false,false,false,false,,true,false,true,false,,false,,,,
DashboardSavedView,,8wk,DashboardSavedView,DashboardSavedViews,true,true,true,false,,,false,false,false,false,,false,false,false,true,,,false,false,false,false,false,,true,false,true,false,,false,,,,
DashboardSnapshotItem,,0zF,DashboardSnapshotItem,DashboardSnapshotItems,true,true,true,false,,,false,false,false,false,,false,false,false,true,,,false,false,false,false,false,,true,false,true,false,,false,,,,
DashboardSnapshotResults,,0zf,Dashboard Snapshot Item Result,Dashboard Snapshot Item Results,true,false,true,false,,,false,false,false,false,,false,false,false,false,,,false,false,false,false,false,,true,false,true,false,,false,,,,
DataAction,true,3o9,Data Action,Data Actions,true,true,true,false,,,true,false,false,false,,false,true,false,true,,,false,false,true,false,true,,true,true,true,true,true,true,,,true,
DataActionJobStatusEvent,,17U,Data action job status event,Data action job status event,false,false,false,false,,,false,false,false,false,,false,false,false,false,,,false,false,false,false,false,,false,false,false,false,true,false,,,,
DataActionJobSummary,true,1A5, Data Action Job Summary , Data Action Job Summary,true,true,true,false,,,false,false,false,false,,false,false,false,true,,,false,false,false,false,true,,true,true,true,false,true,true,,,,
DataActionJobSummaryOwnerSharingRule,,, Data Action Job Summary  Owner Rule, Data Action Job Summary  Owner Rule,true,true,true,false,OwnerSharingRule,DataActionJobSummary,false,false,false,false,,false,false,false,true,,,false,false,false,false,false,,true,true,true,false,,false,,,,
DataActionTarget,true,9sq,Data Action Target,Data Action Targets,true,true,true,false,,,true,false,false,false,,false,true,false,true,,,false,false,true,false,true,,true,true,true,true,true,true,,,true,
DataActionTargetOwnerSharingRule,,,Data Action Target Owner Rule,Data Action Target Owner Rule,true,true,true,false,OwnerSharingRule,DataActionTarget,false,false,false,false,,false,false,false,true,,,false,false,false,false,false,,true,true,true,false,,false,,,,
DataAssessmentFieldMetric,,03Q,Data Assessment Field Metric,Data Assessment Field Metrics,false,false,false,false,,,false,false,false,false,,false,false,false,true,,,false,false,false,false,false,,true,true,true,false,,false,,,,
DataAssessmentMetric,,03P,Data Assessment Metric,Data Assessment Metrics,false,false,false,false,,,false,false,false,false,,false,false,false,true,,,false,false,false,false,false,,true,true,true,false,,false,,,,
DataAssessmentValueMetric,,03R,Data Assessment Field Value Metric,Data Assessment Field Value Metrics,false,false,false,false,,,false,false,false,false,,false,false,false,true,,,false,false,false,false,false,,true,true,true,false,,false,,,,
DataAssetPromotionRequest,,1NE,Data Asset Promotion Request,Data Asset Promotion Requests,true,true,true,false,,,false,false,false,false,,false,false,false,true,,,false,false,false,false,true,,true,false,true,false,,false,,,,
DataAssetSemanticGraphEdge,,0m3,Data Asset Semantic Graph Edge Info,Data Asset Semantic Graph Edges Info,true,true,true,false,,,false,false,false,false,,false,false,false,true,,,false,false,false,false,false,,true,true,true,false,true,false,,,,
DataAssetUsageTrackingInfo,,6D9,Data Asset Usage Tracking Info,Data Asset Usage Tracking Info,true,true,true,false,,,false,false,false,false,,false,false,false,true,,,false,false,false,false,false,,true,true,true,false,true,false,,,,
DataCategoryCustom__dlm,,qBg,DataCategoryCustom__dlm,DataCategoryCustom__dlm,false,false,false,false,,,false,false,false,false,,false,false,false,true,,,false,false,false,false,false,,true,false,false,false,,false,,,,
DataCategoryGroupCustom__dlm,,qBh,DataCategoryGroupCustom__dlm,DataCategoryGroupCustom__dlm,false,false,false,false,,,false,false,false,false,,false,false,false,true,,,false,false,false,false,false,,true,false,false,false,,false,,,,
DataCategorySelectionCustom__dlm,,qBi,DataCategorySelectionCustom__dlm,DataCategorySelectionCustom__dlm,false,false,false,false,,,false,false,false,false,,false,false,false,true,,,false,false,false,false,false,,true,false,false,false,,false,,,,
DatacloudAddress,,07m,Data.com Address,Data.com Addresses,false,false,false,false,,,false,false,false,false,,false,false,false,true,,,false,false,false,false,false,,true,false,false,false,,false,,,,
DataCommCapActvTarget,true,,,,,,,,,,,,,,,,,,,,,,,,,,,,,,,,,,,,
DataCommCapDataSpace,,1Du,Data Communication Capping Data Space,Data Communication Capping Data Spaces,true,true,true,false,,,false,false,false,false,,false,false,false,true,,,false,false,false,false,false,,true,false,true,false,,false,,,,
DataCommCapDim,,1E7,Data Communication Capping Dimension,Data Communication Capping Dimensions,true,true,true,false,,,false,false,false,false,,false,false,false,true,,,false,false,false,false,false,,true,false,true,false,,false,,,,
DataCommCapDimValue,,1E5,Data Communication Capping Dimension Value,Data Communication Capping Dimension Values,true,true,true,false,,,false,false,false,false,,false,false,false,true,,,false,false,false,false,false,,true,false,true,false,,false,,,,
DataCommCapRelatedDim,,1Dk,Data Communication Capping Related Dimension,Data Communication Capping Related Dimensions,true,true,true,false,,,false,false,false,false,,false,false,false,true,,,false,false,false,false,false,,true,false,true,false,,false,,,,
DataCommCapRule,,1Dn,Data Communication Capping Rule,Data Communication Capping Rules,true,true,true,false,,,false,false,false,false,,false,false,false,true,,,false,false,false,false,false,,true,false,true,false,,false,,,,
DataCommCapRuleDim,,1Dj,Data Communication Capping Rule Dimension,Data Communication Capping Rule Dimension,true,true,true,false,,,false,false,false,false,,false,false,false,true,,,false,false,false,false,false,,true,false,true,false,,false,,,,
DataCommunicationCap,true,19j,Communication Capping,Communication Capping,true,true,true,false,,,true,false,false,false,,false,false,false,true,,,false,false,true,false,true,,true,true,true,false,,true,,,,
DataCommunicationCapOwnerSharingRule,,,Communication Capping Owner Rule,Communication Capping Owner Rule,true,true,true,false,OwnerSharingRule,DataCommunicationCap,false,false,false,false,,false,false,false,true,,,false,false,false,false,false,,true,true,true,false,,false,,,,
DataConctCredExpiryEvent,,1Gr,Data Connection Credential Expiry Event,Data Connection Credential Expiry Events,false,false,false,false,,,false,false,false,false,,false,false,false,false,,,false,false,false,false,false,,false,false,false,false,true,false,,,,
DataConnectorStatusEvent,,0ue,Data Connector Status Event,Data Connector Status Events,false,false,false,false,,,false,false,false,false,,false,false,false,false,,,false,false,false,false,false,,false,false,false,false,true,false,,,,
DataEncryptionKey,,1Pj,Data Encryption Key,Data Encryption Key,true,true,false,false,,,false,false,false,false,,false,false,false,true,,,false,false,false,false,false,,true,false,false,false,,false,,,,
DataFeatureDeprovisionEvent,,1b5,Data Cloud Feature Deprovision Event,Data Cloud Feature Deprovision Event,true,false,false,false,,,false,false,false,false,,false,false,false,false,,,false,false,false,false,false,,false,false,false,false,true,false,,,,
Dataflow,,02K,Dataflow,Dataflows,true,true,true,false,,,false,false,false,false,,false,false,false,true,,,false,false,false,false,false,,true,false,true,false,,false,,,,
DataflowInstance,,03C,Dataflow Job,Dataflow Jobs,true,true,true,false,,,false,false,false,false,,false,false,false,true,,,false,false,false,false,false,,true,false,true,false,,false,,,,
DataflowNode,,03L,Dataflow Node Detail,Dataflow Node Details,true,true,true,false,,,false,false,false,false,,false,false,false,true,,,false,false,false,false,false,,true,false,true,false,,false,,,,
DataflowRequest,,030,Dataflow Request,Dataflow Requests,true,true,true,false,,,false,false,false,false,,false,false,false,true,,,false,false,false,false,false,,true,false,true,false,,false,,,,
DataflowTrigger,,7Ce,Dataflow Trigger,Dataflow Triggers,true,true,true,false,,,false,false,false,false,,false,false,false,true,,,false,false,false,false,false,,true,false,true,false,,false,,,,
DataflowTriggerSource,,2BM,Dataflow Trigger Source,Dataflow Trigger Sources,true,true,true,false,,,false,false,false,false,,false,false,false,true,,,false,false,false,false,false,,true,false,true,false,,false,,,,
DataflowVersion,,02L,Dataflow Version,Dataflow Versions,true,true,true,false,,,false,false,false,false,,false,false,false,true,,,false,false,false,false,false,,true,false,true,false,,false,,,,
DataGraph,true,0g7,Data Graph,Data Graphs,true,true,true,false,,,true,false,false,false,,false,false,false,true,,,false,false,true,false,true,,true,true,true,true,true,true,,,true,
DataHarmonizedModelObjRef,true,,,,,,,,,,,,,,,,,,,,,,,,,,,,,,,,,,,,
DataIntegrationRecordPurchasePermission,,0Gy,DataIntegrationRecordPurchasePermission,DataIntegrationRecordPurchasePermissions,true,true,true,false,,,false,false,false,false,,false,false,false,true,,,false,false,false,false,false,,true,false,true,false,,false,,,,
DataKitDeployEvent,,3Dc,Data Kit Deployment Event,Data Kit Deployment Events,true,false,false,false,,,false,false,false,false,,false,false,false,false,,,false,false,false,false,false,,false,false,false,false,true,false,,,,
DataKitDeploymentLog,true,1D0,Data Kit Deployment Log,Data Kit Deployment Logs,true,true,true,false,,,true,false,false,false,,false,false,false,true,,,false,false,true,false,true,,true,true,true,true,true,true,,,true,
DataKitDeploymentLogOwnerSharingRule,,,Data Kit Deployment Log Owner Rule,Data Kit Deployment Log Owner Rule,true,true,true,false,OwnerSharingRule,DataKitDeploymentLog,false,false,false,false,,false,false,false,true,,,false,false,false,false,false,,true,true,true,false,,false,,,,
DataLakeObjectInstance,true,1dl,Data Lake Object,Data Lake Objects,true,true,true,false,,,true,false,false,false,,false,true,false,true,,,false,false,true,false,true,,true,true,true,true,true,true,,,true,
DataLineageDefSyncLog,true,,,,,,,,,,,,,,,,,,,,,,,,,,,,,,,,,,,,
DataLineageNodeDefSyncLog,true,1Rf,Data Lineage Node Definition Sync Log,Data Lineage Node Definition Sync Logs,true,true,true,false,,,false,false,false,false,,false,false,false,true,,,false,false,false,false,false,,true,true,true,false,true,true,,,,
DataLineageNodeDefSyncLogOwnerSharingRule,,,Data Lineage Node Definition Sync Log Owner Rule,Data Lineage Node Definition Sync Log Owner Rule,true,true,true,false,OwnerSharingRule,DataLineageNodeDefSyncLog,false,false,false,false,,false,false,false,true,,,false,false,false,false,false,,true,true,true,false,,false,,,,
datamask__DataMask_Configuration__mdt,true,m04,DataMask Configuration,DataMask Configurations,false,false,false,false,,,false,true,false,false,,false,false,false,true,,,false,false,true,false,true,,true,false,true,false,,false,,,,
datamask__DM_Object_Metadata__c,true,a03,Object Metadata,Object Metadata,true,true,true,false,,,true,true,false,false,,false,false,false,true,,,false,false,true,false,false,,true,true,true,true,true,true,,,true,
datamask__DM_Object_Metadata__OwnerSharingRule,,,Owner Rule: Object Metadata,Owner Rule: Object Metadata,true,true,true,false,OwnerSharingRule,datamask__DM_Object_Metadata__c,false,false,false,false,,false,false,false,true,,,false,false,false,false,false,,true,true,true,false,,false,,,,
datamask__Masking_Configuration__c,true,a04,Masking Configuration,Masking Configuration,true,true,true,false,,,false,true,true,false,,false,false,false,true,,,false,false,true,false,false,,true,true,true,true,,true,,,true,
datamask__Masking_Configuration__OwnerSharingRule,,,Owner Rule: Masking Configuration,Owner Rule: Masking Configuration,true,true,true,false,OwnerSharingRule,datamask__Masking_Configuration__c,false,false,false,false,,false,false,false,true,,,false,false,false,false,false,,true,true,true,false,,false,,,,
datamask__Masking_Execution_Log__c,true,a05,Run Log,Run Logs,true,true,true,false,,,true,true,false,false,,false,false,false,true,,,false,false,true,false,true,,true,true,true,true,true,true,,,true,
datamask__Masking_Execution_Log__OwnerSharingRule,,,Owner Rule: Run Log,Owner Rule: Run Log,true,true,true,false,OwnerSharingRule,datamask__Masking_Execution_Log__c,false,false,false,false,,false,false,false,true,,,false,false,false,false,false,,true,true,true,false,,false,,,,
datamask__Masking_Field__mdt,true,m05,Masking Field,Masking Fields,false,false,false,false,,,false,true,false,false,,false,false,false,true,,,false,false,true,false,true,,true,false,true,false,,false,,,,
datamask__Masking_Object__mdt,true,m06,Masking Object,Masking Objects,false,false,false,false,,,false,true,false,false,,false,false,false,true,,,false,false,true,false,true,,true,false,true,false,,false,,,,
datamask__Object_Metadata__mdt,true,m07,Object Metadata,Object Metadata,false,false,false,false,,,false,true,false,false,,false,false,false,true,,,false,false,true,false,true,,true,false,true,false,,false,,,,
DataMaskCustomValueLibrary,true,9dl,Custom Library,Custom Libraries,true,true,true,false,,,true,false,false,false,,false,false,false,true,,,false,false,true,false,true,,true,true,true,true,true,true,,,true,
DataMaskCustomValueLibraryOwnerSharingRule,,,Custom Library Owner Rule,Custom Library Owner Rule,true,true,true,false,OwnerSharingRule,DataMaskCustomValueLibrary,false,false,false,false,,false,false,false,true,,,false,false,false,false,false,,true,true,true,false,,false,,,,
DataMltOrgMdatChgsetEvent,,1Tf,Data Multi Org Metadata Changeset Event,Data Multi Org Metadata Changeset Events,false,false,false,false,,,false,false,false,false,,false,false,false,false,,,false,false,false,false,false,,false,false,false,false,true,false,,,,
DataModelRelationConstraint,true,,,,,,,,,,,,,,,,,,,,,,,,,,,,,,,,,,,,
DataMultiOrgConnection,,262,Data Multi Org Connection,Data Multi Org Connections,true,true,true,false,,,false,false,false,false,,false,false,false,true,,,false,false,false,false,false,,true,false,true,false,,false,,,,
DataMultiOrgObjectRef,,265,Multi Org Object Reference,Multi Org Object References,true,true,true,false,,,false,false,false,false,,false,false,false,true,,,false,false,false,false,false,,true,false,true,false,,false,,,,
DataMultiOrgServiceEvent,,0QY,Multi-org Service Event,Multi-org Service Events,false,false,false,false,,,false,false,false,false,,false,false,false,false,,,false,false,false,false,false,,false,false,false,false,true,false,,,,
DataMultiOrgSyncStatus,,264,Multi Org Sync Status,Multi Org Sync Statuses,true,true,true,false,,,false,false,false,false,,false,false,false,true,,,false,false,false,false,false,,true,false,true,false,,false,,,,
DataObjBillableStatusEvent,,1DC,Data Object Billable Status Event,Data Object Billable Status Events,false,false,false,false,,,false,false,false,false,,false,false,false,false,,,false,false,false,false,false,,false,false,false,false,true,false,,,,
DataObjectDataChgEvent,,1e5,Data Object Data Change Event,Data Object Data Change Events,false,false,false,false,,,false,false,false,false,,false,false,false,false,,,false,false,false,false,false,,false,false,false,false,true,false,,,,
DataObjectMetadataChgEvent,,1e4,Data Object Metadata Change Event,Data Object Metadata Change Events,false,false,false,false,,,false,false,false,false,,false,false,false,false,,,false,false,false,false,false,,false,false,false,false,true,false,,,,
DataObjSecondaryIndex,,1Tx,Secondary Index,Secondary Indexes,true,true,true,false,,,true,false,false,false,,false,false,false,true,,,false,false,true,false,true,,true,true,true,false,true,true,,,,
DataOrgExtShareEvent,,2e3,Data Org Ext Share Event,Data Org Ext Share Events,false,false,false,false,,,false,false,false,false,,false,false,false,false,,,false,false,false,false,false,,false,false,false,false,true,false,,,,
DataPackageKit,true,,,,,,,,,,,,,,,,,,,,,,,,,,,,,,,,,,,,
DataPrepRecipe,,05v,Data Prep Recipe,Data Prep Recipes,true,true,true,false,,,false,false,false,false,,false,false,false,true,,,false,false,false,false,true,,true,false,true,false,,false,,,,
DataPrepServiceLocator,,0fL,Data Prep Service Locator,Data Prep Service Locators,true,true,true,false,,,false,false,false,false,,false,false,false,true,,,false,false,false,false,false,,true,true,true,false,,true,,,,
DataPrepServiceLocatorOwnerSharingRule,,,Data Prep Service Locator Owner Rule,Data Prep Service Locator Owner Rule,true,true,true,false,OwnerSharingRule,DataPrepServiceLocator,false,false,false,false,,false,false,false,true,,,false,false,false,false,false,,true,true,true,false,,false,,,,
DataQueryWorkspace,true,20m,Query Editor,Query Editor,true,true,true,false,,,true,false,false,false,,false,false,false,true,,,false,false,true,false,true,,true,true,true,false,true,true,,,,
DataQueryWorkspaceOwnerSharingRule,,,Query Editor Owner Rule,Query Editor Owner Rule,true,true,true,false,OwnerSharingRule,DataQueryWorkspace,false,false,false,false,,false,false,false,true,,,false,false,false,false,false,,true,true,true,false,,false,,,,
DataQueryWorkspaceTab,true,20n,Entity,Query Tabs,true,true,true,false,,,true,false,false,false,,false,false,false,true,,,false,false,true,false,false,,true,true,true,false,true,true,,,,
DataRemoteOrgDataSpaceMap,,263,Remote Org Data Space Mapping,Remote Org Data Space Mappings,true,true,true,false,,,false,false,false,false,,false,false,false,true,,,false,false,false,false,false,,true,false,true,false,,false,,,,
DataSemanticSearch,,18l,Search Index,Search Index,true,true,true,false,,,true,false,false,false,,false,true,false,true,,,false,false,true,false,true,,true,true,true,true,true,true,,,true,
DatasetAccess,,02M,Dataset Access,Dataset Accesses,true,true,true,false,,,false,false,false,false,,false,false,false,true,,,false,false,false,false,false,,true,false,true,false,,false,,,,
DatasetDarkLaunch,,0Zt,DatasetDarkLaunch,DatasetDarkLaunches,true,true,true,false,,,false,false,false,false,,false,false,false,true,,,false,false,false,false,false,,true,false,true,false,,false,,,,
DatasetExport,,0Px,Dataset Export,Dataset Exports,false,false,false,false,,,false,false,false,false,,false,false,false,true,,,false,false,false,false,false,,true,false,true,false,,false,,,,
DatasetExportEvent,,0Or,Dataset Export Event,Dataset Export Events,true,false,false,false,,,false,false,false,false,,false,false,false,false,,,false,false,false,false,false,,false,false,false,false,true,false,,,,
DatasetExportPart,,0Py,Dataset Export Part,Dataset Export Parts,false,false,false,false,,,false,false,false,false,,false,false,false,true,,,false,false,false,false,false,,true,false,true,false,,false,,,,
DatasetFetch,,0Zd,Dataset Fetched,Datasets Fetched,true,true,true,false,,,false,false,false,false,,false,false,false,true,,,false,false,false,false,false,,true,false,true,false,,false,,,,
DatasetFieldSynonym,,0kc,Dataset Field Synonym,Dataset Field Synonyms,true,true,true,false,,,false,false,false,false,,false,false,false,true,,,false,false,false,false,false,,true,false,true,false,,false,,,,
DatasetFieldSynonymUser,,0kg,Dataset Field Synonym User,Dataset Field Synonym Users,true,true,true,false,,,false,false,false,false,,false,false,false,true,,,false,false,false,false,false,,true,false,true,false,,false,,,,
DatasetRegister,,02O,Dataset Registered,Datasets Registered,true,true,true,false,,,false,false,false,false,,false,false,false,true,,,false,false,false,false,false,,true,false,true,false,,false,,,,
DataShellTntUpgradeEvent,,1D8,Shell Tenant Upgrade Event,Shell Tenant Upgrade Events,false,false,false,false,,,false,false,false,false,,false,false,false,false,,,false,false,false,false,false,,false,false,false,false,true,false,,,,
DataShrMappingStatusEvent,,2e2,Data Share Mapping Status Event,Data Share Mapping Status Events,false,false,false,false,,,false,false,false,false,,false,false,false,false,,,false,false,false,false,false,,false,false,false,false,true,false,,,,
DataSourceBundle,true,8Sj,Data Source Bundle,Data Source Bundles,false,false,false,false,,,false,false,false,false,,false,false,false,true,,,false,false,false,false,false,,true,true,true,false,true,false,,,,
DataSourceBundleOwnerSharingRule,,,Data Source Bundle Owner Rule,Data Source Bundle Owner Rule,true,true,true,false,OwnerSharingRule,DataSourceBundle,false,false,false,false,,false,false,false,true,,,false,false,false,false,false,,true,true,true,false,,false,,,,
DataSpace,,0vh,Data Space,Data Spaces,true,true,true,false,,,true,false,false,false,,false,true,false,true,,,false,false,true,false,true,,true,true,true,true,true,true,,,true,
DataSpaceFilterCondition,,0vk,Data Space Filter Condition,Data Space Filter Conditions,true,true,true,false,,,false,false,false,false,,false,false,false,true,,,false,false,false,false,false,,true,false,true,false,,false,,,,
DataSpaceFilterCriteria,,0vj,Data Space Filter Criterion,Data Space Filter Criteria,true,true,true,false,,,false,false,false,false,,false,false,false,true,,,false,false,false,false,false,,true,false,true,false,,false,,,,
DataSpaceInternalOrg,,4Fu,Data Space Internal Organization,Data Space Internal Organization,true,true,true,false,,,false,false,false,false,,false,false,false,true,,,false,false,false,false,false,,true,false,true,false,,false,,,,
DataStatistics,,05a,Data Statistics,Data Statistics,false,false,false,false,,,false,false,false,false,,false,false,false,false,,,false,false,false,false,false,,true,false,false,false,,false,,,,
DataStream,true,1ds,Data Stream,Data Streams,true,true,true,false,,,true,false,false,false,,false,true,false,true,,,false,false,true,false,true,,true,true,true,true,true,true,,,true,
DataStreamNewFieldEvent,,1e8,Data Stream New Field Event,Data Stream New Field Events,false,false,false,false,,,false,false,false,false,,false,false,false,false,,,false,false,false,false,false,,false,false,false,false,true,false,,,,
DataStreamStatusEvent,,1e0,Data Stream Status Event,Data Stream Status Events,false,false,false,false,,,false,false,false,false,,false,false,false,false,,,false,false,false,false,false,,false,false,false,false,true,false,,,,
DataSyncConnectorEvent,,9cs,Data Sync Connector Status Event,Data Sync Connector Status Events,false,false,false,false,,,false,false,false,false,,false,false,false,false,,,false,false,false,false,false,,false,false,false,false,true,false,,,,
DataType,,4dt,Data Type,Data Types,false,false,false,false,,,false,false,false,false,,false,false,false,false,,,false,false,false,false,false,,true,false,false,false,,false,,,,
DataUseLegalBasis,true,0ZT,Data Use Legal Basis,Data Use Legal Bases,true,true,true,false,,,true,false,false,false,,false,false,false,true,,,false,false,true,false,true,,true,true,true,true,true,true,,,true,
DataUseLegalBasisOwnerSharingRule,,,Data Use Legal Basis Owner Rule,Data Use Legal Basis Owner Rule,true,true,true,false,OwnerSharingRule,DataUseLegalBasis,false,false,false,false,,false,false,false,true,,,false,false,false,false,false,,true,true,true,false,,false,,,,
DataUsePurpose,true,0ZW,Data Use Purpose,Data Use Purposes,true,true,true,false,,,true,false,false,true,,false,false,false,true,,,false,false,true,false,true,,true,true,true,true,true,true,,,true,
DataUsePurposeOwnerSharingRule,,,Data Use Purpose Owner Rule,Data Use Purpose Owner Rule,true,true,true,false,OwnerSharingRule,DataUsePurpose,false,false,false,false,,false,false,false,true,,,false,false,false,false,false,,true,true,true,false,,false,,,,
DataWeaveResource,,7FY,DataWeave Resource,DataWeave Resources,false,false,false,false,,,false,false,false,false,,false,false,false,true,,,false,false,false,false,false,,true,false,true,false,,false,,,,
DatedConversionRate,,04w,Dated Conversion Rate,Dated Conversion Rate,false,false,false,false,,,false,false,false,false,,false,false,false,true,,,false,false,false,false,false,,true,true,true,false,,false,,,,
DateMetadata,,0La,Date Metadata,Date Metadata,true,true,true,false,,,false,false,false,false,,false,false,false,true,,,false,false,false,false,false,,true,false,true,false,,false,,,,
DBM_Data_Entry__c,true,a8L,DBM Data Entry,DBM Data Entries,true,true,true,false,,,true,true,false,false,,false,false,false,true,,,false,false,true,false,false,,true,true,true,true,true,true,,,true,
DBM_Event__e,true,,,,,,,,,,,,,,,,,,,,,,,,,,,,,,,,,,,,
DBM_Report__c,true,a8O,DBM Report,DBM Reports,true,true,true,false,,,true,true,false,false,,false,false,false,true,,,false,false,true,false,true,,true,true,true,true,true,true,,,true,
DBM_Report__OwnerSharingRule,,,Owner Rule: DBM Report,Owner Rule: DBM Report,true,true,true,false,OwnerSharingRule,DBM_Report__c,false,false,false,false,,false,false,false,true,,,false,false,false,false,false,,true,true,true,false,,false,,,,
DBM_Report_Grouping__c,true,a8N,DBM Report Grouping,DBM Report Groupings,true,true,true,false,,,true,true,false,false,,false,false,false,true,,,false,false,true,false,false,,true,true,true,true,true,true,,,true,
DBM_Report_Grouping_Entry__c,true,a8M,DBM Report Grouping Entry,DBM Report Grouping Entries,true,true,true,false,,,true,true,false,false,,false,false,false,true,,,false,false,true,false,false,,true,true,true,true,true,true,,,true,
DcsnTblSourceObjectRecord,,7WU,Decision Table Source Object Record,Decision Table Source Object Records,true,false,true,false,,,false,false,false,false,,false,false,false,false,,,false,false,false,false,false,,true,false,true,false,,false,,,,
DecisionMatrixDefinition,,9QN,Decision Matrix Definition,Decision Matrix Definitions,true,true,true,false,,,false,false,false,false,,false,false,false,true,,,false,false,false,false,false,,true,false,true,false,,false,,,,
DecisionMatrixDefinitionVersion,,9QO,Decision Matrix Definition Version,Decision Matrix Definition Versions,true,true,true,false,,,false,false,false,false,,false,false,false,true,,,false,false,false,false,false,,true,false,true,false,,false,,,,
DecisionTable,,0lD,Decision Table,Decision Tables,true,true,true,false,,,false,false,false,false,,false,false,false,true,,,false,false,false,false,false,,true,false,true,false,,false,,,,
DecisionTableDataset,,7wU,Decision Table Dataset,Decision Table Datasets,true,false,true,false,,,false,false,false,false,,false,false,false,false,,,false,false,false,false,false,,true,false,true,false,,false,,,,
DecisionTableDatasetLink,,0lX,Decision Table Dataset Link,Decision Table Dataset Links,true,true,true,false,,,false,false,false,false,,false,false,false,true,,,false,false,false,false,false,,true,false,true,false,,false,,,,
DecisionTableParameter,,0lP,Decision Table Parameter,Decision Table Parameters,true,true,true,false,,,false,false,false,false,,false,false,false,true,,,false,false,false,false,false,,true,false,true,false,,false,,,,
DecisionTableRecordset,,195,Decision Table Recordset,Decision Table Recordsets,true,false,true,false,,,false,false,false,false,,false,false,false,false,,,false,false,false,false,false,,true,false,true,false,,false,,,,
DecisionTableSourceCriteria,,0VT,Decision Table Source Criteria,Decision Table Source Criteria,false,false,true,false,,,false,false,false,false,,false,false,false,true,,,false,false,false,false,false,,true,false,true,false,,false,,,,
DecisionTblDatasetParameter,,0lZ,Decision Table Dataset Parameter,Decision Table Dataset Parameters,true,true,true,false,,,false,false,false,false,,false,false,false,true,,,false,false,false,false,false,,true,false,true,false,,false,,,,
DecisionTblFileImportData,true,1FI,Decision Table File data,Decision Table File datas,true,true,true,false,,,false,false,false,false,,false,false,false,true,,,false,false,false,false,false,,true,true,true,true,true,true,,,,
DecisionTblFileImportDataOwnerSharingRule,,,Decision Table File data Owner Rule,Decision Table File data Owner Rule,true,true,true,false,OwnerSharingRule,DecisionTblFileImportData,false,false,false,false,,false,false,false,true,,,false,false,false,false,false,,true,true,true,false,,false,,,,
DeclinedEventRelation,,,Declined Event Relation,Declined Event Relations,false,false,false,false,,,false,false,false,false,,false,false,false,true,,,false,false,false,false,false,,true,false,true,false,,false,,,,
DelegatedAccount,true,0du,External Managed Account,External Managed Accounts,true,true,true,false,,,true,false,false,false,,false,false,false,true,,,false,false,true,false,true,,true,true,true,true,true,false,,,true,
DelegatedAccountOwnerSharingRule,,,External Managed Account Owner Rule,External Managed Account Owner Rule,true,true,true,false,OwnerSharingRule,DelegatedAccount,false,false,false,false,,false,false,false,true,,,false,false,false,false,false,,true,true,true,false,,false,,,,
DeleteEvent,,00C,Recycle Bin Item,Recycle Bin,false,false,false,false,,,false,false,false,false,,false,false,false,true,,,false,false,false,false,false,,true,false,true,false,,false,,,,
DeliveryEstimationSetup,true,2A0,Delivery Estimation Setup,Delivery Estimation Setups,true,true,true,false,,,true,false,false,false,,false,false,false,true,,,false,false,true,false,true,,true,true,true,true,true,true,,,true,
DeliveryEstimationSetupOwnerSharingRule,,,Delivery Estimation Setup Owner Rule,Delivery Estimation Setup Owner Rule,true,true,true,false,OwnerSharingRule,DeliveryEstimationSetup,false,false,false,false,,false,false,false,true,,,false,false,false,false,false,,true,true,true,false,,false,,,,
DiagnosticSummary,true,0lQ,Diagnostic Summary,Diagnostic Summaries,false,false,false,false,,,true,false,false,false,,false,false,false,true,,,false,false,true,false,true,,true,true,true,true,true,false,,,true,
DiagnosticSummaryDetail,true,0oB,Diagnostic Summary Detail,Diagnostic Summary Details,false,false,false,false,,,true,false,false,false,,false,false,false,true,,,false,false,true,false,true,,true,true,true,true,true,false,,,true,
DiagnosticSummaryOwnerSharingRule,,,Diagnostic Summary Owner Rule,Diagnostic Summary Owner Rule,true,true,true,false,OwnerSharingRule,DiagnosticSummary,false,false,false,false,,false,false,false,true,,,false,false,false,false,false,,true,true,true,false,,false,,,,
DialerCallUsage,,0gX,Dialer Call Usage,Dialer Call Usages,false,false,false,false,,,false,false,false,false,,false,false,false,true,,,false,false,false,false,false,,true,true,true,false,,false,,,,
DialerCallUsageOwnerSharingRule,,,Dialer Call Usage Owner Rule,Dialer Call Usage Owner Rule,true,true,true,false,OwnerSharingRule,DialerCallUsage,false,false,false,false,,false,false,false,true,,,false,false,false,false,false,,true,true,true,false,,false,,,,
DigitalSignature,true,1DS,Digital Signature,Digital Signatures,true,false,true,false,,,false,false,false,false,,false,false,false,true,,,false,false,false,false,false,,true,true,true,false,,true,,,,
DigitalVerfSetupDetail,true,,,,,,,,,,,,,,,,,,,,,,,,,,,,,,,,,,,,
DigitalVerification,true,15E,Digital Verification,Digital Verifications,true,true,true,false,,,true,false,false,false,,false,false,false,true,,,false,false,true,false,true,,true,true,true,true,true,true,,,true,
DigitalVerificationOwnerSharingRule,,,Digital Verification Owner Rule,Digital Verification Owner Rule,true,true,true,false,OwnerSharingRule,DigitalVerification,false,false,false,false,,false,false,false,true,,,false,false,false,false,false,,true,true,true,false,,false,,,,
DigitalVerificationSetup,true,,,,,,,,,,,,,,,,,,,,,,,,,,,,,,,,,,,,
DigitalWallet,true,1DW,Digital Wallet,Digital Wallets,true,true,true,false,,,true,false,false,false,,false,false,false,true,,PaymentMethod,false,false,true,false,true,,true,true,true,false,,true,,,,
Dimension,,0KV,Dimension,Dimensions,true,true,true,false,,,false,false,false,false,,false,false,false,true,,,false,false,false,false,false,,true,false,true,false,,false,,,,
DimensionCustomAction,,08k,Dimension Custom Action,Dimension Custom Actions,true,true,true,false,,,false,false,false,false,,false,false,false,true,,,false,false,false,false,false,,true,false,true,false,,false,,,,
DimensionMember,,0KX,Dimension Member,Dimension Members,true,true,true,false,,,false,false,false,false,,false,false,false,true,,,false,false,false,false,false,,true,false,true,false,,false,,,,
DimensionSalesforceAction,,0LT,Dimension Salesforce Action,Dimension Salesforce Actions,true,true,true,false,,,false,false,false,false,,false,false,false,true,,,false,false,false,false,false,,true,false,true,false,,false,,,,
Disclosure,true,2yT,Disclosure,Disclosures,false,false,false,false,,,true,false,false,false,,false,false,false,true,,,false,false,true,false,true,,true,true,true,true,true,false,,,true,
DisclosureDefinition,,4rT,Disclosure Definition,Disclosure Definitions,true,true,true,false,,,true,false,false,false,,false,false,false,true,,,false,false,true,false,true,,true,false,true,false,,false,,,,
DisclosureDefinitionVersion,,0zY,Disclosure Definition Version,Disclosure Definition Versions,true,true,true,false,,,true,false,false,false,,false,false,false,true,,,false,false,true,false,true,,true,false,true,false,,false,,,,
DisclosureOwnerSharingRule,,,Disclosure Owner Rule,Disclosure Owner Rule,true,true,true,false,OwnerSharingRule,Disclosure,false,false,false,false,,false,false,false,true,,,false,false,false,false,false,,true,true,true,false,,false,,,,
DisclosureType,,1aw,Disclosure Type,Disclosure Types,true,true,true,false,,,true,false,false,false,,false,false,false,true,,,false,false,true,false,true,,true,false,true,false,,false,,,,
DisclsReportingPeriod,true,5xn,Disclosure Reporting Period,Disclosure Reporting Periods,false,false,false,false,,,true,false,false,false,,false,false,false,true,,,false,false,true,false,true,,true,true,true,true,true,false,,,true,
DisclsReportingPeriodOwnerSharingRule,,,Disclosure Reporting Period Owner Rule,Disclosure Reporting Period Owner Rule,true,true,true,false,OwnerSharingRule,DisclsReportingPeriod,false,false,false,false,,false,false,false,true,,,false,false,false,false,false,,true,true,true,false,,false,,,,
DiscoveryAIModel,,1OT,Discovery AI Model,Discovery AI Models,true,true,true,false,,,false,false,false,false,,false,false,false,true,,,false,false,false,false,false,,true,false,true,false,,false,,,,
DiscoveryAnalysisSetupData,,9BD,Discovery Analysis Setup Data,Discovery Analysis Setups Data,true,true,true,false,,,false,false,false,false,,false,false,false,true,,,false,false,false,false,false,,true,false,true,false,,false,,,,
DiscoveryDeployedModel,,1Ot,Discovery Deployed Model,Discovery Deployed Models,true,true,true,false,,,false,false,false,false,,false,false,false,true,,,false,false,false,false,false,,true,false,true,false,,false,,,,
DiscoveryDplyMdlCstmzField,,1OA,Discovery Deployed Model Customizable Field,Discovery Deployed Model Customizable Fields,true,true,true,false,,,false,false,false,false,,false,false,false,true,,,false,false,false,false,false,,true,false,true,false,,false,,,,
DiscoveryFieldMap,,1OM,Discovery Field Map,Discovery Field Maps,true,true,true,false,,,false,false,false,false,,false,false,false,true,,,false,false,false,false,false,,true,false,true,false,,false,,,,
DiscoveryFilter,,1Oy,Discovery Filter,Discovery Filters,true,true,true,false,,,false,false,false,false,,false,false,false,true,,,false,false,false,false,false,,true,false,true,false,,false,,,,
DiscoveryFilterValue,,1Ql,Discovery Filter Value,Discovery Filter Values,true,true,true,false,,,false,false,false,false,,false,false,false,true,,,false,false,false,false,false,,true,false,true,false,,false,,,,
DiscoveryGoal,,1OR,Discovery Goal,Discovery Goals,true,true,true,false,,,false,false,false,false,,false,false,false,true,,,false,false,false,false,false,,true,false,true,false,,false,,,,
DiscoveryMdlTfrmFrcstSetup,,7fr,Discovery Model Transform Forecast Setup,Discovery Model Transform Forecast Setups,true,true,true,false,,,false,false,false,false,,false,false,false,true,,,false,false,false,false,false,,true,false,true,false,,false,,,,
DiscoveryModelCard,,1Oc,DiscoveryModelCard,DiscoveryModelCards,true,true,true,false,,,false,false,false,false,,false,false,false,true,,,false,false,false,false,false,,true,false,true,false,,false,,,,
DiscoveryModelField,,1OF,Discovery Model Field,Discovery Model Fields,true,true,true,false,,,false,false,false,false,,false,false,false,true,,,false,false,false,false,false,,true,false,true,false,,false,,,,
DiscoveryModelTransform,,1OE,Discovery Model Transformation,Discovery Model Transformations,true,true,true,false,,,false,false,false,false,,false,false,false,true,,,false,false,false,false,false,,true,false,true,false,,false,,,,
DiscoveryPredictionEvent,,0w1,Discovery Prediction Event,Discovery Prediction Events,false,false,false,false,,,false,false,false,false,,false,false,false,false,,,false,false,false,false,false,,false,false,false,false,true,false,,,,
DiscoveryRecipient,,1OI,Discovery Recipient,Discovery Recipients,true,true,true,false,,,false,false,false,false,,false,false,false,true,,,false,false,false,false,false,,true,false,true,false,,false,,,,
DiscoveryRefreshConfig,,1OC,Discovery Refresh Config,Discovery Refresh Configs,true,true,true,false,,,false,false,false,false,,false,false,false,true,,,false,false,false,false,false,,true,false,true,false,,false,,,,
DiscoveryRefreshJob,,1OX,Discovery Refresh Job,Discovery Refresh Jobs,true,true,true,false,,,false,false,false,false,,false,false,false,true,,,false,false,false,false,false,,true,false,true,false,,false,,,,
DiscoveryRefreshTask,,1Ox,Discovery Refresh Task,Discovery Refresh Tasks,true,true,true,false,,,false,false,false,false,,false,false,false,true,,,false,false,false,false,false,,true,false,true,false,,false,,,,
DiscoveryScoringJob,,1OS,Discovery Scoring Job,Discovery Scoring Jobs,true,true,true,false,,,false,false,false,false,,false,false,false,true,,,false,false,false,false,false,,true,false,true,false,,false,,,,
DiscoveryScoringJobItem,,1Oi,Discovery Scoring Job Item,Discovery Scoring Job Items,true,true,true,false,,,false,false,false,false,,false,false,false,true,,,false,false,false,false,false,,true,false,true,false,,false,,,,
DiscvDplyMdlCstmzFieldTxt,,1OU,Discovery Deployed Model Customizable Field Text,Discovery Deployed Model Customizable Field Text,true,true,true,false,,,false,false,false,false,,false,false,false,true,,,false,false,false,false,false,,true,false,true,false,,false,,,,
DistributorAuthorization,true,0YE,Distributor Authorization,Distributor Authorizations,true,true,true,false,,,true,false,false,false,,false,false,false,true,,,false,false,true,false,true,,true,true,true,true,true,true,,,true,
DistributorAuthorizationOwnerSharingRule,,,Distributor Authorization Owner Rule,Distributor Authorization Owner Rule,true,true,true,false,OwnerSharingRule,DistributorAuthorization,false,false,false,false,,false,false,false,true,,,false,false,false,false,false,,true,true,true,false,,false,,,,
DivrsEquityInclSum,true,8yw,Diversity Equity Inclusion Summary,Diversity Equity Inclusion Summaries,false,false,false,false,,,true,false,false,false,,false,false,false,true,,,false,false,true,false,true,,true,true,true,true,true,false,,,true,
DivrsEquityInclSumOwnerSharingRule,,,Diversity Equity Inclusion Summary Owner Rule,Diversity Equity Inclusion Summary Owner Rule,true,true,true,false,OwnerSharingRule,DivrsEquityInclSum,false,false,false,false,,false,false,false,true,,,false,false,false,false,false,,true,true,true,false,,false,,,,
DocGenerationQueryResult,true,1AG,Document Generation Query Result,Document Generation Query Results,true,true,true,false,,,true,false,false,false,,false,false,false,true,,,false,false,true,false,true,,true,true,true,true,true,true,,,true,
DocGenerationQueryResultOwnerSharingRule,,,Document Generation Query Result Owner Rule,Document Generation Query Result Owner Rule,true,true,true,false,OwnerSharingRule,DocGenerationQueryResult,false,false,false,false,,false,false,false,true,,,false,false,false,false,false,,true,true,true,false,,false,,,,
DocGenProcStsChgEvent,,32s,Document Generation Process Status Changed Event,Document Generation Process Status Changed Events,false,false,false,false,,,false,false,false,false,,false,false,false,false,,,false,false,false,false,false,,false,false,false,false,true,false,,,,
DocProcessingStatusEvent,,1Td,Document Processing Status Event,Document Processing Status Events,false,false,false,false,,,false,false,false,false,,false,false,false,false,,,false,false,false,false,false,,false,false,false,false,true,false,,,,
DocTemplateSectionCondition,true,2dn,Document Template Section Condition,Document Template Section Conditions,true,true,true,false,,,true,false,false,false,,false,false,false,true,,,false,false,true,false,true,,true,true,true,true,true,true,,,true,
Document,,015,Document,Documents,true,true,true,false,,,false,false,false,false,,false,false,false,true,,,false,false,false,false,true,,true,true,true,true,,true,,,,
DocumentAttachmentMap,,05X,Document Entity Map,Document Entity Map,true,true,false,false,,,false,false,false,false,,false,false,false,true,,,false,false,false,false,false,,true,false,true,false,,false,,,,
DocumentCategory,,16T,Document Category,Document Categories,true,true,true,false,,,true,false,false,false,,false,false,false,true,,,false,false,true,false,true,,true,false,true,false,,false,,,true,
DocumentCategoryDocumentType,,16V,Document Category Document Type,Document Category Document Types,true,true,true,false,,,false,false,false,false,,false,false,false,true,,,false,false,false,false,true,,true,false,true,false,,false,,,,
DocumentChecklistItem,true,0dd,Document Checklist Item,Document Checklist Items,false,false,false,false,,,true,false,false,false,,false,false,false,true,,,false,false,true,false,true,,true,true,true,true,true,false,,,true,
DocumentChecklistItemOwnerSharingRule,,,Document Checklist Item Owner Rule,Document Checklist Item Owner Rule,true,true,true,false,OwnerSharingRule,DocumentChecklistItem,false,false,false,false,,false,false,false,true,,,false,false,false,false,false,,true,true,true,false,,false,,,,
DocumentDecisionRequirement,true,16W,Document Decision Requirement,Document Decision Requirements,true,true,true,false,,,true,false,false,false,,false,false,false,true,,,false,false,true,false,true,,true,true,true,true,true,true,,,true,
DocumentDecisionRequirementOwnerSharingRule,,,Document Decision Requirement Owner Rule,Document Decision Requirement Owner Rule,true,true,true,false,OwnerSharingRule,DocumentDecisionRequirement,false,false,false,false,,false,false,false,true,,,false,false,false,false,false,,true,true,true,false,,false,,,,
DocumentEnvelope,true,0qw,Document Envelope,Document Envelopes,true,true,true,false,,,true,false,false,false,,false,false,false,true,,,false,false,true,false,true,,true,true,true,true,true,true,,,true,
DocumentEnvelopeOwnerSharingRule,,,Document Envelope Owner Rule,Document Envelope Owner Rule,true,true,true,false,OwnerSharingRule,DocumentEnvelope,false,false,false,false,,false,false,false,true,,,false,false,false,false,false,,true,true,true,false,,false,,,,
DocumentGenerationProcess,true,0nn,Document Generation Process,Document Generation Processes,true,true,true,false,,,true,false,false,false,,false,false,false,true,,,false,false,true,false,true,,true,true,true,true,true,true,,,true,
DocumentGenerationProcessOwnerSharingRule,,,Document Generation Process Owner Rule,Document Generation Process Owner Rule,true,true,true,false,OwnerSharingRule,DocumentGenerationProcess,false,false,false,false,,false,false,false,true,,,false,false,false,false,false,,true,true,true,false,,false,,,,
DocumentGenerationSetting,,2dp,Document Generation Setting,Document Generation Settings,true,true,true,false,,,false,false,false,false,,false,false,false,true,,,false,false,false,false,false,,true,false,true,false,,false,,,,
DocumentRecipient,true,3zm,Document Recipient,Document Recipients,true,true,true,false,,,true,false,false,false,,false,false,false,true,,,false,false,true,false,true,,true,true,true,true,true,true,,,true,
DocumentRecipientOwnerSharingRule,,,Document Recipient Owner Rule,Document Recipient Owner Rule,true,true,true,false,OwnerSharingRule,DocumentRecipient,false,false,false,false,,false,false,false,true,,,false,false,false,false,false,,true,true,true,false,,false,,,,
DocumentTemplate,true,2dt,Document Template,Document Templates,true,true,true,false,,,true,false,false,false,,false,false,false,true,,,false,false,true,false,true,,true,true,true,true,true,true,,,true,
DocumentTemplateContentDoc,true,2dd,Document Template Content Document,Document Template Content Documents,true,true,true,false,,,true,false,false,false,,false,false,false,true,,,false,false,true,false,true,,true,true,true,true,true,false,,,true,
DocumentTemplateOwnerSharingRule,,,Document Template Owner Rule,Document Template Owner Rule,true,true,true,false,OwnerSharingRule,DocumentTemplate,false,false,false,false,,false,false,false,true,,,false,false,false,false,false,,true,true,true,false,,false,,,,
DocumentTemplateSection,true,2ds,Document Template Section,Document Template Sections,true,true,true,false,,,true,false,false,false,,false,false,false,true,,,false,false,true,false,true,,true,true,true,true,true,true,,,true,
DocumentTemplateToken,true,2dk,Document Template Token,Document Template Tokens,true,true,true,false,,,true,false,false,false,,false,false,false,true,,,false,false,true,false,true,,true,true,true,true,true,true,,,true,
Domain,,0I4,Domain,Domains,false,false,false,false,,,false,false,false,false,,false,false,false,true,,,false,false,false,false,false,,true,false,true,false,,false,,,,
DomainSite,,0Jf,Custom URL,Custom URLs,false,false,false,false,,,false,false,false,false,,false,false,false,true,,,false,false,false,false,false,,true,false,true,false,,false,,,,
DrugDisplayTerm,true,,,,,,,,,,,,,,,,,,,,,,,,,,,,,,,,,,,,
DsarPolicy,,83A,Data Subject Access Request Policy,Data Subject Access Request Policies,false,false,false,false,,,false,false,false,false,,false,false,false,true,,,false,false,false,false,false,,true,false,true,false,,false,,,,
DsarPolicyLog,,0je,Data Subject Access Request Policy Log,Data Subject Access Request Policy Logs,false,false,false,false,,,false,false,false,false,,false,false,false,true,,,false,false,false,false,false,,true,false,true,false,,false,,,,
DTRecordsetReplica,true,19q,Decision Table Recordset Replica,Decision Table Recordset Replicas,true,true,true,false,,,false,false,false,false,,false,false,false,true,,,false,false,false,false,false,,true,true,true,true,true,true,,,,
DTRecordsetReplicaOwnerSharingRule,,,Decision Table Recordset Replica Owner Rule,Decision Table Recordset Replica Owner Rule,true,true,true,false,OwnerSharingRule,DTRecordsetReplica,false,false,false,false,,false,false,false,true,,,false,false,false,false,false,,true,true,true,false,,false,,,,
DuplicateRecordItem,true,0GL,Duplicate Record Item,Duplicate Record Items,true,true,true,false,,,true,false,false,false,,false,false,false,true,,,false,false,true,false,false,,true,true,true,false,true,true,,,,
DuplicateRecordSet,true,0GK,Duplicate Record Set,Duplicate Record Sets,true,true,true,false,,,true,false,false,false,,false,false,false,true,,,false,false,true,false,true,,true,true,true,false,true,true,,,,
DuplicateRule,,0Bm,Duplicate Rule,Duplicate Rules,false,false,false,false,,,true,false,false,false,,false,false,false,true,,,false,false,true,false,true,,true,false,true,true,,false,,,,
DynamicDataCapture,true,1Ey,Form,Forms,true,true,true,false,,,true,false,false,false,,false,false,false,true,,,false,false,true,false,true,,true,true,true,true,true,true,,,true,
DynamicDataCaptureOwnerSharingRule,,,Form Owner Rule,Form Owner Rule,true,true,true,false,OwnerSharingRule,DynamicDataCapture,false,false,false,false,,false,false,false,true,,,false,false,false,false,false,,true,true,true,false,,false,,,,
EconomicPerformanceSum,true,11T,Economic Performance Summary,Economic Performance Summaries,false,false,false,false,,,true,false,false,false,,false,false,false,true,,,false,false,true,false,true,,true,true,true,true,true,false,,,true,
EconomicPerformanceSumOwnerSharingRule,,,Economic Performance Summary Owner Rule,Economic Performance Summary Owner Rule,true,true,true,false,OwnerSharingRule,EconomicPerformanceSum,false,false,false,false,,false,false,false,true,,,false,false,false,false,false,,true,true,true,false,,false,,,,
EdgeMart,,0Fb,Dataset,Datasets,true,true,true,false,,,false,false,false,false,,false,false,false,true,,,false,false,false,false,true,,true,false,true,true,,false,,,,
EdgeMartData,,0Fc,DatasetData,DatasetDatas,true,true,true,false,,,false,false,false,false,,false,false,false,true,,,false,false,false,false,false,,true,false,true,false,,false,,,,
EdgeMartDataFile,,0Fd,DatasetFile,DatasetFiles,true,true,true,false,,,false,false,false,false,,false,false,false,true,,,false,false,false,false,false,,true,false,true,false,,false,,,,
EdgeMartDataObject,,163,EdgeMart Data Object,EdgeMart Data Objects,true,true,true,false,,,false,false,false,false,,false,false,false,true,,,false,false,false,false,false,,true,false,true,false,,false,,,,
EdgeMartDataShard,,06f,DatasetShard,DatasetShards,true,true,true,false,,,false,false,false,false,,false,false,false,true,,,false,false,false,false,false,,true,false,true,false,,false,,,,
EdgeMartDataShardFile,,06g,DatasetShardFile,DatasetShardFiles,true,true,true,false,,,false,false,false,false,,false,false,false,true,,,false,false,false,false,false,,true,false,true,false,,false,,,,
EdgeMartMetadata,,0KT,Dataset Metadata,Dataset Metadata,true,true,true,false,,,false,false,false,false,,false,false,false,true,,,false,false,false,false,false,,true,false,true,false,,false,,,,
EdgeMartOrganization,,0Lb,Dataset Organization,Dataset Organizations,true,true,true,false,,,false,false,false,false,,false,false,false,true,,,false,false,false,false,false,,true,false,true,false,,false,,,,
Einstein_User__c,true,a3O,Einstein User,Einstein User,true,true,true,false,,,false,true,true,false,,false,false,false,true,,,false,false,true,false,false,,true,true,true,true,,true,,,true,
Einstein_User__OwnerSharingRule,,,Owner Rule: Einstein User,Owner Rule: Einstein User,true,true,true,false,OwnerSharingRule,Einstein_User__c,false,false,false,false,,false,false,false,true,,,false,false,false,false,false,,true,true,true,false,,false,,,,
EinsteinAnswerFeedback,,4J6,Einstein Answer Feedback,Einstein Answer Feedback,false,false,false,false,,,false,false,false,false,,false,false,false,true,,,false,false,false,false,false,NetworkId,true,true,true,false,,false,,,,
einsteinplay__Einstein_Settings__c,true,a3K,Einstein Settings,Einstein Settings,true,true,true,false,,,false,true,true,false,,false,false,false,true,,,false,false,true,false,false,,true,true,true,true,,true,,,true,
einsteinplay__Einstein_Settings__OwnerSharingRule,,,Owner Rule: Einstein Settings,Owner Rule: Einstein Settings,true,true,true,false,OwnerSharingRule,einsteinplay__Einstein_Settings__c,false,false,false,false,,false,false,false,true,,,false,false,false,false,false,,true,true,true,false,,false,,,,
ElectricityEmssnFctrSet,true,0oT,Electricity Emissions Factor Set,Electricity Emissions Factor Sets,false,false,false,false,,,true,false,false,false,,false,false,false,true,,,false,false,true,false,true,,true,true,true,true,true,false,,,true,
ElectricityEmssnFctrSetOwnerSharingRule,,,Electricity Emissions Factor Set Owner Rule,Electricity Emissions Factor Set Owner Rule,true,true,true,false,OwnerSharingRule,ElectricityEmssnFctrSet,false,false,false,false,,false,false,false,true,,,false,false,false,false,false,,true,true,true,false,,false,,,,
ElectronicMediaGroup,true,2mg,Electronic Media Group,Electronic Media Groups,false,false,false,false,,,true,false,false,false,,false,false,false,true,,,false,false,true,false,true,,true,true,true,false,true,false,,,,
ElectronicMediaGroupOwnerSharingRule,,,Electronic Media Group Owner Rule,Electronic Media Group Owner Rule,true,true,true,false,OwnerSharingRule,ElectronicMediaGroup,false,false,false,false,,false,false,false,true,,,false,false,false,false,false,,true,true,true,false,,false,,,,
ElectronicMediaUse,true,2mu,Electronic Media Use,Electronic Media Uses,false,false,false,false,,,false,false,false,false,,false,false,false,true,ProductCategoryMedia,ProductMedia,,true,false,false,false,false,,true,false,true,false,,false,,,,
EmailBounceEvent,,16M,Email Bounce Event,Email Bounce Events,true,false,false,false,,,false,false,false,false,,false,false,false,false,,,false,false,false,false,false,,false,false,false,false,true,false,,,,
EmailCapture,,06F,EmailCapture,Email Captures,true,true,true,false,,,false,false,false,false,,false,false,false,true,,,false,false,false,false,false,,true,false,true,false,,false,,,,
EmailContent,,6RO,Email Content,Email Content,true,true,true,false,,,true,false,false,false,,false,true,false,true,,,false,false,true,false,true,,true,true,true,true,,false,,,true,
EmailDomainFilter,,0T6,Email Domain Filter,Email Domain Filter,true,true,true,false,,,false,false,false,false,,false,false,false,true,,,false,false,false,false,false,,true,false,true,false,,false,,,,
EmailDomainKey,,09P,Email Domain Key,Email Domain Keys,true,true,true,false,,,false,false,false,false,,false,false,false,true,,,false,false,false,false,false,,true,false,true,false,,false,,,,
EmailMessage,true,02s,Email Message,Email Messages,true,true,true,false,,,true,false,false,false,,false,false,false,true,,,false,false,true,false,false,,true,true,true,true,true,true,,,true,
EmailMessageRelation,,0CZ,Email Message Relation,Email Message Relations,true,true,true,false,,,false,false,false,false,,false,false,false,true,,,false,false,false,false,false,,true,true,true,false,,false,,,,
EmailRelay,,26Z,Email Relay,Email Relay,true,true,true,false,,,false,false,false,false,,false,false,false,true,,,false,false,false,false,false,,true,false,true,false,,false,,,,
EmailRoutingAddress,,02t,Email-to-Case Routing Address,Email-to-Case Routing Address,true,true,true,false,,,false,false,false,false,,false,false,false,true,,,false,false,false,false,false,,true,false,true,false,,false,,,,
EmailServicesAddress,,093,Email Services Address,Email Services Address,true,true,true,false,,,false,false,false,false,,false,false,false,true,,,false,false,false,false,false,,true,true,true,false,,false,,,,
EmailServicesFunction,,091,Email Service,Email Services,true,true,true,false,,,false,false,false,false,,false,false,false,true,,,false,false,false,false,false,,true,true,true,false,,false,,,,
EmailStatus,,018,Email Status,Email Status,false,false,false,false,,,false,false,false,false,,false,false,false,true,,,false,false,false,false,false,,false,false,false,false,,false,,,,
EmailTemplate,,00X,Email Template,Email Templates,true,true,true,false,,,true,false,false,false,,false,false,false,true,,,false,false,true,false,true,,true,true,true,true,,false,,,,
EmailTemplateMonthlyMetric,,0gm,Email Template Monthly Metric,Email Template Monthly Metrics,false,false,false,false,,,false,false,false,false,,false,false,false,true,,,false,false,false,false,false,,true,true,true,false,,false,,,,
EmbeddedServiceDetail,,0Lq,Embedded Service,Embedded Services,false,false,false,false,,,false,false,false,false,,false,false,false,false,,,false,false,false,false,false,,true,false,false,false,,false,,,,
EmbeddedServiceLabel,,0Uu,Embedded Service Label,Embedded Service Labels,false,false,false,false,,,false,false,false,false,,false,false,false,false,,,false,false,false,false,false,,true,false,false,false,,false,,,,
EmissionsActivity,true,0sm,Emissions Activity,Emissions Activities,false,false,false,false,,,true,false,false,false,,false,false,false,true,,,false,false,true,false,true,,true,true,true,true,true,false,,,true,
EmissionsActivityOwnerSharingRule,,,Emissions Activity Owner Rule,Emissions Activity Owner Rule,true,true,true,false,OwnerSharingRule,EmissionsActivity,false,false,false,false,,false,false,false,true,,,false,false,false,false,false,,true,true,true,false,,false,,,,
EmissionsAllocation,true,0Tn,Emissions Allocation,Emissions Allocations,false,false,false,false,,,true,false,false,false,,false,false,false,true,,,false,false,true,false,true,,true,true,true,true,true,false,,,true,
EmissionsAllocationOwnerSharingRule,,,Emissions Allocation Owner Rule,Emissions Allocation Owner Rule,true,true,true,false,OwnerSharingRule,EmissionsAllocation,false,false,false,false,,false,false,false,true,,,false,false,false,false,false,,true,true,true,false,,false,,,,
EmissionsForecastFact,true,0so,Emissions Forecast Fact,Emissions Forecast Facts,false,false,false,false,,,true,false,false,false,,false,false,false,true,,,false,false,true,false,true,,true,true,true,true,true,false,,,true,
EmissionsForecastFactOwnerSharingRule,,,Emissions Forecast Fact Owner Rule,Emissions Forecast Fact Owner Rule,true,true,true,false,OwnerSharingRule,EmissionsForecastFact,false,false,false,false,,false,false,false,true,,,false,false,false,false,false,,true,true,true,false,,false,,,,
EmpBenefitSummary,true,0yj,Employment Benefit Summary,Employment Benefit Summaries,false,false,false,false,,,true,false,false,false,,false,false,false,true,,,false,false,true,false,true,,true,true,true,true,true,false,,,true,
EmpBenefitSummaryOwnerSharingRule,,,Employment Benefit Summary Owner Rule,Employment Benefit Summary Owner Rule,true,true,true,false,OwnerSharingRule,EmpBenefitSummary,false,false,false,false,,false,false,false,true,,,false,false,false,false,false,,true,true,true,false,,false,,,,
EmployeeDemographicSum,true,1xR,Employee Demographic Summary,Employee Demographic Summaries,false,false,false,false,,,true,false,false,false,,false,false,false,true,,,false,false,true,false,true,,true,true,true,true,true,false,,,true,
EmployeeDemographicSumOwnerSharingRule,,,Employee Demographic Summary Owner Rule,Employee Demographic Summary Owner Rule,true,true,true,false,OwnerSharingRule,EmployeeDemographicSum,false,false,false,false,,false,false,false,true,,,false,false,false,false,false,,true,true,true,false,,false,,,,
EmployeeDevelopmentSum,true,4xn,Employee Development Summary,Employee Development Summaries,false,false,false,false,,,true,false,false,false,,false,false,false,true,,,false,false,true,false,true,,true,true,true,true,true,false,,,true,
EmployeeDevelopmentSumOwnerSharingRule,,,Employee Development Summary Owner Rule,Employee Development Summary Owner Rule,true,true,true,false,OwnerSharingRule,EmployeeDevelopmentSum,false,false,false,false,,false,false,false,true,,,false,false,false,false,false,,true,true,true,false,,false,,,,
EmploymentCompensationSummary,true,14P,Employment Compensation Summary,Employment Compensation Summaries,false,false,false,false,,,true,false,false,false,,false,false,false,true,,,false,false,true,false,true,,true,true,true,true,true,false,,,true,
EmploymentCompensationSummaryOwnerSharingRule,,,Employment Compensation Summary Owner Rule,Employment Compensation Summary Owner Rule,true,true,true,false,OwnerSharingRule,EmploymentCompensationSummary,false,false,false,false,,false,false,false,true,,,false,false,false,false,false,,true,true,true,false,,false,,,,
EmpUserProvisioningProcess,,3wO,Employee User Provisioning Process,Employee User Provisioning Processes,true,true,true,false,,,true,false,false,false,,false,false,false,true,,,false,false,true,false,true,,true,true,true,false,,true,,,,
EmpUserProvisionProcessErr,true,9gu,Employee User Provisioning Process Error,Employee User Provisioning Process Errors,true,true,true,false,,,true,false,false,false,,false,false,false,true,,,false,false,true,false,true,,true,true,true,false,,true,,,,
EmssnRdctnCommitment,true,1sb,Emissions Reduction Commitment,Emissions Reduction Commitments,false,false,false,false,,,true,false,false,false,,false,false,false,true,,,false,false,true,false,true,,true,true,true,true,true,false,,,true,
EmssnRdctnCommitmentOwnerSharingRule,,,Emissions Reduction Commitment Owner Rule,Emissions Reduction Commitment Owner Rule,true,true,true,false,OwnerSharingRule,EmssnRdctnCommitment,false,false,false,false,,false,false,false,true,,,false,false,false,false,false,,true,true,true,false,,false,,,,
EmssnReductionTarget,true,2sb,Emissions Reduction Target,Emissions Reduction Targets,false,false,false,false,,,true,false,false,false,,false,false,false,true,,,false,false,true,false,true,,true,true,true,true,true,false,,,true,
EmssnReductionTargetOwnerSharingRule,,,Emissions Reduction Target Owner Rule,Emissions Reduction Target Owner Rule,true,true,true,false,OwnerSharingRule,EmssnReductionTarget,false,false,false,false,,false,false,false,true,,,false,false,false,false,false,,true,true,true,false,,false,,,,
EnablementMeasureDefinition,,0mW,Enablement Measure,Enablement Measures,true,true,true,false,,,true,false,false,false,,false,false,false,true,,,false,false,true,false,true,,true,false,true,false,,false,,,,
EnablementProgram,true,0Qo,Enablement Program,Enablement Programs,true,true,true,false,,,true,false,false,false,,false,false,false,true,,,false,false,true,false,true,,true,true,true,false,,true,,,,
EnablementProgramDefinition,,19z,Enablement Program Definition,Enablement Program Definitions,false,false,false,false,,,false,false,false,false,,false,false,false,true,,,false,false,false,false,false,,true,false,true,false,,false,,,,
EnablementProgramOwnerSharingRule,,,Enablement Program Owner Rule,Enablement Program Owner Rule,true,true,true,false,OwnerSharingRule,EnablementProgram,false,false,false,false,,false,false,false,true,,,false,false,false,false,false,,true,true,true,false,,false,,,,
EnblMeasureObjectDefinition,,0n1,Enablement Measure Object,Enablement Measure Objects,true,true,true,false,,,false,false,false,false,,false,false,false,true,,,false,false,false,false,false,,true,false,true,false,,false,,,,
EnblPgmTaskMeasureProgress,,0t4,Enablement Program Task Measure Progress,Enablement Program Task Measure Progresses,false,false,false,false,,,false,false,false,false,,false,false,false,true,,,false,false,false,false,false,,true,true,true,false,,false,,,,
EnblProgramSection,true,0ei,Enablement Program Section,Enablement Program Sections,false,false,false,false,,,false,false,false,false,,false,false,false,true,,,false,false,false,false,false,,true,true,true,false,,false,,,,
EnblProgramTaskDefinition,true,0kk,Enablement Program Task Definition,Enablement Program Task Definitions,false,false,false,false,,,false,false,false,false,,false,false,false,true,,,false,false,false,false,false,,true,true,true,false,,false,,,,
EnblProgramTaskMeasure,,0uQ,Enablement Program Task Measure,Enablement Program Task Measures,false,false,false,false,,,false,false,false,false,,false,false,false,true,,,false,false,false,false,false,,true,true,true,false,,false,,,,
EnblProgramTaskProgress,true,0fV,Enablement Program Task Progress,Enablement Program Task Progresses,false,false,false,false,,,false,false,false,false,,false,false,false,true,,,false,false,false,false,false,,true,true,true,false,true,false,,,,
EnblProgramTaskSubCategory,,1Z1,Enablement Program Task Sub Category,Enablement Program Task Sub Categories,true,true,true,false,,,false,false,false,false,,false,false,false,true,,,false,false,false,false,false,,true,false,true,false,,false,,,,
EnergyAttrCertCredit,true,16U,Energy Attribute Certificate Credit,Energy Attribute Certificate Credits,false,false,false,false,,,true,false,false,false,,false,false,false,true,,,false,false,true,false,true,,true,true,true,true,true,false,,,true,
EnergyAttrCertCreditOwnerSharingRule,,,Energy Attribute Certificate Credit Owner Rule,Energy Attribute Certificate Credit Owner Rule,true,true,true,false,OwnerSharingRule,EnergyAttrCertCredit,false,false,false,false,,false,false,false,true,,,false,false,false,false,false,,true,true,true,false,,false,,,,
EnergyAttrCertPurchase,true,13O,Energy Attribute Certificate Purchase,Energy Attribute Certificate Purchases,false,false,false,false,,,true,false,false,false,,false,false,false,true,,,false,false,true,false,true,,true,true,true,true,true,false,,,true,
EnergyAttrCertPurchaseOwnerSharingRule,,,Energy Attribute Certificate Purchase Owner Rule,Energy Attribute Certificate Purchase Owner Rule,true,true,true,false,OwnerSharingRule,EnergyAttrCertPurchase,false,false,false,false,,false,false,false,true,,,false,false,false,false,false,,true,true,true,false,,false,,,,
EnergyAttrCreditDstr,true,147,Energy Attribute Credit Distribution,Energy Attribute Credit Distributions,false,false,false,false,,,true,false,false,false,,false,false,false,true,,,false,false,true,false,true,,true,true,true,true,true,false,,,true,
EnergyAttrCreditDstrOwnerSharingRule,,,Energy Attribute Credit Distribution Owner Rule,Energy Attribute Credit Distribution Owner Rule,true,true,true,false,OwnerSharingRule,EnergyAttrCreditDstr,false,false,false,false,,false,false,false,true,,,false,false,false,false,false,,true,true,true,false,,false,,,,
engage_reports__Engage_Contact_Stat__c,true,a7A,Engage Contact Stat,Engage Contact Stats,true,true,true,false,,,true,true,false,false,,false,false,false,true,,,false,false,true,false,false,,true,true,true,true,true,true,,,true,
engage_reports__Engage_Contact_Stat__OwnerSharingRule,,,Owner Rule: Engage Contact Stat,Owner Rule: Engage Contact Stat,true,true,true,false,OwnerSharingRule,engage_reports__Engage_Contact_Stat__c,false,false,false,false,,false,false,false,true,,,false,false,false,false,false,,true,true,true,false,,false,,,,
engage_reports__Engage_Email_Template__c,true,a7B,Engage Email Template,Engage Email Templates,true,true,true,false,,,true,true,false,false,,false,false,false,true,,,false,false,true,false,false,,true,true,true,true,true,true,,,true,
engage_reports__Engage_Email_Template__OwnerSharingRule,,,Owner Rule: Engage Email Template,Owner Rule: Engage Email Template,true,true,true,false,OwnerSharingRule,engage_reports__Engage_Email_Template__c,false,false,false,false,,false,false,false,true,,,false,false,false,false,false,,true,true,true,false,,false,,,,
engage_reports__Engage_Lead_Stat__c,true,a7C,Engage Lead Stat,Engage Lead Stats,true,true,true,false,,,true,true,false,false,,false,false,false,true,,,false,false,true,false,false,,true,true,true,true,true,true,,,true,
engage_reports__Engage_Lead_Stat__OwnerSharingRule,,,Owner Rule: Engage Lead Stat,Owner Rule: Engage Lead Stat,true,true,true,false,OwnerSharingRule,engage_reports__Engage_Lead_Stat__c,false,false,false,false,,false,false,false,true,,,false,false,false,false,false,,true,true,true,false,,false,,,,
engage_reports__Engage_Send__c,true,a7D,Engage Send,Engage Sends,true,true,true,false,,,true,true,false,false,,false,false,false,true,,,false,false,true,false,false,,true,true,true,true,true,true,,,true,
engage_reports__Engage_Send__OwnerSharingRule,,,Owner Rule: Engage Send,Owner Rule: Engage Send,true,true,true,false,OwnerSharingRule,engage_reports__Engage_Send__c,false,false,false,false,,false,false,false,true,,,false,false,false,false,false,,true,true,true,false,,false,,,,
EngagementAttendee,true,0tz,Engagement Attendee,Engagement Attendees,true,true,true,false,,,true,false,false,false,,false,false,false,true,,,false,false,true,false,true,,true,true,true,true,true,true,,,true,
EngagementChannelType,true,0eF,Engagement Channel Type,Engagement Channel Types,true,true,true,false,,,true,false,false,false,,false,false,false,true,,,false,false,true,false,true,,true,true,true,true,true,true,,,true,true
EngagementChannelTypeOwnerSharingRule,,,Engagement Channel Type Owner Rule,Engagement Channel Type Owner Rule,true,true,true,false,OwnerSharingRule,EngagementChannelType,false,false,false,false,,false,false,false,true,,,false,false,false,false,false,,true,true,true,false,,false,,,,
EngagementChannelWorkType,true,0xz,Engagement Channel Work Type,Engagement Channel Work Types,true,true,true,false,,,true,false,false,false,,false,false,false,true,,,false,false,true,false,true,,true,true,true,true,true,true,,,true,
EngagementInteraction,true,0u3,Engagement Interaction,Engagement Interactions,true,true,true,false,,,true,false,false,false,,false,false,false,true,,EngagementInterface,false,false,true,false,true,,true,true,true,true,true,true,,,true,
EngagementInterface,true,0xo,Engagement Interface,Engagement Interfaces,false,false,false,false,,,false,false,false,false,,false,false,false,true,EngagementInteraction,MessagingSession,VoiceCall,,true,false,false,false,false,,true,false,true,false,,false,,,,
EngagementScore,,0Gq,Behavior Score,Behavior Score,true,true,false,false,,,false,false,false,false,,false,false,false,true,,,false,false,false,false,false,,true,true,true,false,,false,,,,
EngagementSignal,,1H0,Engagement Signal,Engagement Signals,false,false,false,false,,,true,false,false,false,,false,false,false,true,,,false,false,true,false,true,,true,true,true,false,true,false,,,,
EngagementSignalCmpndMetric,,1H8,Engagement Signal Compound Metric,Engagement Signal Compound Metrics,true,true,true,false,,,true,false,false,false,,false,false,false,true,,,false,false,true,false,true,,true,true,true,false,true,true,,,,
EngagementSignalCmpndMetricOwnerSharingRule,,,Engagement Signal Compound Metric Owner Rule,Engagement Signal Compound Metric Owner Rule,true,true,true,false,OwnerSharingRule,EngagementSignalCmpndMetric,false,false,false,false,,false,false,false,true,,,false,false,false,false,false,,true,true,true,false,,false,,,,
EngagementSignalMetric,,1H2,Engagement Signal Metric,Engagement Signal Metrics,true,true,true,false,,,true,false,false,false,,false,false,false,true,,,false,false,true,false,true,,true,true,true,false,true,true,,,,
EngagementTopic,true,0uB,Engagement Topic,Engagement Topics,true,true,true,false,,,true,false,false,false,,false,false,false,true,,,false,false,true,false,true,,true,true,true,true,true,true,,,true,
EngmtChannelTypeSettings,,19I,Generic Email Setting Result,Generic Email Setting Results,true,true,false,false,,,false,false,false,false,,false,false,false,true,,,false,false,false,false,false,,true,false,true,false,,false,,,,
EnhancedLetterhead,,0Rn,Enhanced Letterhead,Enhanced Letterheads,true,true,true,false,,,true,false,false,false,,false,false,false,true,,,false,false,true,false,true,,true,true,true,true,,true,,,true,
EnrollmentEligibilityCriteria,true,0bm,Enrollment Eligibility Criteria,Enrollment Eligibility Criteria,false,false,false,false,,,true,false,false,false,,false,false,false,true,,,false,false,true,false,true,,true,true,true,true,true,false,,,true,
EnrollmentEligibilityCriteriaOwnerSharingRule,,,Enrollment Eligibility Criteria Owner Rule,Enrollment Eligibility Criteria Owner Rule,true,true,true,false,OwnerSharingRule,EnrollmentEligibilityCriteria,false,false,false,false,,false,false,false,true,,,false,false,false,false,false,,true,true,true,false,,false,,,,
Entitlement,true,550,Entitlement,Entitlements,true,true,true,false,,,true,false,false,false,,false,false,false,true,,,false,false,true,false,true,,true,true,true,true,true,true,,,true,
EntitlementContact,true,0E7,Entitlement Contact,Entitlement Contacts,true,false,true,false,,,true,false,false,false,,false,false,false,true,,,false,false,true,false,false,,true,true,true,false,true,true,,,,
EntitlementTemplate,,551,Entitlement Template,Entitlement Template,true,true,true,false,,,false,false,false,false,,false,false,false,true,,,false,false,false,false,false,,true,false,true,false,,false,,,,
EntityDefinition,,4ie,Entity Definition,Entity Definitions,false,false,false,false,,,false,false,false,false,,false,false,false,false,,,false,false,false,false,false,,true,false,false,true,,false,,,,
EntityMilestone,true,1EM,Object Milestone,Object Milestones,false,true,false,false,,,true,false,false,false,,false,false,false,true,,,false,false,true,false,false,,true,true,true,false,true,false,,,,
EntityParticle,,0Nv,Entity Particle,Entity Particles,false,false,false,false,,,false,false,false,false,,false,false,false,false,,,false,false,false,false,false,,true,false,false,false,,false,,,,
EntitySubscription,,0E8,Entity Subscription,Entity Subscriptions,true,false,true,false,,,false,false,false,false,,false,false,false,true,,,false,false,false,false,false,NetworkId,true,true,true,false,,false,,,,
EnvironmentalRisk,true,0vU,Environmental Risk,Environmental Risks,false,false,false,false,,,true,false,false,false,,false,false,false,true,,,false,false,true,false,true,,true,true,true,true,true,false,,,true,
EnvironmentalRiskOwnerSharingRule,,,Environmental Risk Owner Rule,Environmental Risk Owner Rule,true,true,true,false,OwnerSharingRule,EnvironmentalRisk,false,false,false,false,,false,false,false,true,,,false,false,false,false,false,,true,true,true,false,,false,,,,
ers_datatableConfig__c,true,a0J,ers_datatableConfig,ers_datatableConfigs,true,true,true,false,,,true,true,false,false,,false,false,false,true,,,false,false,true,false,true,,true,true,true,true,true,true,,,true,
ers_datatableConfig__OwnerSharingRule,,,Owner Rule: ers_datatableConfig,Owner Rule: ers_datatableConfig,true,true,true,false,OwnerSharingRule,ers_datatableConfig__c,false,false,false,false,,false,false,false,true,,,false,false,false,false,false,,true,true,true,false,,false,,,,
ESignatureConfig,,0s7,Electronic Signature Config,Electronic Signature Configs,true,true,true,false,,,false,false,false,false,,false,false,false,true,,,false,false,false,false,false,,true,false,true,false,,false,,,,
ESignatureEnvelopeConfig,,0r3,Electronic Signature Envelope Config,Electronic Signature Envelope Configs,true,true,true,false,,,false,false,false,false,,false,false,false,true,,,false,false,false,false,false,,true,false,true,false,,false,,,,
et4ae5__abTest__c,true,a3z,AB Test,AB Tests,true,true,true,false,,,true,true,false,false,,false,false,false,true,,,false,false,true,false,false,,true,true,true,true,true,true,,,true,
et4ae5__abTest__OwnerSharingRule,,,Owner Rule: AB Test,Owner Rule: AB Test,true,true,true,false,OwnerSharingRule,et4ae5__abTest__c,false,false,false,false,,false,false,false,true,,,false,false,false,false,false,,true,true,true,false,,false,,,,
et4ae5__AggregateLink__c,true,a3d,Aggregate Link Level Detail,Aggregate Link Level Details,true,true,true,false,,,true,true,false,false,,false,false,false,true,,,false,false,true,false,false,,true,true,true,true,true,true,,,true,
et4ae5__AggregateLink__OwnerSharingRule,,,Owner Rule: Aggregate Link Level Detail,Owner Rule: Aggregate Link Level Detail,true,true,true,false,OwnerSharingRule,et4ae5__AggregateLink__c,false,false,false,false,,false,false,false,true,,,false,false,false,false,false,,true,true,true,false,,false,,,,
et4ae5__Automated_Send__c,true,a3e,Triggered Send,Triggered Sends,true,true,true,false,,,true,true,false,false,,false,false,false,true,,,false,false,true,false,false,,true,true,true,true,true,true,,,true,
et4ae5__Automated_Send__OwnerSharingRule,,,Owner Rule: Triggered Send,Owner Rule: Triggered Send,true,true,true,false,OwnerSharingRule,et4ae5__Automated_Send__c,false,false,false,false,,false,false,false,true,,,false,false,false,false,false,,true,true,true,false,,false,,,,
et4ae5__Business_Unit__c,true,a3f,Business Unit,Business Units,true,true,true,false,,,true,true,false,false,,false,false,false,true,,,false,false,true,false,false,,true,true,true,true,true,true,,,true,
et4ae5__Business_Unit__OwnerSharingRule,,,Owner Rule: Business Unit,Owner Rule: Business Unit,true,true,true,false,OwnerSharingRule,et4ae5__Business_Unit__c,false,false,false,false,,false,false,false,true,,,false,false,false,false,false,,true,true,true,false,,false,,,,
et4ae5__Campaign_Member_Configuration__c,true,a3g,Campaign Member Configuration,Campaign Member Configurations,true,true,true,false,,,true,true,false,false,,false,false,false,true,,,false,false,true,false,false,,true,true,true,true,true,true,,,true,
et4ae5__Campaign_Member_Configuration__OwnerSharingRule,,,Owner Rule: Campaign Member Configuration,Owner Rule: Campaign Member Configuration,true,true,true,false,OwnerSharingRule,et4ae5__Campaign_Member_Configuration__c,false,false,false,false,,false,false,false,true,,,false,false,false,false,false,,true,true,true,false,,false,,,,
et4ae5__Configuration__c,true,a3h,Configuration,Configurations,true,true,true,false,,,true,true,false,false,,false,false,false,true,,,false,false,true,false,false,,true,true,true,true,true,true,,,true,
et4ae5__Configuration__OwnerSharingRule,,,Owner Rule: Configuration,Owner Rule: Configuration,true,true,true,false,OwnerSharingRule,et4ae5__Configuration__c,false,false,false,false,,false,false,false,true,,,false,false,false,false,false,,true,true,true,false,,false,,,,
et4ae5__Email_Linkage__c,true,a3o,Email Linkage,Email Linkages,true,true,true,false,,,true,true,false,false,,false,false,false,true,,,false,false,true,false,false,,true,true,true,true,true,true,,,true,
et4ae5__Email_Linkage__OwnerSharingRule,,,Owner Rule: Email Linkage,Owner Rule: Email Linkage,true,true,true,false,OwnerSharingRule,et4ae5__Email_Linkage__c,false,false,false,false,,false,false,false,true,,,false,false,false,false,false,,true,true,true,false,,false,,,,
et4ae5__ET4AE_Config__c,true,a3j,ET4AE Configuration,ET4AE Configuration,true,true,true,false,,,false,true,true,false,,false,false,false,true,,,false,false,true,false,false,,true,true,true,true,,true,,,true,
et4ae5__ET4AE_Config__OwnerSharingRule,,,Owner Rule: ET4AE Configuration,Owner Rule: ET4AE Configuration,true,true,true,false,OwnerSharingRule,et4ae5__ET4AE_Config__c,false,false,false,false,,false,false,false,true,,,false,false,false,false,false,,true,true,true,false,,false,,,,
et4ae5__ET4AEConfig__c,true,a3i,ET4AE Config,ET4AE Config,true,true,true,false,,,false,true,true,false,,false,false,false,true,,,false,false,true,false,false,,true,true,true,true,,true,,,true,
et4ae5__ET4AEConfig__OwnerSharingRule,,,Owner Rule: ET4AE Config,Owner Rule: ET4AE Config,true,true,true,false,OwnerSharingRule,et4ae5__ET4AEConfig__c,false,false,false,false,,false,false,false,true,,,false,false,false,false,false,,true,true,true,false,,false,,,,
et4ae5__IndividualEmailResult__c,true,a3p,Individual Email Result,Individual Email Results,true,true,true,false,,,true,true,false,false,,false,false,false,true,,,false,false,true,false,false,,true,true,true,true,true,true,,,true,
et4ae5__IndividualEmailResult__OwnerSharingRule,,,Owner Rule: Individual Email Result,Owner Rule: Individual Email Result,true,true,true,false,OwnerSharingRule,et4ae5__IndividualEmailResult__c,false,false,false,false,,false,false,false,true,,,false,false,false,false,false,,true,true,true,false,,false,,,,
et4ae5__IndividualLink__c,true,a3q,Individual Link Level Detail,Individual Link Level Details,true,true,true,false,,,true,true,false,false,,false,false,false,true,,,false,false,true,false,false,,true,true,true,true,true,true,,,true,
et4ae5__IndividualLink__OwnerSharingRule,,,Owner Rule: Individual Link Level Detail,Owner Rule: Individual Link Level Detail,true,true,true,false,OwnerSharingRule,et4ae5__IndividualLink__c,false,false,false,false,,false,false,false,true,,,false,false,false,false,false,,true,true,true,false,,false,,,,
et4ae5__JB_CDC_Event__e,true,,,,,,,,,,,,,,,,,,,,,,,,,,,,,,,,,,,,
et4ae5__JB_Event__e,true,,,,,,,,,,,,,,,,,,,,,,,,,,,,,,,,,,,,
et4ae5__JB_Flow_Event__e,true,,,,,,,,,,,,,,,,,,,,,,,,,,,,,,,,,,,,
et4ae5__MC_CDC_Journey__c,true,a3r,MC CDC Journey,MC CDC Journeys,true,true,true,false,,,true,true,false,false,,false,false,false,true,,,false,false,true,false,false,,true,true,true,true,true,true,,,true,
et4ae5__MC_CDC_Journey__OwnerSharingRule,,,Owner Rule: MC CDC Journey,Owner Rule: MC CDC Journey,true,true,true,false,OwnerSharingRule,et4ae5__MC_CDC_Journey__c,false,false,false,false,,false,false,false,true,,,false,false,false,false,false,,true,true,true,false,,false,,,,
et4ae5__SendDefinition__c,true,a3u,Email Send,Email Sends,true,true,true,false,,,true,true,false,false,,false,false,false,true,,,false,false,true,false,true,,true,true,true,true,true,true,,,true,
et4ae5__SendDefinition__OwnerSharingRule,,,Owner Rule: Email Send,Owner Rule: Email Send,true,true,true,false,OwnerSharingRule,et4ae5__SendDefinition__c,false,false,false,false,,false,false,false,true,,,false,false,false,false,false,,true,true,true,false,,false,,,,
et4ae5__SendJunction__c,true,a3v,Send Junction,Send Junctions,true,true,true,false,,,true,true,false,false,,false,false,false,true,,,false,false,true,false,false,,true,true,true,true,true,true,,,true,
et4ae5__SMSDefinition__c,true,a3s,Mobile Send,Mobile Sends,true,true,true,false,,,true,true,false,false,,false,false,false,true,,,false,false,true,false,true,,true,true,true,true,true,true,,,true,
et4ae5__SMSDefinition__OwnerSharingRule,,,Owner Rule: Mobile Send,Owner Rule: Mobile Send,true,true,true,false,OwnerSharingRule,et4ae5__SMSDefinition__c,false,false,false,false,,false,false,false,true,,,false,false,false,false,false,,true,true,true,false,,false,,,,
et4ae5__SMSJunction__c,true,a3t,SMS Junction,SMS Junctions,true,true,true,false,,,true,true,false,false,,false,false,false,true,,,false,false,true,false,false,,true,true,true,true,true,true,,,true,
et4ae5__SupportRequest__c,true,a3w,Support Request,Support Requests,true,true,true,false,,,true,true,false,false,,false,false,false,true,,,false,false,true,false,false,,true,true,true,true,true,true,,,true,
et4ae5__Triggered_Send_Execution__c,true,a3x,Triggered Send Execution,Triggered Send Executions,true,true,true,false,,,true,true,false,false,,false,false,false,true,,,false,false,true,false,false,,true,true,true,true,true,true,,,true,
et4ae5__Triggered_Send_Execution__OwnerSharingRule,,,Owner Rule: Triggered Send Execution,Owner Rule: Triggered Send Execution,true,true,true,false,OwnerSharingRule,et4ae5__Triggered_Send_Execution__c,false,false,false,false,,false,false,false,true,,,false,false,false,false,false,,true,true,true,false,,false,,,,
et4ae5__UEBU__c,true,a3y,User Enabled Business Unit,User Enabled Business Units,true,true,true,false,,,true,true,false,false,,false,false,false,true,,,false,false,true,false,false,,true,true,true,true,true,true,,,true,
Event,true,00U,Event,Events,true,true,true,false,,,true,false,false,false,,false,false,false,true,,,false,false,true,false,true,,true,true,true,true,true,true,,,true,
EventBusSubscriber,,0Cd,Platform Event Subscription,Platform Event Subscription,false,false,false,false,,,false,false,false,false,,false,false,false,false,,,false,false,false,false,false,,true,false,false,false,,false,,,,
EventLogFile,,0AT,Event Log File,Event Log Files,false,false,false,false,,,false,false,false,false,,false,false,false,true,,,false,false,false,false,false,,true,false,true,false,,false,,,,
EventRelation,,0RE,Event Relation,Event Relations,true,true,true,false,,,false,false,false,false,,false,false,false,true,,,false,false,false,false,false,,true,true,true,false,,false,,,,
EventRelayConfig,,7k2,Event Relay Config,Event Relay Configs,false,false,false,false,,,false,false,false,false,,false,false,false,true,,,false,false,false,false,false,,true,false,true,false,,false,,,,
EventRelayFeedback,,7k4,Event Relay Feedback,Event Relay Feedbacks,false,false,false,false,,,false,false,false,false,,false,false,false,true,,,false,false,false,false,false,,true,true,true,false,true,false,,,,
EvfPipelineSubTaskDetails,,99v,Evf Pipeline Sub Task Details,Evf Pipeline Sub Task Details,true,true,true,false,,,false,false,false,false,,false,false,false,true,,,false,false,false,false,false,,true,false,true,false,,false,,,,
ExchangeUserMapping,true,,,,,,,,,,,,,,,,,,,,,,,,,,,,,,,,,,,,
ExecutionPlan,,0eP,Execution Plan,Execution Plans,true,true,true,false,,,false,false,false,false,,false,false,false,true,,,false,false,false,false,false,,true,false,true,false,,false,,,,
ExecutionPlanTask,,0YY,Execution Plan Task,Execution Plan Tasks,true,true,true,false,,,false,false,false,false,,false,false,false,true,,,false,false,false,false,false,,true,false,true,false,,false,,,,
Expense,true,1V4,Expense,Expenses,true,true,true,false,,,true,false,false,false,,false,false,false,true,,,false,false,true,false,true,,true,true,true,true,true,true,,,true,
ExpenseOwnerSharingRule,,,Expense Owner Rule,Expense Owner Rule,true,true,true,false,OwnerSharingRule,Expense,false,false,false,false,,false,false,false,true,,,false,false,false,false,false,,true,true,true,false,,false,,,,
ExpenseReport,true,6g5,Expense Report,Expense Reports,true,true,true,false,,,true,false,false,false,,false,false,false,true,,,false,false,true,false,true,,true,true,true,true,true,true,,,true,
ExpenseReportEntry,true,3zl,Expense Report Entry,Expense Report Entries,true,true,true,false,,,true,false,false,false,,false,false,false,true,,,false,false,true,false,true,,true,true,true,true,true,true,,,true,
ExpenseReportOwnerSharingRule,,,Expense Report Owner Rule,Expense Report Owner Rule,true,true,true,false,OwnerSharingRule,ExpenseReport,false,false,false,false,,false,false,false,true,,,false,false,false,false,false,,true,true,true,false,,false,,,,
ExperienceDiagnosticEvent,,7Zk,ExperienceDiagnosticEvent,ExperienceDiagnosticEvents,true,false,false,false,,,false,false,false,false,,false,false,false,false,,,false,false,false,false,false,,false,false,false,false,true,false,,,,
ExplainabilityActionDef,,0tU,Explainability Action Definition,Explainability Action Definitions,true,true,true,false,,,false,false,false,false,,false,false,false,true,,,false,false,false,false,false,,true,false,true,false,,false,,,,
ExplainabilityActionVersion,,0tZ,Explainability Action Version,Explainability Action Versions,true,true,true,false,,,false,false,false,false,,false,false,false,true,,,false,false,false,false,false,,true,false,true,false,,false,,,,
ExplainabilityMsgTemplate,,8U8,Explainability Message Template,Explainability Message Templates,true,true,true,false,,,false,false,false,false,,false,false,false,true,,,false,false,false,false,true,,true,false,true,false,,false,,,,
ExplainabilityMsgTemplateLocalization,,,Translation,Translation,true,true,true,false,Localization,ExplainabilityMsgTemplate,false,false,false,false,,false,false,false,true,,,false,false,false,false,false,,true,true,true,false,,false,,,,
ExpressionFilter,true,1GS,Expression Filter,Expression Filters,true,true,true,false,,,false,false,false,false,,false,false,false,true,,,false,false,false,false,false,,true,true,true,false,,true,,,,
ExpressionFilterCriteria,true,8BM,Expression Filter Criteria,Expression Filter Criteria,true,true,true,false,,,false,false,false,false,,false,false,false,true,,,false,false,false,false,false,,true,true,true,false,,true,,,,
ExpressionSet,true,9QL,Expression Set,Expression Sets,true,true,true,false,,,true,false,false,false,,false,false,false,true,,,false,false,true,false,true,,true,true,true,true,,true,,,true,
ExpressionSetDefinition,,9QA,Expression Set Definition,Expression Set Definitions,true,true,true,false,,,false,false,false,false,,false,false,false,true,,,false,false,false,false,false,,true,false,true,false,,false,,,,
ExpressionSetDefinitionVersion,,9QB,Expression Set Definition Version,Expression Set Definition Versions,true,true,true,false,,,false,false,false,false,,false,false,false,true,,,false,false,false,false,false,,true,false,true,false,,false,,,,
ExpressionSetMessageToken,,15p,Expression Set Message Token,Expression Set Message Tokens,true,true,true,false,,,false,false,false,false,,false,false,false,true,,,false,false,false,false,true,,true,false,true,false,,false,,,,
ExpressionSetObjectAlias,,0xV,Expression Set Object Alias,Expression Set Object Aliases,true,true,true,false,,,false,false,false,false,,false,false,false,true,,,false,false,false,false,true,,true,false,true,true,,false,,,,
ExpressionSetOwnerSharingRule,,,Expression Set Owner Rule,Expression Set Owner Rule,true,true,true,false,OwnerSharingRule,ExpressionSet,false,false,false,false,,false,false,false,true,,,false,false,false,false,false,,true,true,true,false,,false,,,,
ExpressionSetVersion,true,9QM,Expression Set Version,Expression Set Versions,true,true,true,false,,,true,false,false,false,,false,false,false,true,,,false,false,true,false,false,,true,true,true,false,,true,,,,
ExpressionSetView,,0pz,Expression Set Template,Expression Set Templates,false,false,false,false,,,false,false,false,false,,false,false,false,false,,,false,false,false,false,false,,true,false,false,false,,false,,,,
ExpsSetObjectAliasFieldVw,,9QT,Expression Set Object Alias Field View,Expression Set Object Alias Field Views,false,false,false,false,,,false,false,false,false,,false,false,false,false,,,false,false,false,false,false,,true,false,false,false,,false,,,,
ExtDataShare,true,,,,,,,,,,,,,,,,,,,,,,,,,,,,,,,,,,,,
ExtDataShareTarget,true,1et,Data Share Target,Data Share Targets,true,true,true,false,,,true,false,false,false,,false,true,false,true,,,false,false,true,false,true,,true,true,true,true,true,true,,,true,
ExtDataShareTargetOwnerSharingRule,,,Data Share Target Owner Rule,Data Share Target Owner Rule,true,true,true,false,OwnerSharingRule,ExtDataShareTarget,false,false,false,false,,false,false,false,true,,,false,false,false,false,false,,true,true,true,false,,false,,,,
ExtendedReward,true,,,,,,,,,,,,,,,,,,,,,,,,,,,,,,,,,,,,
ExtendedRewardDefinition,true,,,,,,,,,,,,,,,,,,,,,,,,,,,,,,,,,,,,
ExternalAccountHierarchy,true,1AH,External Account Hierarchy,External Account Hierarchies,true,true,true,false,,,true,false,false,false,,false,false,false,true,,,false,false,true,false,true,,true,true,true,true,true,true,,,true,
ExternalAccountHierarchyOwnerSharingRule,,,External Account Hierarchy Owner Rule,External Account Hierarchy Owner Rule,true,true,true,false,OwnerSharingRule,ExternalAccountHierarchy,false,false,false,false,,false,false,false,true,,,false,false,false,false,false,,true,true,true,false,,false,,,,
ExternalAIModel,,0b4,External AI Model,External AI Models,true,false,false,false,,,false,false,false,false,,false,false,false,true,,,false,false,false,false,false,,true,false,true,false,,false,,,,
ExternalClientApplication,,0xI,External Client App,External Client Apps,false,false,false,false,,,false,false,false,false,,false,false,false,true,,,false,false,false,false,false,,true,false,true,false,,false,,,,
ExternalDataSource,,0XC,External Data Source,External Data Sources,false,false,false,false,,,false,false,false,false,,false,false,false,true,,,false,false,false,false,true,,true,false,true,false,,false,,,,
ExternalDataSrcDescriptor,,6Ay,External Data Source Descriptor,External Data Source Descriptors,false,false,false,false,,,false,false,false,false,,false,false,false,true,,,false,false,false,false,false,,true,false,true,false,,false,,,,
ExternalDataUserAuth,,0XU,External Data User Authentication,External Data User Authentications,true,true,true,false,,,false,false,false,false,,false,false,false,true,,,false,false,false,false,false,,true,false,true,false,,false,,,,
ExternalEvent,,0AY,External Event,External Events,true,true,true,false,,,true,false,false,false,,false,false,false,true,,,false,false,true,false,false,,true,true,true,false,,true,,,,
ExternalEventMapping,true,08N,External Event Mapping,External Event Mappings,true,true,true,false,,,false,false,false,false,,false,false,false,true,,,false,false,false,false,false,,true,true,true,false,,true,,,,
ExternalEventMappingOwnerSharingRule,,,External Event Mapping Owner Rule,External Event Mapping Owner Rule,true,true,true,false,OwnerSharingRule,ExternalEventMapping,false,false,false,false,,false,false,false,true,,,false,false,false,false,false,,true,true,true,false,,false,,,,
ExternalSocialAccount,,0AL,Managed Social Account,Managed Social Accounts,false,false,false,false,,,false,false,false,false,,false,false,false,true,,,false,false,false,false,false,,true,false,true,false,,false,,,,
ExternalSourceStatusEvent,,2e1,External Source Status Event,External Source Status Events,false,false,false,false,,,false,false,false,false,,false,false,false,false,,,false,false,false,false,false,,false,false,false,false,true,false,,,,
ExternalString,,101,Custom Label,Custom Label,true,true,true,false,,,false,false,false,false,,false,false,false,true,,,false,false,false,false,false,,true,false,true,false,,false,,,,
ExternalStringLocalization,,,Custom Label Translation,Custom Label Translation,true,true,true,false,Localization,ExternalString,false,false,false,false,,false,false,false,true,,,false,false,false,false,false,,true,false,true,false,,false,,,,
ExtlClntAppOauthConsumer,,13P,External Client Application OAuth Consumer,External Client Application OAuth Consumers,false,false,false,false,,,false,false,false,false,,false,false,false,true,,,false,false,false,false,false,,true,false,true,false,,false,,,,
ExtlClntAppOauthIpRange,,6Wj,External Client App OAuth IP Range,External Client App OAuth IP Ranges,false,false,false,false,,,false,false,false,false,,false,false,false,true,,,false,false,false,false,false,,true,false,true,false,,false,,,,
ExtlClntAppOauthPlcyAttr,,15g,External Client App OAuth Policies Custom Attribute,External Client App OAuth Policies Custom Attributes,false,false,false,false,,,false,false,false,false,,false,false,false,true,,,false,false,false,false,false,,true,false,true,false,,false,,,,
ExtlClntAppOauthPlcyCnfg,,0yO,External Client App OAuth Policy Config,External Client App OAuth Policy Configs,false,false,false,false,,,false,false,false,false,,false,false,false,true,,,false,false,false,false,false,,true,false,true,false,,false,,,,
ExtlClntAppOauthPlcyCustmScp,,1Cb,External Client App OAuth Policies Custom Scope,External Client App OAuth Policies Custom Scope,false,false,false,false,,,false,false,false,false,,false,false,false,true,,,false,false,false,false,false,,true,false,true,false,,false,,,,
ExtlClntAppOauthSetAttr,,15h,External Client App OAuth Settings Custom Attribute,External Client App OAuth Settings Custom Attributes,false,false,false,false,,,false,false,false,false,,false,false,false,true,,,false,false,false,false,false,,true,false,true,false,,false,,,,
ExtlClntAppOauthSetCustmScp,,1Cf,External Client App OAuth Settings Custom Scope,External Client App OAuth Settings Custom Scope,false,false,false,false,,,false,false,false,false,,false,false,false,true,,,false,false,false,false,false,,true,false,true,false,,false,,,,
ExtlClntAppOauthSettings,,3SN,External Client Application OAuth Settings,External Client Application OAuth Settings,false,false,false,false,,,false,false,false,false,,false,false,false,true,,,false,false,false,false,false,,true,false,true,false,,false,,,,
ExtlClntAppPlcyCnfg,,196,External Client App Policy Configuration,External Client App Policy Configurations,false,false,false,false,,,false,false,false,false,,false,false,false,true,,,false,false,false,false,false,,true,false,true,false,,false,,,,
ExtlClntAppSamplePlcyCnfg,,4B5,External Client Application Sample Policy Configuration,External Client Application Sample Policy Configurations,false,false,false,false,,,false,false,false,false,,false,false,false,true,,,false,false,false,false,false,,true,false,true,false,,false,,,,
ExtlClntAppSampleSettings,,3AG,External Client Application Sample Settings,External Client Application Sample Settings,false,false,false,false,,,false,false,false,false,,false,false,false,true,,,false,false,false,false,false,,true,false,true,false,,false,,,,
Fake_Report_Data_Object__c,true,a7G,Fake Report Data,Fake Report Data,true,true,true,false,,,true,true,false,false,,false,false,false,true,,,false,false,true,false,true,,true,true,true,true,true,true,,,true,
Fake_Report_Data_Object__OwnerSharingRule,,,Owner Rule: Fake Report Data,Owner Rule: Fake Report Data,true,true,true,false,OwnerSharingRule,Fake_Report_Data_Object__c,false,false,false,false,,false,false,false,true,,,false,false,false,false,false,,true,true,true,false,,false,,,,
FeedAttachment,,08M,Feed Attachment,Feed Attachments,true,true,true,false,,,false,false,false,false,,false,false,false,true,,,false,false,false,false,false,,true,false,true,false,,false,,,,
FeedComment,,0D7,Feed Comment,Feed Comments,true,true,true,false,,,false,false,false,false,,false,false,false,true,,,false,false,false,false,false,,true,true,true,true,true,false,,,,
FeedItem,true,0D5,Feed Item,Feed Items,true,true,true,false,,,false,false,false,false,,false,false,false,true,,,false,false,true,false,false,,true,true,true,true,true,false,,,,
FeedLike,,0I0,Feed Like,Feed Likes,true,false,true,false,,,false,false,false,false,,false,false,false,true,,,false,false,false,false,false,,false,false,false,false,,false,,,,
FeedPollChoice,,09A,Feed Poll Choice,Feed Poll Choices,false,false,false,false,,,false,false,false,false,,false,false,false,true,,,false,false,false,false,false,,true,false,true,false,,false,,,,
FeedPollVote,,09B,Feed Poll Vote,Feed Poll Votes,false,false,false,false,,,false,false,false,false,,false,false,false,true,,,false,false,false,false,false,,true,false,true,false,,false,,,,
FeedRevision,,08U,Feed Revision,Feed Revisions,false,false,false,false,,,false,false,false,false,,false,false,false,true,,,false,false,false,false,false,,true,true,true,false,,false,,,,
FeedSignal,,0QJ,Feed Signal,Feed Signals,true,false,true,false,,,false,false,false,false,,false,false,false,true,,,false,false,false,false,false,,false,false,false,false,,false,,,,
FeedTrackedChange,,0D6,Feed Tracked Change,Feed Tracked Changes,false,false,false,false,,,false,false,false,false,,false,false,false,true,,,false,false,false,false,false,,false,false,false,false,,false,,,,
FeeScheduleDefinition,true,0rT,Fee Schedule Definition,Fee Schedule Definitions,true,true,true,false,,,true,false,false,false,,false,false,false,true,,,false,false,true,false,true,,true,true,true,true,true,true,,,true,
FeeScheduleDefinitionOwnerSharingRule,,,Fee Schedule Definition Owner Rule,Fee Schedule Definition Owner Rule,true,true,true,false,OwnerSharingRule,FeeScheduleDefinition,false,false,false,false,,false,false,false,true,,,false,false,false,false,false,,true,true,true,false,,false,,,,
FieldChangeSnapshot,,6AL,Field Change Snapshot,Field Change Snapshot,false,false,false,false,,,false,false,false,false,,false,false,false,true,,,false,false,false,false,false,,true,false,false,false,,false,,,,
FieldDefinition,,4fe,Field Definition,Field Definitions,false,false,false,false,,,false,false,false,false,,false,false,false,false,,,false,false,false,false,false,,true,false,false,true,,false,,,,
FieldHistoryArchive,,1HA,Field History Archive,Field History Archive,false,false,false,false,,,false,false,false,false,,false,false,false,true,,,false,false,false,false,false,,true,false,false,false,,false,,,,
FieldPermissions,,01k,Field Permissions,Field Permissions,true,true,true,false,,,false,false,false,false,,false,false,false,true,,,false,false,false,false,false,,true,false,true,false,,false,,,,
FieldSecurityClassification,,,Field Security Classification,Field Security Classifications,false,false,false,false,,,false,false,false,false,,false,false,false,true,,,false,false,false,false,false,,true,false,true,false,,false,,,,
FieldServiceMobileSettings,,0Mf,Field Service Mobile Settings,Field Service Mobile Settings,true,true,true,false,,,true,false,false,false,,false,false,false,true,,,false,false,true,false,false,,true,false,true,false,,false,,,,
FieldServiceOrgSettings,,0UJ,Field Service Org Settings,Field Service Org Settings,false,false,false,false,,,false,false,false,false,,false,false,false,true,,,false,false,false,false,false,,true,false,true,false,,false,,,,
FieldSvcAddlMobSettings,,8Gc,Field Service Additional Mobile Settings,Field Service Additional Mobile Settings,false,false,false,false,,,false,false,false,false,,false,false,false,true,,,false,false,false,false,false,,true,false,true,false,,false,,,,
FileEvent,,0vI,File Event,File Events,false,false,false,false,,,false,false,false,false,,false,false,false,false,,,false,false,false,false,false,,false,false,false,false,,false,,,,
FileEventStore,,0wg,File Event Store,File Event Stores,false,false,false,false,,,false,false,false,false,,false,false,false,false,,,false,false,false,false,false,,true,false,false,false,,false,,,,
FileSearchActivity,,06h,FileSearchActivity,File Search Activity,false,false,false,false,,,false,false,false,false,,false,false,false,true,,,false,false,false,false,false,,true,true,true,false,,false,,,,
FinanceBalanceSnapshot,true,2kA,Finance Balance Snapshot,Finance Balance Snapshots,false,true,false,false,,,true,false,false,false,,false,false,false,true,,,false,false,true,false,true,,true,true,true,true,,false,,,true,
FinanceBalanceSnapshotOwnerSharingRule,,,Finance Balance Snapshot Owner Rule,Finance Balance Snapshot Owner Rule,true,true,true,false,OwnerSharingRule,FinanceBalanceSnapshot,false,false,false,false,,false,false,false,true,,,false,false,false,false,false,,true,true,true,false,,false,,,,
FinanceTransaction,true,0n3,Finance Transaction,Finance Transactions,true,true,false,false,,,true,false,false,false,,false,false,false,true,,,false,false,true,false,true,,true,true,true,true,,false,,,true,
FinanceTransactionOwnerSharingRule,,,Finance Transaction Owner Rule,Finance Transaction Owner Rule,true,true,true,false,OwnerSharingRule,FinanceTransaction,false,false,false,false,,false,false,false,true,,,false,false,false,false,false,,true,true,true,false,,false,,,,
FinancialGoal,true,13R,Financial Goal,Financial Goals,true,true,true,false,,,true,false,false,false,,false,false,false,true,,,false,false,true,false,true,,true,true,true,true,true,true,,,true,
FinancialGoalFunding,true,17e,Financial Goal Funding,Financial Goal Fundings,true,true,true,false,,,true,false,false,false,,false,false,false,true,,,false,false,true,false,false,,true,true,true,false,true,true,,,,
FinancialGoalOwnerSharingRule,,,Financial Goal Owner Rule,Financial Goal Owner Rule,true,true,true,false,OwnerSharingRule,FinancialGoal,false,false,false,false,,false,false,false,true,,,false,false,false,false,false,,true,true,true,false,,false,,,,
FinancialGoalParty,true,13S,Financial Goal Party,Financial Goal Parties,true,true,true,false,,,true,false,false,false,,false,false,false,true,,,false,false,true,false,false,,true,true,true,false,true,true,,,,
FinancialPlan,true,13Q,Financial Plan,Financial Plans,true,true,true,false,,,true,false,false,false,,false,false,false,true,,,false,false,true,false,false,,true,true,true,false,true,true,,,,
FinancialPlanOwnerSharingRule,,,Financial Plan Owner Rule,Financial Plan Owner Rule,true,true,true,false,OwnerSharingRule,FinancialPlan,false,false,false,false,,false,false,false,true,,,false,false,false,false,false,,true,true,true,false,,false,,,,
FiscalYearSettings,,022,Fiscal Year Settings,Fiscal Year Settings,false,false,false,false,,,false,false,false,false,,false,false,false,true,,,false,false,false,false,false,,true,true,true,false,,false,,,,
FldSvcObjChg,,1JF,Field Service Object Change,Field Service Object Changes,false,false,false,false,,,true,false,false,false,,false,false,false,true,,,false,false,true,false,true,,true,false,true,false,,false,,,,
FldSvcObjChgDtl,,1Iu,Field Service Object Change Detail,Field Service Object Change Details,false,false,false,false,,,true,false,false,false,,false,false,false,true,,,false,false,true,false,true,,true,false,true,false,,false,,,,
FlexQueueItem,,06i,Flex Queue Item,Flex Queue Items,false,false,false,false,,,false,false,false,false,,false,false,false,false,,,false,false,false,false,false,,true,false,false,false,,false,,,,
FlowDefinitionView,,3dd,Flow Definition,Flow Definitions,false,false,false,false,,,false,false,false,false,,false,false,false,false,,,false,false,false,false,false,,true,false,false,false,,false,,,,
FlowExecutionErrorEvent,,0eC,Flow Execution Error Event,Flow Execution Error Events,false,false,false,false,,,false,false,false,false,,false,false,false,false,,,false,false,false,false,false,,false,false,false,false,,false,,,,
FlowInterview,,0Fo,Flow Interview,Flow Interviews,true,true,true,false,,,true,false,false,false,,false,false,false,true,,,false,false,true,false,false,,true,true,true,false,,false,,,,
FlowInterviewLog,,8gZ,Flow Interview Log,Flow Interview Logs,false,false,false,false,,,false,false,false,false,,false,false,false,true,,,false,false,false,false,false,,true,true,true,false,,false,,,,
FlowInterviewLogEntry,,0f6,Flow Interview Log Entry,Flow Interview Log Entries,false,false,false,false,,,false,false,false,false,,false,false,false,true,,,false,false,false,false,false,,true,true,true,false,,false,,,,
FlowInterviewLogOwnerSharingRule,,,Flow Interview Log Owner Rule,Flow Interview Log Owner Rule,true,true,true,false,OwnerSharingRule,FlowInterviewLog,false,false,false,false,,false,false,false,true,,,false,false,false,false,false,,true,true,true,false,,false,,,,
FlowInterviewOwnerSharingRule,,,Flow Interview Owner Rule,Flow Interview Owner Rule,true,true,true,false,OwnerSharingRule,FlowInterview,false,false,false,false,,false,false,false,true,,,false,false,false,false,false,,true,true,true,false,,false,,,,
FlowOrchestration,,1Fe,Orchestration,Orchestrations,false,true,true,false,,,true,false,false,false,,false,false,false,true,,,false,false,true,false,true,,true,true,true,true,true,false,,,true,
FlowOrchestrationEvent,,0jo,Orchestration Event,Orchestration Events,true,false,false,false,,,false,false,false,false,,false,false,false,false,,,false,false,false,false,false,,false,false,false,false,,false,,,,
FlowOrchestrationInstance,true,0jE,Orchestration Run,Orchestration Runs,false,true,false,false,,,true,false,false,false,,false,false,false,true,,,false,false,true,false,true,,true,true,true,false,,false,,,,
FlowOrchestrationInstanceOwnerSharingRule,,,Orchestration Run Owner Rule,Orchestration Run Owner Rule,true,true,true,false,OwnerSharingRule,FlowOrchestrationInstance,false,false,false,false,,false,false,false,true,,,false,false,false,false,false,,true,true,true,false,,false,,,,
FlowOrchestrationLog,true,0mZ,Orchestration Run Log,Orchestration Run Log,false,true,false,false,,,true,false,false,false,,false,false,false,true,,,false,false,true,false,false,,true,true,true,false,,false,,,,
FlowOrchestrationStageInstance,true,0jF,Orchestration Stage Run,Orchestration Stage Runs,false,true,false,false,,,true,false,false,false,,false,false,false,true,,,false,false,true,false,false,,true,true,true,false,,false,,,,
FlowOrchestrationStageInstanceOwnerSharingRule,,,Orchestration Stage Run Owner Rule,Orchestration Stage Run Owner Rule,true,true,true,false,OwnerSharingRule,FlowOrchestrationStageInstance,false,false,false,false,,false,false,false,true,,,false,false,false,false,false,,true,true,true,false,,false,,,,
FlowOrchestrationStepInstance,true,0jL,Orchestration Step Run,Orchestration Step Runs,false,true,false,false,,,true,false,false,false,,false,false,false,true,,,false,false,true,false,false,,true,true,true,false,,false,,,,
FlowOrchestrationStepInstanceOwnerSharingRule,,,Orchestration Step Run Owner Rule,Orchestration Step Run Owner Rule,true,true,true,false,OwnerSharingRule,FlowOrchestrationStepInstance,false,false,false,false,,false,false,false,true,,,false,false,false,false,false,,true,true,true,false,,false,,,,
FlowOrchestrationVersion,,1Ff,Orchestration Version,Orchestration Versions,false,false,false,false,,,true,false,false,false,,false,false,false,true,,,false,false,true,false,true,,true,true,true,false,true,false,,,,
FlowOrchestrationWorkItem,true,0jf,Orchestration Work Item,Orchestration Work Items,false,true,false,false,,,true,false,false,false,,false,false,false,true,,,false,false,true,false,true,,true,true,true,true,,false,,,true,
FlowOrchestrationWorkItemOwnerSharingRule,,,Orchestration Work Item Owner Rule,Orchestration Work Item Owner Rule,true,true,true,false,OwnerSharingRule,FlowOrchestrationWorkItem,false,false,false,false,,false,false,false,true,,,false,false,false,false,false,,true,true,true,false,,false,,,,
FlowPersonalConfiguration__c,true,a0H,Flow Personal Configuration,FlowPersonalConfigurations,true,true,true,false,,,true,true,false,false,,false,false,false,true,,,false,false,true,false,false,,true,true,true,false,true,true,,,,
FlowPersonalConfiguration__OwnerSharingRule,,,Owner Rule: Flow Personal Configuration,Owner Rule: Flow Personal Configuration,true,true,true,false,OwnerSharingRule,FlowPersonalConfiguration__c,false,false,false,false,,false,false,false,true,,,false,false,false,false,false,,true,true,true,false,,false,,,,
FlowRecord,,2aF,Flow,Flows,false,true,true,false,,,true,false,false,false,,false,false,false,true,,,false,false,true,false,true,,true,true,true,true,,false,,,true,
FlowRecordElement,,11M,Flow Element,Flow Elements,false,false,false,false,,,true,false,false,false,,false,false,false,true,,,false,false,true,false,true,,true,true,true,false,true,false,,,,
FlowRecordElementOccurrence,,2XP,Flow Record Element Occurrence,Flow Record Element Occurrences,false,false,false,false,,,false,false,false,false,,false,false,false,true,,,false,false,false,false,false,,true,true,true,false,true,false,,,,
FlowRecordOwnerSharingRule,,,Flow Owner Rule,Flow Owner Rule,true,true,true,false,OwnerSharingRule,FlowRecord,false,false,false,false,,false,false,false,true,,,false,false,false,false,false,,true,true,true,false,,false,,,,
FlowRecordRelation,,31z,Flow Record Relation,Flow Record Relations,true,true,true,false,,,false,false,false,false,,false,false,false,true,,,false,false,false,false,false,,true,true,true,false,,true,,,,
FlowRecordVersion,,10v,Flow Version,Flow Versions,false,false,true,false,,,true,false,false,false,,false,false,false,true,,,false,false,true,false,true,,true,true,true,false,true,false,,,,
FlowRecordVersionOccurrence,,10p,Flow Version Occurrence,Flow Version Occurrences,false,false,false,false,,,true,false,false,false,,false,false,false,true,,,false,false,true,false,true,,true,true,true,false,true,false,,,,
FlowStageRelation,,31y,Flow Interview Stage Relation,Flow Interview Stage Relations,false,false,true,false,,,false,false,false,false,,false,false,false,true,,,false,false,false,false,false,,true,true,true,false,,true,,,,
FlowTableViewDefinition__c,true,a0I,FlowTableViewDefinition,FlowTableViewDefinitions,true,true,true,false,,,true,true,false,false,,false,false,false,true,,,false,false,true,false,false,,true,true,true,true,true,true,,,true,
FlowTableViewDefinition__OwnerSharingRule,,,Owner Rule: FlowTableViewDefinition,Owner Rule: FlowTableViewDefinition,true,true,true,false,OwnerSharingRule,FlowTableViewDefinition__c,false,false,false,false,,false,false,false,true,,,false,false,false,false,false,,true,true,true,false,,false,,,,
FlowTestResult,,2hU,Flow Test Result,Flow Test Results,false,false,false,false,,,false,false,false,false,,false,false,false,true,,,false,false,false,false,false,,true,true,true,false,,false,,,,
FlowTestResultOwnerSharingRule,,,Flow Test Result Owner Rule,Flow Test Result Owner Rule,true,true,true,false,OwnerSharingRule,FlowTestResult,false,false,false,false,,false,false,false,true,,,false,false,false,false,false,,true,true,true,false,,false,,,,
FlowTestView,,4YB,Flow Test View,Flow Test Views,false,false,false,false,,,false,false,false,false,,false,false,false,false,,,false,false,false,false,false,,true,false,false,false,,false,,,,
FlowVariableView,,3ad,Flow Variable,Flow Variables,false,false,false,false,,,false,false,false,false,,false,false,false,false,,,false,false,false,false,false,,true,false,false,false,,false,,,,
FlowVersionView,,3vd,Flow Version,Flow Versions,false,false,false,false,,,false,false,false,false,,false,false,false,false,,,false,false,false,false,false,,true,false,false,false,,false,,,,
Folder,,00l,Folder,Folders,true,true,true,false,,,false,false,false,false,,false,false,false,true,,,false,false,false,false,false,,true,true,true,true,,false,,,,
FolderedContentDocument,,,Foldered Content Document,Foldered Content Documents,false,false,false,false,,,false,false,false,false,,false,false,false,true,,,false,false,false,false,false,,false,false,false,false,,false,,,,
FolderObjDatasetMapping,,13m,Folder mapping for Data Model Objects to Dataset conversion,Folder mappings for Data Model Objects to Dataset conversion,true,true,true,false,,,false,false,false,false,,false,false,false,true,,,false,false,false,false,false,,true,false,true,false,,false,,,,
Forecasting_Historical_Data__c,true,a43,Forecasting Historical Data,Forecasting Historical Data,true,true,true,false,,,true,true,false,false,,false,false,false,true,,,false,false,true,false,false,,true,true,true,false,true,true,,,,
Forecasting_Historical_Data__OwnerSharingRule,,,Owner Rule: Forecasting Historical Data,Owner Rule: Forecasting Historical Data,true,true,true,false,OwnerSharingRule,Forecasting_Historical_Data__c,false,false,false,false,,false,false,false,true,,,false,false,false,false,false,,true,true,true,false,,false,,,,
ForecastingAdjustment,true,0G7,Forecasting Adjustment,Forecasting Adjustments,true,true,true,false,,,false,false,false,false,,false,false,false,true,,,false,false,false,false,false,,true,true,true,false,,false,,,,
ForecastingCategoryMapping,true,0Jd,Forecasting Category Mapping,Forecasting Category Mappings,false,false,false,false,,,false,false,false,false,,false,false,false,true,,,false,false,false,false,false,,true,false,true,false,,false,,,,
ForecastingColumnDefinition,,0vv,Forecasting Item Pivot Field Definition,Forecasting Item Pivot Field Definitions,true,true,true,false,,,false,false,false,false,,false,false,false,true,,,false,false,false,false,false,,true,false,true,false,,false,,,,
ForecastingColumnDefinitionLocalization,,,Translation,Translation,true,true,true,false,Localization,ForecastingColumnDefinition,false,false,false,false,,false,false,false,true,,,false,false,false,false,false,,true,true,true,false,,false,,,,
ForecastingCustomData,true,56s,Forecasting Custom Data,Forecasting Custom Data,true,true,true,false,,,false,false,false,false,,false,false,false,true,,,false,false,false,false,false,,true,true,true,false,,false,,,,
ForecastingDisplayedFamily,,0Zx,Forecasting Displayed Family,Forecasting Displayed Families,false,false,false,false,,,false,false,false,false,,false,false,false,true,,,false,false,false,false,false,,true,false,true,false,,false,,,,
ForecastingFact,,0G6,Forecasting Fact,Forecasting Facts,false,false,false,false,,,false,false,false,false,,false,false,false,true,,,false,false,false,false,false,,true,false,true,false,,false,,,,
ForecastingFilter,,0r0,Forecasting Filter,Forecasting Filters,true,true,true,false,,,false,false,false,false,,false,false,false,true,,,false,false,false,false,false,,true,false,true,false,,false,,,,
ForecastingFilterCondition,,1ZK,Forecasting Filter Condition,Forecasting Filter Conditions,true,true,true,false,,,false,false,false,false,,false,false,false,true,,,false,false,false,false,false,,true,false,true,false,,false,,,,
ForecastingGroup,,9xx,Forecasting Group,Forecasting Groups,true,true,true,false,,,false,false,false,false,,false,false,false,true,,,false,false,false,false,false,,true,false,true,false,,false,,,,
ForecastingGroupItem,,9zs,Forecasting Group Item,Forecasting Group Items,true,true,true,false,,,false,false,false,false,,false,false,false,true,,,false,false,false,false,false,,true,false,true,false,,false,,,,
ForecastingItem,,0G3,Forecasting Item,Forecasting Items,false,false,false,false,,,false,false,false,false,,false,false,false,true,,,false,false,false,false,false,,true,true,true,false,,false,,,,
ForecastingItem__hd,,h00,Forecasting Item (Historical),Forecasting Items (Historical),false,false,false,false,,,false,true,false,false,,false,false,false,true,,,false,false,false,false,false,,true,true,true,false,,false,,,,
ForecastingOwnerAdjustment,true,08Q,Forecasting Owner Adjustment,Forecasting Owner Adjustments,true,true,true,false,,,false,false,false,false,,false,false,false,true,,,false,false,false,false,false,,true,true,true,false,,false,,,,
ForecastingPrediction,,0Lv,Forecasting Prediction,Forecasting Predictions,true,true,true,false,,,false,false,false,false,,false,false,false,true,,,false,false,false,false,false,,true,true,true,false,,false,,,,
ForecastingPredictionElement,,01F,Forecasting Prediction Element,Forecasting Prediction Elements,true,true,true,false,,,false,false,false,false,,false,false,false,true,,,false,false,false,false,false,,true,true,true,false,,false,,,,
ForecastingPredictionReason,,0Gf,Forecasting Prediction Reason,Forecasting Prediction Reasons,true,true,true,false,,,false,false,false,false,,false,false,false,true,,,false,false,false,false,false,,true,true,true,false,,false,,,,
ForecastingPredictionTrend,,0OA,Forecasting Prediction Trend,Forecasting Prediction Trends,true,true,true,false,,,false,false,false,false,,false,false,false,true,,,false,false,false,false,false,,true,true,true,false,,false,,,,
ForecastingQuota,true,0J9,Forecasting Quota,Forecasting Quotas,true,true,true,false,,,false,false,false,false,,false,false,false,true,,,false,false,false,false,false,,true,true,true,false,,false,,,,
ForecastingSourceDefinition,,7sy,Forecasting Source Definition,Forecasting Source Definitions,true,true,true,false,,,false,false,false,false,,false,false,false,true,,,false,false,false,false,false,,true,false,true,false,,false,,,,
ForecastingType,,0Db,Forecasting Type,Forecasting Types,true,true,true,false,,,false,false,false,false,,false,false,false,true,,,false,false,false,false,false,,true,false,true,false,,false,,,,
ForecastingTypeSource,,0hl,Forecasting Type Source,Forecasting Type Sources,true,true,true,false,,,false,false,false,false,,false,false,false,true,,,false,false,false,false,false,,true,false,true,false,,false,,,,
ForecastingTypeToCategory,true,0Jg,Forecasting Type To Category Mapping,Forecasting Type To Category Mappings,false,false,false,false,,,false,false,false,false,,false,false,false,true,,,false,false,false,false,false,,true,false,true,false,,false,,,,
ForecastingUserPreference,,0Cl,Forecasting User Preference,Forecasting User Preferences,true,true,false,false,,,false,false,false,false,,false,false,false,false,,,false,false,false,false,false,,true,false,false,false,,false,,,,
FormulaFunction,,0Kn,Formula Function,Formula Functions,false,false,false,false,,,false,false,false,false,,false,false,false,false,,,false,false,false,false,false,,true,false,false,false,,false,,,,
FormulaFunctionAllowedType,,0fE,Formula Context Function,Formula Context Functions,false,false,false,false,,,false,false,false,false,,false,false,false,false,,,false,false,false,false,false,,true,false,false,false,,false,,,,
FormulaFunctionCategory,,0Kh,Formula Function Category,Formula Function Categories,false,false,false,false,,,false,false,false,false,,false,false,false,false,,,false,false,false,false,false,,true,false,false,false,,false,,,,
FOStatusChangedEvent,,0d1,Fulfillment Order Status Changed Event,Fulfillment Order Status Changed Event,false,false,false,false,,,false,false,false,false,,false,false,false,false,,,false,false,false,false,false,,false,false,false,false,true,false,,,,
FrgtHaulingEmssnFctr,true,0oc,Freight Hauling Emissions Factor,Freight Hauling Emissions Factors,false,false,false,false,,,true,false,false,false,,false,false,false,true,,,false,false,true,false,true,,true,true,true,true,true,false,,,true,
FrgtHaulingEmssnFctrOwnerSharingRule,,,Freight Hauling Emissions Factor Owner Rule,Freight Hauling Emissions Factor Owner Rule,true,true,true,false,OwnerSharingRule,FrgtHaulingEmssnFctr,false,false,false,false,,false,false,false,true,,,false,false,false,false,false,,true,true,true,false,,false,,,,
FrgtHaulingEnrgyUse,true,0or,Freight Hauling Energy Use,Freight Hauling Energy Use,false,false,false,false,,,true,false,false,false,,false,false,false,true,,,false,false,true,false,true,,true,true,true,true,true,false,,,true,
FrgtHaulingEnrgyUseOwnerSharingRule,,,Freight Hauling Energy Use Owner Rule,Freight Hauling Energy Use Owner Rule,true,true,true,false,OwnerSharingRule,FrgtHaulingEnrgyUse,false,false,false,false,,false,false,false,true,,,false,false,false,false,false,,true,true,true,false,,false,,,,
FSL__Bundle_Event__e,true,,,,,,,,,,,,,,,,,,,,,,,,,,,,,,,,,,,,
FSL__Bundler_Cache_Refresh_Event__e,true,,,,,,,,,,,,,,,,,,,,,,,,,,,,,,,,,,,,
FSL__CreateFilterEvent__e,true,,,,,,,,,,,,,,,,,,,,,,,,,,,,,,,,,,,,
FSL__Crew_Management_User_Settings__c,true,a0a,Crew Management User Settings,Crew Management User Settings,true,true,true,false,,,true,true,false,false,,false,false,false,true,,,false,false,true,false,false,,true,true,true,false,true,true,,,,
FSL__Crew_Management_User_Settings__OwnerSharingRule,,,Owner Rule: Crew Management User Settings,Owner Rule: Crew Management User Settings,true,true,true,false,OwnerSharingRule,FSL__Crew_Management_User_Settings__c,false,false,false,false,,false,false,false,true,,,false,false,false,false,false,,true,true,true,false,,false,,,,
FSL__Crew_Management_User_Settings_Territory__c,true,a0Z,Crew Management User Settings Territory,Crew Management User Settings Territory,true,true,true,false,,,true,true,false,false,,false,false,false,true,,,false,false,true,false,false,,true,true,true,false,true,true,,,,
FSL__Criteria__c,true,a0b,Criteria,Criterias,true,true,true,false,,,true,true,false,false,,false,false,false,true,,,false,false,true,false,false,,true,true,true,true,true,true,,,true,
FSL__Criteria__OwnerSharingRule,,,Owner Rule: Criteria,Owner Rule: Criteria,true,true,true,false,OwnerSharingRule,FSL__Criteria__c,false,false,false,false,,false,false,false,true,,,false,false,false,false,false,,true,true,true,false,,false,,,,
FSL__FMA_Count_Action__e,true,,,,,,,,,,,,,,,,,,,,,,,,,,,,,,,,,,,,
FSL__FSL_Operation__c,true,a0i,FSL Operation,FSL Operations,true,true,true,false,,,true,true,false,false,,false,false,false,true,,,false,false,true,false,false,,true,true,true,false,true,true,,,,
FSL__FSL_Operation__OwnerSharingRule,,,Owner Rule: FSL Operation,Owner Rule: FSL Operation,true,true,true,false,OwnerSharingRule,FSL__FSL_Operation__c,false,false,false,false,,false,false,false,true,,,false,false,false,false,false,,true,true,true,false,,false,,,,
FSL__FSLHealth_Event__e,true,,,,,,,,,,,,,,,,,,,,,,,,,,,,,,,,,,,,
FSL__Gantt_Filter__c,true,a0p,Gantt Filter,Gantt Filters,true,true,true,false,,,true,true,false,false,,false,false,false,true,,,false,false,true,false,true,,true,true,true,false,true,true,,,,
FSL__Gantt_Filter__OwnerSharingRule,,,Owner Rule: Gantt Filter,Owner Rule: Gantt Filter,true,true,true,false,OwnerSharingRule,FSL__Gantt_Filter__c,false,false,false,false,,false,false,false,true,,,false,false,false,false,false,,true,true,true,false,,false,,,,
FSL__GanttPalette__c,true,a0m,Gantt Palette,Gantt Palettes,true,true,true,false,,,true,true,false,false,,false,false,false,true,,,false,false,true,false,false,,true,true,true,false,true,true,,,,
FSL__GanttPalette__OwnerSharingRule,,,Owner Rule: Gantt Palette,Owner Rule: Gantt Palette,true,true,true,false,OwnerSharingRule,FSL__GanttPalette__c,false,false,false,false,,false,false,false,true,,,false,false,false,false,false,,true,true,true,false,,false,,,,
FSL__O2_Settings__mdt,true,m0C,O2 Settings,O2 Settings,false,false,false,false,,,false,true,false,false,,false,false,false,true,,,false,false,true,false,true,,true,false,true,false,,false,,,,
FSL__Optimization_Data__c,true,a0w,Optimization Data,Optimizations Data,true,true,true,false,,,true,true,false,false,,false,false,false,true,,,false,false,true,false,false,,true,true,true,false,true,true,,,,
FSL__Optimization_Data__OwnerSharingRule,,,Owner Rule: Optimization Data,Owner Rule: Optimization Data,true,true,true,false,OwnerSharingRule,FSL__Optimization_Data__c,false,false,false,false,,false,false,false,true,,,false,false,false,false,false,,true,true,true,false,,false,,,,
FSL__Optimization_Request__c,true,a0y,Optimization Request,Optimization Requests,true,true,true,false,,,true,true,false,false,,false,false,false,true,,,false,false,true,false,true,,true,true,true,true,true,true,,,true,
FSL__Optimization_Request__OwnerSharingRule,,,Owner Rule: Optimization Request,Owner Rule: Optimization Request,true,true,true,false,OwnerSharingRule,FSL__Optimization_Request__c,false,false,false,false,,false,false,false,true,,,false,false,false,false,false,,true,true,true,false,,false,,,,
FSL__Optimization_Request_Queue__c,true,a0x,Optimization Request Queue,Optimization Requests Queue,true,true,true,false,,,true,true,false,false,,false,false,false,true,,,false,false,true,false,false,,true,true,true,false,true,true,,,,
FSL__Optimization_Request_Queue__OwnerSharingRule,,,Owner Rule: Optimization Request Queue,Owner Rule: Optimization Request Queue,true,true,true,false,OwnerSharingRule,FSL__Optimization_Request_Queue__c,false,false,false,false,,false,false,false,true,,,false,false,false,false,false,,true,true,true,false,,false,,,,
FSL__Overlap_Event__e,true,,,,,,,,,,,,,,,,,,,,,,,,,,,,,,,,,,,,
FSL__Polygon__c,true,a10,Map Polygon,Map Polygons,true,true,true,false,,,true,true,false,false,,false,false,false,true,,,false,false,true,false,false,,true,true,true,true,true,true,,,true,
FSL__Polygon__OwnerSharingRule,,,Owner Rule: Map Polygon,Owner Rule: Map Polygon,true,true,true,false,OwnerSharingRule,FSL__Polygon__c,false,false,false,false,,false,false,false,true,,,false,false,false,false,false,,true,true,true,false,,false,,,,
FSL__Scheduling_Policy__c,true,a16,Scheduling Policy,Scheduling Policies,true,true,true,false,,,true,true,false,false,,false,false,false,true,,,false,false,true,false,true,,true,true,true,true,true,true,,,true,
FSL__Scheduling_Policy__OwnerSharingRule,,,Owner Rule: Scheduling Policy,Owner Rule: Scheduling Policy,true,true,true,false,OwnerSharingRule,FSL__Scheduling_Policy__c,false,false,false,false,,false,false,false,true,,,false,false,false,false,false,,true,true,true,false,,false,,,,
FSL__Scheduling_Policy_Goal__c,true,a14,Scheduling Policy Objective,Scheduling Policy Objectives,true,true,true,false,,,true,true,false,false,,false,false,false,true,,,false,false,true,false,false,,true,true,true,false,true,true,,,,
FSL__Scheduling_Policy_Work_Rule__c,true,a15,Scheduling Policy Work Rule,Scheduling Policy Work Rule,true,true,true,false,,,true,true,false,false,,false,false,false,true,,,false,false,true,false,false,,true,true,true,false,true,true,,,,
FSL__SchedulingRecipe__c,true,a13,Scheduling Recipe,Scheduling Recipes,true,true,true,false,,,true,true,false,false,,false,false,false,true,,,false,false,true,false,false,,true,true,true,false,true,true,,,,
FSL__SchedulingRecipe__OwnerSharingRule,,,Owner Rule: Scheduling Recipe,Owner Rule: Scheduling Recipe,true,true,true,false,OwnerSharingRule,FSL__SchedulingRecipe__c,false,false,false,false,,false,false,false,true,,,false,false,false,false,false,,true,true,true,false,,false,,,,
FSL__Service_Goal__c,true,a18,Service Objective,Service Objectives,true,true,true,false,,,true,true,false,false,,false,false,false,true,,,false,false,true,false,true,,true,true,true,true,true,true,,,true,
FSL__Service_Goal__OwnerSharingRule,,,Owner Rule: Service Objective,Owner Rule: Service Objective,true,true,true,false,OwnerSharingRule,FSL__Service_Goal__c,false,false,false,false,,false,false,false,true,,,false,false,false,false,false,,true,true,true,false,,false,,,,
FSL__SLR_Cache__c,true,a11,SLR Cache,SLRS Cache,true,true,true,false,,,true,true,false,false,,false,false,false,true,,,false,false,true,false,false,,true,true,true,false,true,true,,,,
FSL__SLR_Cache__OwnerSharingRule,,,Owner Rule: SLR Cache,Owner Rule: SLR Cache,true,true,true,false,OwnerSharingRule,FSL__SLR_Cache__c,false,false,false,false,,false,false,false,true,,,false,false,false,false,false,,true,true,true,false,,false,,,,
FSL__Territory_Optimization_Request__c,true,a1B,Territory Optimization Request,Territory Optimization Requests,true,true,true,false,,,true,true,false,false,,false,false,false,true,,,false,false,true,false,false,,true,true,true,false,true,true,,,,
FSL__Time_Dependency__c,true,a1C,Appointment Dependency,Appointment Dependencies,true,true,true,false,,,true,true,false,false,,false,false,false,true,,,false,false,true,false,false,,true,true,true,true,true,true,,,true,
FSL__User_Setting_Territory__c,true,a1G,User Setting Territory,User Setting Territories,true,true,true,false,,,true,true,false,false,,false,false,false,true,,,false,false,true,false,false,,true,true,true,false,true,true,,,,
FSL__User_Territory__c,true,a1H,User Territory,User Territories,true,true,true,false,,,true,true,false,false,,false,false,false,true,,,false,false,true,false,true,,true,true,true,true,true,true,,,true,
FSL__UserSetting__c,true,a1F,User Setting,User Settings,true,true,true,false,,,true,true,false,false,,false,false,false,true,,,false,false,true,false,false,,true,true,true,false,true,true,,,,
FSL__UserSetting__OwnerSharingRule,,,Owner Rule: User Setting,Owner Rule: User Setting,true,true,true,false,OwnerSharingRule,FSL__UserSetting__c,false,false,false,false,,false,false,false,true,,,false,false,false,false,false,,true,true,true,false,,false,,,,
FSL__Work_Rule__c,true,a1J,Work Rule,Work Rules,true,true,true,false,,,true,true,false,false,,false,false,false,true,,,false,false,true,false,true,,true,true,true,true,true,true,,,true,
FSL__Work_Rule__OwnerSharingRule,,,Owner Rule: Work Rule,Owner Rule: Work Rule,true,true,true,false,OwnerSharingRule,FSL__Work_Rule__c,false,false,false,false,,false,false,false,true,,,false,false,false,false,false,,true,true,true,false,,false,,,,
FSL__Work_Rule_Entry__c,true,a1I,Work Rule Entry,Work Rule Entries,true,true,true,false,,,true,true,false,false,,false,true,false,true,,,false,false,true,false,false,,true,true,true,true,true,true,,,true,
FSL_Asset_Management__dlm,,qBr,FSL Asset Management,FSL Asset Management,false,false,false,false,,,false,false,false,false,,false,false,false,true,,,false,false,false,false,false,,true,false,false,false,,false,,,,
FSL_Consumed_Location_Product__dlm,,qBu,FSL Consumed Location Product,FSL Consumed Location Product,false,false,false,false,,,false,false,false,false,,false,false,false,true,,,false,false,false,false,false,,true,false,false,false,,false,,,,
FSL_Created_Date__dlm,,qBv,FSL Created Date,FSL Created Date,false,false,false,false,,,false,false,false,false,,false,false,false,true,,,false,false,false,false,false,,true,false,false,false,,false,,,,
FSL_Inventory_Request__dlm,,qBt,FSL Inventory Request,FSL Inventory Request,false,false,false,false,,,false,false,false,false,,false,false,false,true,,,false,false,false,false,false,,true,false,false,false,,false,,,,
FSL_Location_Product_Inventory__dlm,,qBw,FSL Location Product Inventory,FSL Location Product Inventory,false,false,false,false,,,false,false,false,false,,false,false,false,true,,,false,false,false,false,false,,true,false,false,false,,false,,,,
FSL_Required_Product__dlm,,qBs,FSL Required Product,FSL Required Product,false,false,false,false,,,false,false,false,false,,false,false,false,true,,,false,false,false,false,false,,true,false,false,false,,false,,,,
FSL_Service_Appointment__dlm,,qBq,FSL Service Appointment,FSL Service Appointment,false,false,false,false,,,false,false,false,false,,false,false,false,true,,,false,false,false,false,false,,true,false,false,false,,false,,,,
FSL_Work_Order__dlm,,qBp,FSL Work Order,FSL Work Order,false,false,false,false,,,false,false,false,false,,false,false,false,true,,,false,false,false,false,false,,true,false,false,false,,false,,,,
FSL_Work_Resource_Grain__dlm,,qBz,FSL Work Resource Grain,FSL Work Resource Grain,false,false,false,false,,,false,false,false,false,,false,false,false,true,,,false,false,false,false,false,,true,false,false,false,,false,,,,
FSL_Work_Resource_Shift_Grain__dlm,,qBx,FSL Work Resource Shift Grain,FSL Work Resource Shift Grain,false,false,false,false,,,false,false,false,false,,false,false,false,true,,,false,false,false,false,false,,true,false,false,false,,false,,,,
FSL_Work_Resource_Time_Slot_Grain__dlm,,qBy,FSL Work Resource Time Slot Grain,FSL Work Resource Time Slot Grain,false,false,false,false,,,false,false,false,false,,false,false,false,true,,,false,false,false,false,false,,true,false,false,false,,false,,,,
FSSK__FSK_FSL_Starter_Kit__c,true,a7t,FSL Starter Kit,FSL Starter Kit,true,true,true,false,,,false,true,true,false,,false,false,false,true,,,false,false,true,false,false,,true,true,true,true,,true,,,true,
FSSK__FSK_FSL_Starter_Kit__OwnerSharingRule,,,Owner Rule: FSL Starter Kit,Owner Rule: FSL Starter Kit,true,true,true,false,OwnerSharingRule,FSSK__FSK_FSL_Starter_Kit__c,false,false,false,false,,false,false,false,true,,,false,false,false,false,false,,true,true,true,false,,false,,,,
FuelType,,0wU,Fuel Type,Fuel Types,true,true,true,false,,,true,false,false,false,,false,false,false,true,,,false,false,true,false,true,,true,false,true,false,,false,,,,
FuelTypeSustnUom,,0wX,Fuel Type Sustainability Unit of Measure,Fuel Type Sustainability Unit of Measures,true,true,true,false,,,false,false,false,false,,false,false,false,true,,,false,false,false,false,true,,true,false,true,false,,false,,,,
FulfillmentLineRel,,148,Fulfillment Order Line Relationship,Fulfillment Order Line Relationships,true,true,true,false,,,true,false,false,false,,false,false,false,true,,,false,false,true,false,false,,true,true,true,false,,true,,,,
FulfillmentOrder,true,0a3,Fulfillment Order,Fulfillment Orders,true,true,true,false,,,true,false,false,false,,false,true,false,true,,,false,false,true,false,true,,true,true,true,true,,true,,,true,
FulfillmentOrderItemAdjustment,true,0c4,Fulfillment Order Item Adjustment,Fulfillment Order Item Adjustments,true,true,true,false,,,true,false,false,false,,false,false,false,true,,,false,false,true,false,false,,true,true,true,false,,false,,,,
FulfillmentOrderItemTax,true,0co,Fulfillment Order Item Tax,Fulfillment Order Item Taxes,true,true,true,false,,,true,false,false,false,,false,false,false,true,,,false,false,true,false,false,,true,true,true,false,,false,,,,
FulfillmentOrderLineItem,true,0a4,Fulfillment Order Product,Fulfillment Order Products,true,true,true,false,,,true,false,false,false,,false,true,false,true,,,false,false,true,false,false,,true,true,true,false,,false,,,,
FulfillmentOrderOwnerSharingRule,,,Fulfillment Order Owner Rule,Fulfillment Order Owner Rule,true,true,true,false,OwnerSharingRule,FulfillmentOrder,false,false,false,false,,false,false,false,true,,,false,false,false,false,false,,true,true,true,false,,false,,,,
FulfillOrdItemQtyChgEvent,,1Fq,Fulfillment Order Item Quantity Changed Event,Fulfillment Order Item Quantity Changed Events,false,false,false,false,,,false,false,false,false,,false,false,false,false,,,false,false,false,false,false,,false,false,false,false,true,false,,,,
GameDefinition,true,3GD,Game Definition,Game Definitions,true,true,true,false,,,true,false,false,false,,false,false,false,true,,,false,false,true,false,true,,true,true,true,true,true,true,,,true,
GameDefinitionOwnerSharingRule,,,Game Definition Owner Rule,Game Definition Owner Rule,true,true,true,false,OwnerSharingRule,GameDefinition,false,false,false,false,,false,false,false,true,,,false,false,false,false,false,,true,true,true,false,,false,,,,
GameParticipant,true,3GP,Game Participant,Game Participants,true,true,true,false,,,true,false,false,false,,false,false,false,true,,,false,false,true,false,true,,true,true,true,true,true,true,,,true,
GameParticipantOwnerSharingRule,,,Game Participant Owner Rule,Game Participant Owner Rule,true,true,true,false,OwnerSharingRule,GameParticipant,false,false,false,false,,false,false,false,true,,,false,false,false,false,false,,true,true,true,false,,false,,,,
GameParticipantReward,true,3PR,Game Participant Reward,Game Participant Rewards,true,true,true,false,,,true,false,false,false,,false,false,false,true,,,false,false,true,false,true,,true,true,true,true,true,true,,,true,
GameReward,true,3GR,Game Reward,Game Rewards,true,true,true,false,,,true,false,false,false,,false,false,false,true,,,false,false,true,false,true,,true,true,true,true,true,true,,,true,
GenAIAppGeneration__dlm,,qC3,GenAIAppGeneration,GenAIAppGeneration,false,false,false,false,,,false,false,false,false,,false,false,false,true,,,false,false,false,false,false,,true,false,false,false,,false,,,,
GenAIContentCategory__dlm,,qC4,GenAIContentCategory,GenAIContentCategory,false,false,false,false,,,false,false,false,false,,false,false,false,true,,,false,false,false,false,false,,true,false,false,false,,false,,,,
GenAIContentQuality__dlm,,qC5,GenAIContentQuality,GenAIContentQuality,false,false,false,false,,,false,false,false,false,,false,false,false,true,,,false,false,false,false,false,,true,false,false,false,,false,,,,
GenAIFeedback__dlm,,qC6,GenAIFeedback,GenAIFeedback,false,false,false,false,,,false,false,false,false,,false,false,false,true,,,false,false,false,false,false,,true,false,false,false,,false,,,,
GenAIFeedbackDetail__dlm,,qC7,GenAIFeedbackDetail,GenAIFeedbackDetail,false,false,false,false,,,false,false,false,false,,false,false,false,true,,,false,false,false,false,false,,true,false,false,false,,false,,,,
GenAiFunctionDefinition,,172,Generative AI Function Definition,Generative AI Function Definitions,true,true,true,false,,,false,false,false,false,,false,false,false,true,,,false,false,false,false,false,,true,false,true,false,,false,,,,
GenAIGatewayRequest__dlm,,qC8,GenAIGatewayRequest,GenAIGatewayRequest,false,false,false,false,,,false,false,false,false,,false,false,false,true,,,false,false,false,false,false,,true,false,false,false,,false,,,,
GenAIGatewayRequestTag__dlm,,qC9,GenAIGatewayRequestTag,GenAIGatewayRequestTag,false,false,false,false,,,false,false,false,false,,false,false,false,true,,,false,false,false,false,false,,true,false,false,false,,false,,,,
GenAIGatewayResponse__dlm,,qCA,GenAIGatewayResponse,GenAIGatewayResponse,false,false,false,false,,,false,false,false,false,,false,false,false,true,,,false,false,false,false,false,,true,false,false,false,,false,,,,
GenAIGeneration__dlm,,qCB,GenAIGeneration,GenAIGeneration,false,false,false,false,,,false,false,false,false,,false,false,false,true,,,false,false,false,false,false,,true,false,false,false,,false,,,,
GenAIGtwyObjRecCitationRef__dlm,,qCC,GenAIGtwyObjRecCitationRef,GenAIGtwyObjRecCitationRef,false,false,false,false,,,false,false,false,false,,false,false,false,true,,,false,false,false,false,false,,true,false,false,false,,false,,,,
GenAIGtwyObjRecord__dlm,,qCD,GenAIGtwyObjRecord,GenAIGtwyObjRecord,false,false,false,false,,,false,false,false,false,,false,false,false,true,,,false,false,false,false,false,,true,false,false,false,,false,,,,
GenAIGtwyRequestLLM__dlm,,qCE,GenAIGtwyRequestLLM,GenAIGtwyRequestLLM,false,false,false,false,,,false,false,false,false,,false,false,false,true,,,false,false,false,false,false,,true,false,false,false,,false,,,,
GenAIGtwyRequestMetadata__dlm,,qCF,GenAIGtwyRequestMetadata,GenAIGtwyRequestMetadata,false,false,false,false,,,false,false,false,false,,false,false,false,true,,,false,false,false,false,false,,true,false,false,false,,false,,,,
GenAiPlannerAttrDefinition,,17F,Generative AI Planner Attribute Definition,Generative AI Planner Attribute Definition,true,true,true,false,,,false,false,false,false,,false,false,false,true,,,false,false,false,false,false,,true,false,true,false,,false,,,,
GenAiPlannerDefinition,,16j,Generative AI Planner Definition,Generative AI Planner Definition,true,true,true,false,,,false,false,false,false,,false,false,false,true,,,false,false,false,false,false,,true,false,true,false,,false,,,,
GenAiPlannerFunctionDef,,17D,Generative AI Planner Function Definition,Generative AI Planner Function Definition ID,true,true,true,false,,,false,false,false,false,,false,false,false,true,,,false,false,false,false,false,,true,false,true,false,,false,,,,
GenAiPluginDefinition,,179,Generative AI Plugin Definition,Generative AI Plugin Definitions,true,true,true,false,,,false,false,false,false,,false,false,false,true,,,false,false,false,false,false,,true,false,true,false,,false,,,,
GenAiPluginFunctionDef,,17E,Generative AI Plugin Function Definition,Generative AI Plugin Function Definition ID,true,true,true,false,,,false,false,false,false,,false,false,false,true,,,false,false,false,false,false,,true,false,true,false,,false,,,,
GenAiPluginInstructionDef,,1C7,Generative AI Plugin Instruction Definition,Generative AI Plugin Instruction Definition,true,true,true,false,,,false,false,false,false,,false,false,false,true,,,false,false,false,false,false,,true,false,true,false,,false,,,,
GeneratedDocument,true,2gd,Generated Document,Generated Documents,true,true,true,false,,,true,false,false,false,,false,false,false,true,,,false,false,true,false,true,,true,true,true,true,true,true,,,true,
GeneratedDocumentOwnerSharingRule,,,Generated Document Owner Rule,Generated Document Owner Rule,true,true,true,false,OwnerSharingRule,GeneratedDocument,false,false,false,false,,false,false,false,true,,,false,false,false,false,false,,true,true,true,false,,false,,,,
GeneratedDocumentSection,true,2gs,Generated Document Section,Generated Document Sections,true,true,true,false,,,true,false,false,false,,false,false,false,true,,,false,false,true,false,true,,true,true,true,true,true,true,,,true,
GeneratedWaste,true,0ou,Generated Waste,Generated Waste,false,false,false,false,,,true,false,false,false,,false,false,false,true,,,false,false,true,false,true,,true,true,true,true,true,false,,,true,
GeneratedWasteOwnerSharingRule,,,Generated Waste Owner Rule,Generated Waste Owner Rule,true,true,true,false,OwnerSharingRule,GeneratedWaste,false,false,false,false,,false,false,false,true,,,false,false,false,false,false,,true,true,true,false,,false,,,,
GenericAsmtTaskContext,,0oo,Generic Assessment Task Context,Generic Assessment Task Contexts,false,false,false,false,,,false,false,false,false,,false,false,false,true,GenericVisitTaskContext,,true,false,false,false,false,,false,false,false,false,,false,,,,
GenericAssessmentTask,,0px,Generic Assessment Task,Generic Assessment Tasks,false,false,false,false,,,false,false,false,false,,false,false,false,true,GenericVisitTask,,true,false,false,false,false,,false,false,false,false,,false,,,,
GenericVisitTask,true,0py,Generic Visit Task,Generic Visit Tasks,true,true,true,false,,,true,false,false,false,,false,false,false,true,,GenericAssessmentTask,false,false,true,false,true,,true,true,true,true,true,true,,,true,
GenericVisitTaskContext,true,0oO,Generic Visit Task Context,Generic Visit Task Contexts,true,true,true,false,,,true,false,false,false,,false,false,false,true,,GenericAsmtTaskContext,false,false,true,false,true,,true,true,true,true,true,true,,,true,
GenericVisitTaskContextOwnerSharingRule,,,Generic Visit Task Context Owner Rule,Generic Visit Task Context Owner Rule,true,true,true,false,OwnerSharingRule,GenericVisitTaskContext,false,false,false,false,,false,false,false,true,,,false,false,false,false,false,,true,true,true,false,,false,,,,
GenericVisitTaskOwnerSharingRule,,,Generic Visit Task Owner Rule,Generic Visit Task Owner Rule,true,true,true,false,OwnerSharingRule,GenericVisitTask,false,false,false,false,,false,false,false,true,,,false,false,false,false,false,,true,true,true,false,,false,,,,
GenOpPlan,true,1FH,Generated Operation Plan,Generated Operation Plans,false,false,false,false,,,true,false,false,false,,false,false,false,true,,,false,false,true,false,false,,true,true,true,false,true,false,,,,
GenOpPlanParam,true,1FP,Generated Operation Plan Parameter,Generated Operation Plan Parameter,false,false,false,false,,,false,false,false,false,,false,false,false,true,,,false,false,false,false,false,,true,true,true,false,true,false,,,,
GenOpPlanParamDef,,1FQ,Generated Operation Plan Parameter Definition,Generated Operation Plan Parameter Definition,false,false,false,false,,,false,false,false,false,,false,false,false,true,,,false,false,false,false,false,,true,false,true,false,,false,,,,
GenOpPlanParamOwnerSharingRule,,,Generated Operation Plan Parameter Owner Rule,Generated Operation Plan Parameter Owner Rule,true,true,true,false,OwnerSharingRule,GenOpPlanParam,false,false,false,false,,false,false,false,true,,,false,false,false,false,false,,true,true,true,false,,false,,,,
GenOpPlanRequest,true,1G9,Generated Operation Plan Request,Generated Operation Plan Requests,false,false,false,false,,,true,false,false,false,,false,false,false,true,,,false,false,true,false,false,,true,true,true,false,true,false,,,,
GenOpPlanStep,,1FJ,Generated Operation Plan Step,Generated Operation Plan Steps,false,false,false,false,,,true,false,false,false,,false,false,false,true,,,false,false,true,false,false,,true,true,true,false,true,false,,,,
GeoCountry,true,0vf,Geo Country,Geo Countries,true,true,true,false,,,true,false,false,false,,false,false,false,true,,,false,false,true,false,true,,true,true,true,false,true,true,,,,
GeoCountryOwnerSharingRule,,,Geo Country Owner Rule,Geo Country Owner Rule,true,true,true,false,OwnerSharingRule,GeoCountry,false,false,false,false,,false,false,false,true,,,false,false,false,false,false,,true,true,true,false,,false,,,,
GeolocationBasedAction,true,16Q,Geolocation Based Action,Geolocation Based Actions,true,true,true,false,,,true,false,false,false,,false,false,false,true,,,false,false,true,false,true,,true,true,true,true,true,true,,,true,
GeolocationBasedActionOwnerSharingRule,,,Geolocation Based Action Owner Rule,Geolocation Based Action Owner Rule,true,true,true,false,OwnerSharingRule,GeolocationBasedAction,false,false,false,false,,false,false,false,true,,,false,false,false,false,false,,true,true,true,false,,false,,,,
GeoState,true,0yx,Geo State,Geo States,true,true,true,false,,,true,false,false,false,,false,false,false,true,,,false,false,true,false,true,,true,true,true,false,true,true,,,,
GnrcAsmtKeyPerformanceInd,,0qQ,Generic Assessment Key Performance Indicator,Generic Assessment Key Performance Indicator,false,false,false,false,,,false,false,false,false,,false,false,false,true,GnrcVstKeyPerformanceInd,,true,false,false,false,false,,false,false,false,false,,false,,,,
GnrcAsmtTaskContextRela,,0zy,Generic Assessment Task Context Relation,Generic Assessment Task Context Relations,false,false,false,false,,,false,false,false,false,,false,false,false,true,GnrcVstTaskContextRelation,,true,false,false,false,false,,false,false,false,false,,false,,,,
GnrcVstKeyPerformanceInd,true,0q5,Generic Visit Key Performance Indicator,Generic Visit Key Performance Indicators,true,true,true,false,,,true,false,false,false,,false,false,false,true,,GnrcAsmtKeyPerformanceInd,false,false,true,false,true,,true,true,true,true,true,true,,,true,
GnrcVstTaskContextRelation,true,0yz,Generic Visit Task Context Relation,Generic Visit Task Context Relations,true,true,true,false,,,true,false,false,false,,false,false,false,true,,GnrcAsmtTaskContextRela,false,false,true,false,true,,true,true,true,true,true,true,,,true,
GoalAssignment,true,1pg,Goal Assignment,Goal Assignments,true,true,true,false,,,true,false,false,false,,false,false,false,true,,,false,false,true,false,true,,true,true,true,true,true,true,,,true,
GoalAssignmentDetail,true,0xe,Goal Assignment Detail,Goal Assignment Details,false,false,false,false,,,true,false,false,false,,false,false,false,true,,,false,false,true,false,true,,true,true,true,true,true,false,,,true,
GoalAssignmentDetailOwnerSharingRule,,,Goal Assignment Detail Owner Rule,Goal Assignment Detail Owner Rule,true,true,true,false,OwnerSharingRule,GoalAssignmentDetail,false,false,false,false,,false,false,false,true,,,false,false,false,false,false,,true,true,true,false,,false,,,,
GoalAssignmentOwnerSharingRule,,,Goal Assignment Owner Rule,Goal Assignment Owner Rule,true,true,true,false,OwnerSharingRule,GoalAssignment,false,false,false,false,,false,false,false,true,,,false,false,false,false,false,,true,true,true,false,,false,,,,
GoalAssignmentRecommendation,true,7qQ,Goal Assignment Recommendation,Goal Assignment Recommendation,true,true,true,false,,,false,false,false,false,,false,false,false,true,,,false,false,false,false,false,,true,true,true,true,true,true,,,,
GoalAssignmentRecommendationOwnerSharingRule,,,Goal Assignment Recommendation Owner Rule,Goal Assignment Recommendation Owner Rule,true,true,true,false,OwnerSharingRule,GoalAssignmentRecommendation,false,false,false,false,,false,false,false,true,,,false,false,false,false,false,,true,true,true,false,,false,,,,
GoalDefinition,true,1gd,Goal Definition,Goal Definitions,true,true,true,false,,,true,false,false,false,,false,false,false,true,,,false,false,true,false,true,,true,true,true,true,true,true,,,true,
GoalDefinitionOwnerSharingRule,,,Goal Definition Owner Rule,Goal Definition Owner Rule,true,true,true,false,OwnerSharingRule,GoalDefinition,false,false,false,false,,false,false,false,true,,,false,false,false,false,false,,true,true,true,false,,false,,,,
GovtFinancialAsstSum,true,9zq,Government Financial Assistance Summary,Government Financial Assistance Summaries,false,false,false,false,,,true,false,false,false,,false,false,false,true,,,false,false,true,false,true,,true,true,true,true,true,false,,,true,
GovtFinancialAsstSumOwnerSharingRule,,,Government Financial Assistance Summary Owner Rule,Government Financial Assistance Summary Owner Rule,true,true,true,false,OwnerSharingRule,GovtFinancialAsstSum,false,false,false,false,,false,false,false,true,,,false,false,false,false,false,,true,true,true,false,,false,,,,
GrantedByLicense,,06d,Setting Granted By License,Settings Granted By Licenses,false,false,false,false,,,false,false,false,false,,false,false,false,true,,,false,false,false,false,false,,true,false,true,false,,false,,,,
GroundTravelEmssnFctr,true,0p3,Ground Travel Emissions Factor,Ground Travel Emissions Factors,false,false,false,false,,,true,false,false,false,,false,false,false,true,,,false,false,true,false,true,,true,true,true,true,true,false,,,true,
GroundTravelEmssnFctrOwnerSharingRule,,,Ground Travel Emissions Factor Owner Rule,Ground Travel Emissions Factor Owner Rule,true,true,true,false,OwnerSharingRule,GroundTravelEmssnFctr,false,false,false,false,,false,false,false,true,,,false,false,false,false,false,,true,true,true,false,,false,,,,
GroundTravelEnrgyUse,true,0pE,Ground Travel Energy Use,Ground Travel Energy Use,false,false,false,false,,,true,false,false,false,,false,false,false,true,,,false,false,true,false,true,,true,true,true,true,true,false,,,true,
GroundTravelEnrgyUseOwnerSharingRule,,,Ground Travel Energy Use Owner Rule,Ground Travel Energy Use Owner Rule,true,true,true,false,OwnerSharingRule,GroundTravelEnrgyUse,false,false,false,false,,false,false,false,true,,,false,false,false,false,false,,true,true,true,false,,false,,,,
Group,,00G,Group,Group,true,true,true,false,,,false,false,false,false,,false,false,false,true,,,false,false,false,false,false,,true,true,true,true,,false,,,,
GroupCensus,true,0rf,Group Census,Group Census,true,true,true,false,,,true,false,false,false,,false,false,false,true,,,false,false,true,false,true,,true,true,true,true,true,true,,,true,
GroupCensusMember,true,0r6,Group Census Member,Group Census Members,true,true,true,false,,,true,false,false,false,,false,false,false,true,,,false,false,true,false,true,,true,true,true,true,true,true,,,true,
GroupCensusMemberOwnerSharingRule,,,Group Census Member Owner Rule,Group Census Member Owner Rule,true,true,true,false,OwnerSharingRule,GroupCensusMember,false,false,false,false,,false,false,false,true,,,false,false,false,false,false,,true,true,true,false,,false,,,,
GroupCensusMemberPlan,true,0rj,Group Census Member Plan,Group Census Member Plans,true,true,true,false,,,true,false,false,false,,false,false,false,true,,,false,false,true,false,true,,true,true,true,true,true,true,,,true,
GroupCensusMemberPlanOwnerSharingRule,,,Group Census Member Plan Owner Rule,Group Census Member Plan Owner Rule,true,true,true,false,OwnerSharingRule,GroupCensusMemberPlan,false,false,false,false,,false,false,false,true,,,false,false,false,false,false,,true,true,true,false,,false,,,,
GroupCensusOwnerSharingRule,,,Group Census Owner Rule,Group Census Owner Rule,true,true,true,false,OwnerSharingRule,GroupCensus,false,false,false,false,,false,false,false,true,,,false,false,false,false,false,,true,true,true,false,,false,,,,
GroupClass,true,0rE,Group Class,Group Class,true,true,true,false,,,true,false,false,false,,false,false,false,true,,,false,false,true,false,true,,true,true,true,true,true,true,,,true,
GroupClassContribution,true,0rF,Group Class Contribution,Group Class Contribution,true,true,true,false,,,true,false,false,false,,false,false,false,true,,,false,false,true,false,true,,true,true,true,true,true,true,,,true,
GroupMember,,011,Group Member,Group Member,true,false,true,false,,,false,false,false,false,,false,false,false,true,,,false,false,false,false,false,,true,true,true,false,,false,,,,
GtwyProvPaymentMethodType,,1gp,Gateway Provider Payment Method Type,Gateway Provider Payment Method Types,true,true,true,false,,,false,false,false,false,,false,false,false,true,,,false,false,false,false,true,,true,false,true,true,,false,,,,
GuestBuyerProfile,true,3K0,Guest Buyer Profile,Guest Buyer Profile,true,true,true,false,,,true,false,false,false,,false,false,false,true,,,false,false,true,false,true,,true,true,true,true,true,true,,,true,
GuestUserAnomalyEvent,,18y,Guest User Anomaly Event,Guest User Anomaly Events,false,false,false,false,,,false,false,false,false,,false,false,false,false,,,false,false,false,false,false,,false,false,false,false,,false,,,,
GuestUserAnomalyEventStore,,18z,Guest User Anomaly Event Store,Guest User Anomaly Event Stores,false,false,false,false,,,true,false,false,false,,false,false,false,true,,,false,false,true,false,true,,true,true,false,false,,false,,,,
HealthCareDiagnosis,true,0XN,Healthcare Diagnosis,Healthcare Diagnoses,false,false,false,false,,,true,false,false,false,,false,false,false,true,,,false,false,true,false,true,,true,true,true,true,true,false,,,true,
HealthCareDiagnosisOwnerSharingRule,,,Healthcare Diagnosis Owner Rule,Healthcare Diagnosis Owner Rule,true,true,true,false,OwnerSharingRule,HealthCareDiagnosis,false,false,false,false,,false,false,false,true,,,false,false,false,false,false,,true,true,true,false,,false,,,,
HealthcareFacility,true,0kl,Healthcare Facility,Healthcare Facilities,false,false,false,false,,,true,false,false,false,,false,false,false,true,,,false,false,true,false,true,,true,true,true,true,true,false,,,true,
HealthcareFacilityNetwork,true,0bY,Healthcare Facility Network,Healthcare Facility Networks,false,false,false,false,,,true,false,false,false,,false,false,false,true,,,false,false,true,false,true,,true,true,true,true,true,false,,,true,
HealthcareFacilityNetworkOwnerSharingRule,,,Healthcare Facility Network Owner Rule,Healthcare Facility Network Owner Rule,true,true,true,false,OwnerSharingRule,HealthcareFacilityNetwork,false,false,false,false,,false,false,false,true,,,false,false,false,false,false,,true,true,true,false,,false,,,,
HealthcarePayerNetwork,true,0bf,Healthcare Payer Network,Healthcare Payer Networks,false,false,false,false,,,true,false,false,false,,false,false,false,true,,,false,false,true,false,true,,true,true,true,true,true,false,,,true,
HealthcarePayerNetworkOwnerSharingRule,,,Healthcare Payer Network Owner Rule,Healthcare Payer Network Owner Rule,true,true,true,false,OwnerSharingRule,HealthcarePayerNetwork,false,false,false,false,,false,false,false,true,,,false,false,false,false,false,,true,true,true,false,,false,,,,
HealthcarePractitionerFacility,true,0bS,Healthcare Practitioner Facility,Healthcare Practitioner Facilities,false,false,false,false,,,true,false,false,false,,false,false,false,true,,,false,false,true,false,true,,true,true,true,true,true,false,,,true,
HealthcarePractitionerFacilityOwnerSharingRule,,,Healthcare Practitioner Facility Owner Rule,Healthcare Practitioner Facility Owner Rule,true,true,true,false,OwnerSharingRule,HealthcarePractitionerFacility,false,false,false,false,,false,false,false,true,,,false,false,false,false,false,,true,true,true,false,,false,,,,
HealthCareProcedure,true,0XK,Healthcare Procedure,Healthcare Procedures,false,false,false,false,,,true,false,false,false,,false,false,false,true,,,false,false,true,false,true,,true,true,true,true,true,false,,,true,
HealthCareProcedureOwnerSharingRule,,,Healthcare Procedure Owner Rule,Healthcare Procedure Owner Rule,true,true,true,false,OwnerSharingRule,HealthCareProcedure,false,false,false,false,,false,false,false,true,,,false,false,false,false,false,,true,true,true,false,,false,,,,
HealthcareProvider,true,0cm,Healthcare Provider,Healthcare Providers,false,false,false,false,,,true,false,false,false,,false,false,false,true,,,false,false,true,false,true,,true,true,true,true,true,false,,,true,
HealthcareProviderNpi,true,0bN,Healthcare Provider NPI,Healthcare Provider NPIs,false,false,false,false,,,true,false,false,false,,false,false,false,true,,,false,false,true,false,true,,true,true,true,true,true,false,,,true,
HealthcareProviderNpiOwnerSharingRule,,,Healthcare Provider NPI Owner Rule,Healthcare Provider NPI Owner Rule,true,true,true,false,OwnerSharingRule,HealthcareProviderNpi,false,false,false,false,,false,false,false,true,,,false,false,false,false,false,,true,true,true,false,,false,,,,
HealthcareProviderOwnerSharingRule,,,Healthcare Provider Owner Rule,Healthcare Provider Owner Rule,true,true,true,false,OwnerSharingRule,HealthcareProvider,false,false,false,false,,false,false,false,true,,,false,false,false,false,false,,true,true,true,false,,false,,,,
HealthcareProviderService,true,15M,Healthcare Provider Service,Healthcare Provider Services,false,false,false,false,,,true,false,false,false,,false,false,false,true,,,false,false,true,false,true,,true,true,true,true,true,false,,,true,
HealthcareProviderServiceOwnerSharingRule,,,Healthcare Provider Service Owner Rule,Healthcare Provider Service Owner Rule,true,true,true,false,OwnerSharingRule,HealthcareProviderService,false,false,false,false,,false,false,false,true,,,false,false,false,false,false,,true,true,true,false,,false,,,,
HealthcareProviderSpecialty,true,0bO,Healthcare Provider Specialty,Healthcare Provider Specialties,false,false,false,false,,,true,false,false,false,,false,false,false,true,,,false,false,true,false,true,,true,true,true,true,true,false,,,true,
HealthcareProviderSpecialtyOwnerSharingRule,,,Healthcare Provider Specialty Owner Rule,Healthcare Provider Specialty Owner Rule,true,true,true,false,OwnerSharingRule,HealthcareProviderSpecialty,false,false,false,false,,false,false,false,true,,,false,false,false,false,false,,true,true,true,false,,false,,,,
HealthcareProviderTaxonomy,true,0bP,Healthcare Provider Taxonomy,Healthcare Provider Taxonomies,false,false,false,false,,,true,false,false,false,,false,false,false,true,,,false,false,true,false,true,,true,true,true,true,true,false,,,true,
HealthcareProviderTaxonomyOwnerSharingRule,,,Healthcare Provider Taxonomy Owner Rule,Healthcare Provider Taxonomy Owner Rule,true,true,true,false,OwnerSharingRule,HealthcareProviderTaxonomy,false,false,false,false,,false,false,false,true,,,false,false,false,false,false,,true,true,true,false,,false,,,,
HealthcareServiceDetail,true,15N,Healthcare Service Detail,Healthcare Service Details,false,false,false,false,,,true,false,false,false,,false,false,false,true,,,false,false,true,false,true,,true,true,true,true,true,false,,,true,
HealthcareServiceDetailOwnerSharingRule,,,Healthcare Service Detail Owner Rule,Healthcare Service Detail Owner Rule,true,true,true,false,OwnerSharingRule,HealthcareServiceDetail,false,false,false,false,,false,false,false,true,,,false,false,false,false,false,,true,true,true,false,,false,,,,
HealthCondition,true,0j4,Health Condition,Health Conditions,false,false,false,false,,,true,false,false,false,,false,false,false,true,,,false,false,true,false,true,,true,true,true,true,true,false,,,true,
HealthConditionDetail,true,0o8,Health Condition Detail,Health Condition Details,false,false,false,false,,,true,false,false,false,,false,false,false,true,,,false,false,true,false,true,,true,true,true,true,true,false,,,true,
HealthConditionOwnerSharingRule,,,Health Condition Owner Rule,Health Condition Owner Rule,true,true,true,false,OwnerSharingRule,HealthCondition,false,false,false,false,,false,false,false,true,,,false,false,false,false,false,,true,true,true,false,,false,,,,
HealthRiskEvalDetail,true,,,,,,,,,,,,,,,,,,,,,,,,,,,,,,,,,,,,
HealthRiskEvalOutcome,true,,,,,,,,,,,,,,,,,,,,,,,,,,,,,,,,,,,,
HealthRiskEvaluation,true,,,,,,,,,,,,,,,,,,,,,,,,,,,,,,,,,,,,
HierCondHlthCodeMapping,true,1Co,Hierarchical Condition Health Code Mapping,Hierarchical Condition Health Code Mappings,false,false,false,false,,,true,false,false,false,,false,false,false,true,,,false,false,true,false,true,,true,true,true,true,true,false,,,true,
HierCondHlthCodeMappingOwnerSharingRule,,,Hierarchical Condition Health Code Mapping Owner Rule,Hierarchical Condition Health Code Mapping Owner Rule,true,true,true,false,OwnerSharingRule,HierCondHlthCodeMapping,false,false,false,false,,false,false,false,true,,,false,false,false,false,false,,true,true,true,false,,false,,,,
HierCondHlthRskAdjFctr,true,1Ck,Hierarchical Condition Health Risk Adjustment Factor,Hierarchical Condition Health Risk Adjustment Factors,false,false,false,false,,,true,false,false,false,,false,false,false,true,,,false,false,true,false,true,,true,true,true,true,true,false,,,true,
HierCondHlthRskAdjFctrOwnerSharingRule,,,Hierarchical Condition Health Risk Adjustment Factor Owner Rule,Hierarchical Condition Health Risk Adjustment Factor Owner Rule,true,true,true,false,OwnerSharingRule,HierCondHlthRskAdjFctr,false,false,false,false,,false,false,false,true,,,false,false,false,false,false,,true,true,true,false,,false,,,,
HlthCareProvTreatedCondition,true,1K4,Healthcare Provider Treated Condition,Healthcare Provider Treated Conditions,true,true,true,false,,,true,false,false,false,,false,false,false,true,,,false,false,true,false,true,,true,true,true,true,true,true,,,true,
HlthCareProvTreatedConditionOwnerSharingRule,,,Healthcare Provider Treated Condition Owner Rule,Healthcare Provider Treated Condition Owner Rule,true,true,true,false,OwnerSharingRule,HlthCareProvTreatedCondition,false,false,false,false,,false,false,false,true,,,false,false,false,false,false,,true,true,true,false,,false,,,,
Holiday,,0C0,Holiday,Holidays,true,true,true,false,,,true,false,false,false,,false,false,false,true,,,false,false,true,false,false,,true,true,true,true,,false,,,,
HotelStayEmssnFctr,true,0pF,Hotel Stay Emissions Factor,Hotel Stay Emissions Factors,false,false,false,false,,,true,false,false,false,,false,false,false,true,,,false,false,true,false,true,,true,true,true,true,true,false,,,true,
HotelStayEmssnFctrOwnerSharingRule,,,Hotel Stay Emissions Factor Owner Rule,Hotel Stay Emissions Factor Owner Rule,true,true,true,false,OwnerSharingRule,HotelStayEmssnFctr,false,false,false,false,,false,false,false,true,,,false,false,false,false,false,,true,true,true,false,,false,,,,
HotelStayEnrgyUse,true,0pK,Hotel Stay Energy Use,Hotel Stay Energy Use,false,false,false,false,,,true,false,false,false,,false,false,false,true,,,false,false,true,false,true,,true,true,true,true,true,false,,,true,
HotelStayEnrgyUseOwnerSharingRule,,,Hotel Stay Energy Use Owner Rule,Hotel Stay Energy Use Owner Rule,true,true,true,false,OwnerSharingRule,HotelStayEnrgyUse,false,false,false,false,,false,false,false,true,,,false,false,false,false,false,,true,true,true,false,,false,,,,
IconDefinition,,09k,Icon Definition,Icon Definitions,false,false,false,false,,,false,false,false,false,,false,false,false,false,,,false,false,false,false,false,,true,false,false,false,,false,,,,
Idea,true,087,Idea,Ideas,true,true,true,false,,,true,false,false,false,,false,false,false,true,,,false,false,true,false,true,,true,true,true,true,true,true,,,true,
IdeaComment,,00a,Idea Comment,Idea Comments,true,true,true,false,Comment,Idea,false,false,false,false,,false,false,false,true,,,false,false,false,false,false,,true,true,true,true,true,true,,,,
Identifier,true,0hk,Identifier,Identifiers,false,false,false,false,,,true,false,false,false,,false,false,false,true,,,false,false,true,false,true,,true,true,true,true,true,false,,,true,
IdentityDocument,true,0Ss,Identity Document,Identity Documents,true,true,true,false,,,true,false,false,false,,false,false,false,true,,,false,false,true,false,true,,true,true,true,true,true,true,,,true,
IdentityDocumentOwnerSharingRule,,,Identity Document Owner Rule,Identity Document Owner Rule,true,true,true,false,OwnerSharingRule,IdentityDocument,false,false,false,false,,false,false,false,true,,,false,false,false,false,false,,true,true,true,false,,false,,,,
IdentityProviderEventStore,,0k8,Identity Provider Event Store,Identity Provider Event Stores,false,false,false,false,,,false,false,false,false,,false,false,false,false,,,false,false,false,false,false,,true,false,false,false,,false,,,,
IdentityResolution,true,1ir,Identity Resolution,Identity Resolutions,false,true,false,false,,,true,false,false,false,,false,true,false,true,,,false,false,true,false,true,,true,true,true,true,true,false,,,true,
IdentityVerificationEvent,,0Jx,Identity Verification Event,Identity Verification Events,false,false,false,false,,,false,false,false,false,,false,false,false,false,,,false,false,false,false,false,,true,false,false,false,,false,,,,
IdentityVerificationProcDef,,7cV,Identity Verification Process Definition,Identity Verification Process Definitions,true,true,true,false,,,false,false,false,false,,false,false,false,true,,,false,false,false,false,false,,true,false,true,false,,false,,,,
IdentityVerificationProcDtl,,6rv,Identity Verification Process Detail,Identity Verification Process Details,true,true,true,false,,,false,false,false,false,,false,false,false,true,,,false,false,false,false,false,,true,false,true,false,,false,,,,
IdentityVerificationProcFld,,17b,Identity Verification Process Field,Identity Verification Process Fields,true,true,true,false,,,false,false,false,false,,false,false,false,true,,,false,false,false,false,false,,true,false,true,false,,false,,,,
IdentityVerificationProcFldLocalization,,,Translation,Translation,true,true,true,false,Localization,IdentityVerificationProcFld,false,false,false,false,,false,false,false,true,,,false,false,false,false,false,,true,true,true,false,,false,,,,
IdpEventLog,,0Yu,Identity Provider Event Log,Identity Event Logs,false,false,false,false,,,false,false,false,false,,false,false,false,true,,,false,false,false,false,false,,true,false,true,false,,false,,,,
IdRsolStatusEvent,,1e6,Identity Resolution Status Event,Identity Resolution Status Events,false,false,false,false,,,false,false,false,false,,false,false,false,false,,,false,false,false,false,false,,false,false,false,false,true,false,,,,
IframeWhiteListUrl,,6TS,Trusted Domain for Inline Frames,Trusted Domains for Inline Frames,true,true,true,false,,,false,false,false,false,,false,false,false,true,,,false,false,true,false,false,,true,false,true,false,,false,,,,
Image,true,4YL,Image,Images,true,true,true,false,,,true,false,false,false,,false,false,false,true,,,false,false,true,false,true,,true,true,true,true,true,true,,,true,
ImageOwnerSharingRule,,,Image Owner Rule,Image Owner Rule,true,true,true,false,OwnerSharingRule,Image,false,false,false,false,,false,false,false,true,,,false,false,false,false,false,,true,true,true,false,,false,,,,
Incident,true,0ny,Incident,Incidents,true,true,true,false,,,true,false,false,false,,false,true,false,true,,,false,false,true,false,true,,true,true,true,true,true,true,,,true,
IncidentOwnerSharingRule,,,Incident Owner Rule,Incident Owner Rule,true,true,true,false,OwnerSharingRule,Incident,false,false,false,false,,false,false,false,true,,,false,false,false,false,false,,true,true,true,false,,false,,,,
IncidentRelatedItem,true,0tA,Incident Related Item,Incident Related Items,true,true,true,false,,,true,false,false,false,,false,false,false,true,,,false,false,true,false,false,,true,true,true,false,true,true,,,,
IndexRate,true,154,Index Rate,Index Rates,false,false,false,false,,,true,false,false,false,,false,false,false,true,,,false,false,true,false,true,,true,true,true,true,true,false,,,true,
IndexRateOwnerSharingRule,,,Index Rate Owner Rule,Index Rate Owner Rule,true,true,true,false,OwnerSharingRule,IndexRate,false,false,false,false,,false,false,false,true,,,false,false,false,false,false,,true,true,true,false,,false,,,,
Individual,true,0PK,Individual,Individuals,true,true,true,false,,,true,false,false,false,,false,false,false,true,,,false,false,true,true,true,,true,true,true,true,true,true,,,true,
IndividualApplication,true,0iT,Individual Application,Individual Applications,true,true,true,false,,,true,false,false,false,,false,false,false,true,,RegulatoryAuthApplication,false,false,true,false,true,,true,true,true,true,true,true,,,true,
IndividualApplicationOwnerSharingRule,,,Individual Application Owner Rule,Individual Application Owner Rule,true,true,true,false,OwnerSharingRule,IndividualApplication,false,false,false,false,,false,false,false,true,,,false,false,false,false,false,,true,true,true,false,,false,,,,
IndividualOwnerSharingRule,,0TB,Individual Owner Sharing Rule,Individual Owner Sharing Rule,true,true,true,false,OwnerSharingRule,Individual,false,false,false,false,,false,false,false,true,,,false,false,false,false,false,,true,true,true,false,,false,,,,
InflationRate,true,0pL,Inflation Rate,Inflation Rates,false,false,false,false,,,true,false,false,false,,false,false,false,true,,,false,false,true,false,true,,true,true,true,true,true,false,,,true,
InflationRateOwnerSharingRule,,,Inflation Rate Owner Rule,Inflation Rate Owner Rule,true,true,true,false,OwnerSharingRule,InflationRate,false,false,false,false,,false,false,false,true,,,false,false,false,false,false,,true,true,true,false,,false,,,,
InfoAuthorizationRequest,true,0n8,Info Authorization Request,Info Authorization Requests,true,true,true,false,,,true,false,false,false,,false,false,false,true,,,false,false,true,false,true,,true,true,true,true,true,true,,,true,
InfoAuthorizationRequestOwnerSharingRule,,,Info Authorization Request Owner Rule,Info Authorization Request Owner Rule,true,true,true,false,OwnerSharingRule,InfoAuthorizationRequest,false,false,false,false,,false,false,false,true,,,false,false,false,false,false,,true,true,true,false,,false,,,,
InfoAuthRequestForm,true,0lj,Info Authorization Request Form,Info Authorization Request Forms,true,true,true,false,,,true,false,false,false,,false,false,false,true,,,false,false,true,false,true,,true,true,true,true,true,true,,,true,
InfoLibraryExternalDocument,true,1Fk,Information Library External Document,Information Library External Documents,false,false,false,false,,,true,false,false,false,,false,false,false,true,,,false,false,true,false,true,,true,true,true,true,true,false,,,true,
InfoLibraryExternalDocumentOwnerSharingRule,,,Information Library External Document Owner Rule,Information Library External Document Owner Rule,true,true,true,false,OwnerSharingRule,InfoLibraryExternalDocument,false,false,false,false,,false,false,false,true,,,false,false,false,false,false,,true,true,true,false,,false,,,,
inov8__PMT_Error_Log__c,true,a0N,PMT Error Log,PMT Error Logs,true,true,true,false,,,true,true,false,false,,false,false,false,true,,,false,false,true,false,true,,true,true,true,true,true,true,,,true,
inov8__PMT_Error_Log__OwnerSharingRule,,,Owner Rule: PMT Error Log,Owner Rule: PMT Error Log,true,true,true,false,OwnerSharingRule,inov8__PMT_Error_Log__c,false,false,false,false,,false,false,false,true,,,false,false,false,false,false,,true,true,true,false,,false,,,,
inov8__PMT_Phase__c,true,a0O,PMT Phase,PMT Phases,true,true,true,false,,,true,true,false,false,,false,true,false,true,,,false,false,true,false,true,,true,true,true,true,true,true,,,true,
inov8__PMT_Program__c,true,a0P,PMT Program,PMT Programs,true,true,true,false,,,true,true,false,false,,false,true,false,true,,,false,false,true,false,true,,true,true,true,true,true,true,,,true,
inov8__PMT_Program__OwnerSharingRule,,,Owner Rule: PMT Program,Owner Rule: PMT Program,true,true,true,false,OwnerSharingRule,inov8__PMT_Program__c,false,false,false,false,,false,false,false,true,,,false,false,false,false,false,,true,true,true,false,,false,,,,
inov8__PMT_Project__c,true,a0Q,PMT Project,PMT Projects,true,true,true,false,,,true,true,false,false,,false,true,false,true,,,false,false,true,false,true,,true,true,true,true,true,true,,,true,
inov8__PMT_Project__OwnerSharingRule,,,Owner Rule: PMT Project,Owner Rule: PMT Project,true,true,true,false,OwnerSharingRule,inov8__PMT_Project__c,false,false,false,false,,false,false,false,true,,,false,false,false,false,false,,true,true,true,false,,false,,,,
inov8__PMT_Resource_Allocation__c,true,a0R,PMT Resource Allocation,PMT Resource Allocations,true,true,true,false,,,true,true,false,false,,false,false,false,true,,,false,false,true,false,true,,true,true,true,true,true,true,,,true,
inov8__PMT_Resource_Availability__c,true,a0S,PMT Resource Availability,PMT Resource Availability,true,true,true,false,,,true,true,false,false,,false,true,false,true,,,false,false,true,false,true,,true,true,true,true,true,true,,,true,
inov8__PMT_Resource_Availability__OwnerSharingRule,,,Owner Rule: PMT Resource Availability,Owner Rule: PMT Resource Availability,true,true,true,false,OwnerSharingRule,inov8__PMT_Resource_Availability__c,false,false,false,false,,false,false,false,true,,,false,false,false,false,false,,true,true,true,false,,false,,,,
inov8__PMT_Setting__mdt,true,m09,PMT Setting,PMT Settings,false,false,false,false,,,false,true,false,false,,false,false,false,true,,,false,false,true,false,true,,true,false,true,false,,false,,,,
inov8__PMT_Task__c,true,a0T,PMT Task,PMT Tasks,true,true,true,false,,,true,true,false,false,,false,true,false,true,,,false,false,true,false,true,,true,true,true,true,true,true,,,true,
InsightsApplication,,02I,App,Apps,true,true,true,false,,,false,false,false,false,,false,false,false,true,,,false,false,false,false,true,,true,false,true,true,,false,,,,
InsightsExternalData,,06V,External Data,External Data,true,true,true,false,,,false,false,false,false,,false,false,false,true,,,false,false,false,false,false,,true,false,true,false,,false,,,,
InsightsExternalDataPart,,06W,External Data Part,External Data Parts,true,true,true,false,,,false,false,false,false,,false,false,false,true,,,false,false,false,false,false,,true,false,true,false,,false,,,,
InsPolicyAssetAttribute,,19Q,Insurance Policy Asset Attribute,Insurance Policy Asset Attributes,true,true,true,false,,,true,false,false,false,,false,false,false,true,,,false,false,true,false,false,,true,false,true,false,,false,,,,
InsPolicyAssetRelatedObj,true,1En,Insurance Policy Asset Related Object,Insurance Policy Asset Related Objects,true,true,true,false,,,true,false,false,false,,false,false,false,true,,,false,false,true,false,true,,true,true,true,true,true,true,,,true,
InsPolicyCoverageAttribute,,19V,Insurance Policy Coverage Attribute,Insurance Policy Coverage Attributes,true,true,true,false,,,true,false,false,false,,false,false,false,true,,,false,false,true,false,false,,true,false,false,false,,false,,,,
InsPolicyCvrRelatedObj,true,1Em,Insurance Policy Coverage Related Object,Insurance Policy Coverage Related Objects,true,true,true,false,,,true,false,false,false,,false,false,false,true,,,false,false,true,false,true,,true,true,true,true,true,true,,,true,
InsPolicyParticipantAttr,,19U,Insurance Policy Participant Attribute,Insurance Policy Participant Attributes,true,true,true,false,,,true,false,false,false,,false,false,false,true,,,false,false,true,false,false,,true,false,false,false,,false,,,,
InsPolicyPtcpRelatedObj,true,1Eo,Insurance Policy Participant Related Object,Insurance Policy Participant Related Objects,true,true,true,false,,,true,false,false,false,,false,false,false,true,,,false,false,true,false,true,,true,true,true,true,true,true,,,true,
InsPolicyRelatedObject,true,1El,Insurance Policy Related Object,Insurance Policy Related Objects,true,true,true,false,,,true,false,false,false,,false,false,false,true,,,false,false,true,false,true,,true,true,true,true,true,true,,,true,
InsPolicyTransactionDetail,true,0vb,Insurance Policy Transaction Detail,Insurance Policy Transaction Details,true,true,true,false,,,true,false,false,false,,false,false,false,true,,,false,false,true,false,true,,true,true,true,false,true,true,,,,
InstalledMobileApp,,0El,Installed Mobile App,Installed Mobile Apps,false,false,false,false,,,false,false,false,false,,false,false,false,true,,,false,false,false,false,false,,true,true,true,false,,false,,,,
InsuranceAsyncBulkRecordDetail,true,18b,Insurance Async Bulk Record Detail,Insurance Async Bulk Record Details,false,false,true,false,,,false,false,false,false,,false,false,false,true,,,false,false,false,false,false,,true,true,true,false,true,true,,,,
InsuranceAsyncBulkRequest,true,15U,Insurance Async Bulk Request,Insurance Async Bulk Requests,false,false,true,false,,,false,false,false,false,,false,false,false,true,,,false,false,false,false,false,,true,true,true,false,true,true,,,,
InsuranceAsyncBulkRequestItem,true,18c,Insurance Async Bulk Request Item,Insurance Async Bulk Request Items,false,false,true,false,,,false,false,false,false,,false,false,false,true,,,false,false,false,false,false,,true,true,true,false,true,true,,,,
InsuranceAsyncBulkRequestOwnerSharingRule,,,Insurance Async Bulk Request Owner Rule,Insurance Async Bulk Request Owner Rule,true,true,true,false,OwnerSharingRule,InsuranceAsyncBulkRequest,false,false,false,false,,false,false,false,true,,,false,false,false,false,false,,true,true,true,false,,false,,,,
InsuranceContract,true,0rw,Insurance Contract,Insurance Contracts,true,true,true,false,,,true,false,false,false,,false,false,false,true,,,false,false,true,false,true,,true,true,true,true,true,true,,,true,
InsuranceContractOwnerSharingRule,,,Insurance Contract Owner Rule,Insurance Contract Owner Rule,true,true,true,false,OwnerSharingRule,InsuranceContract,false,false,false,false,,false,false,false,true,,,false,false,false,false,false,,true,true,true,false,,false,,,,
InsurancePolicy,true,0YT,Insurance Policy,Insurance Policies,true,true,true,false,,,true,false,false,false,,false,false,false,true,,,false,false,true,false,true,,true,true,true,true,true,true,,,true,
InsurancePolicyAsset,true,0YW,Insurance Policy Asset,Insurance Policy Assets,true,true,true,false,,,true,false,false,false,,false,false,false,true,,,false,false,true,false,true,,true,true,true,true,true,true,,,true,
InsurancePolicyAssetOwnerSharingRule,,,Insurance Policy Asset Owner Rule,Insurance Policy Asset Owner Rule,true,true,true,false,OwnerSharingRule,InsurancePolicyAsset,false,false,false,false,,false,false,false,true,,,false,false,false,false,false,,true,true,true,false,,false,,,,
InsurancePolicyAttribute,,19R,Insurance Policy Attribute,Insurance Policy Attributes,true,true,true,false,,,true,false,false,false,,false,false,false,true,,,false,false,true,false,false,,true,false,false,false,,false,,,,
InsurancePolicyCoverage,true,0cY,Insurance Policy Coverage,Insurance Policy Coverages,true,true,true,false,,,true,false,false,false,,false,false,false,true,,,false,false,true,false,true,,true,true,true,true,true,true,,,true,
InsurancePolicyOwnerSharingRule,,,Insurance Policy Owner Rule,Insurance Policy Owner Rule,true,true,true,false,OwnerSharingRule,InsurancePolicy,false,false,false,false,,false,false,false,true,,,false,false,false,false,false,,true,true,true,false,,false,,,,
InsurancePolicyParticipant,true,0ao,Insurance Policy Participant,Insurance Policy Participants,true,true,true,false,,,true,false,false,false,,false,false,false,true,,,false,false,true,false,true,,true,true,true,true,true,true,,,true,
InsurancePolicySurcharge,true,0kR,Insurance Policy Surcharge,Insurance Policy Surcharges,true,true,true,false,,,true,false,false,false,,false,false,false,true,,,false,false,true,false,true,,true,true,true,true,true,true,,,true,
InsurancePolicyTransaction,true,0k9,Insurance Policy Transaction,Insurance Policy Transactions,true,true,true,false,,,true,false,false,false,,false,false,false,true,,,false,false,true,false,true,,true,true,true,true,true,true,,,true,
InsuranceProfile,true,0Yy,Insurance Profile,Insurance Profiles,true,true,true,false,,,true,false,false,false,,false,false,false,true,,,false,false,true,false,true,,true,true,true,true,true,true,,,true,
InsuranceRatingRequest,true,8zk,Insurance Rating Request,Insurance Rating Request,false,true,true,false,,,false,false,false,false,,false,false,false,true,,,false,false,false,false,false,,true,true,true,false,true,true,,,,
InsuranceRatingRequestEvent,,137,Insurance Rating Request Event,Insurance Rating Request Event,true,false,false,false,,,false,false,false,false,,false,false,false,false,,,false,false,false,false,false,,false,false,false,false,true,false,,,,
InsuranceRatingRequestOwnerSharingRule,,,Insurance Rating Request Owner Rule,Insurance Rating Request Owner Rule,true,true,true,false,OwnerSharingRule,InsuranceRatingRequest,false,false,false,false,,false,false,false,true,,,false,false,false,false,false,,true,true,true,false,,false,,,,
IntegrationJobRun,true,1Oz,Integration Job Run,Integration Job Runs,true,true,true,false,,,true,false,false,false,,false,false,false,true,,,false,false,true,false,true,,true,true,true,true,true,true,,,true,
IntegrationJobRunOwnerSharingRule,,,Integration Job Run Owner Rule,Integration Job Run Owner Rule,true,true,true,false,OwnerSharingRule,IntegrationJobRun,false,false,false,false,,false,false,false,true,,,false,false,false,false,false,,true,true,true,false,,false,,,,
IntegrationProviderAttr,true,0z3,Integration Provider Attribute,Integration Provider Attributes,true,true,true,false,,,false,false,false,false,,false,false,false,true,,,false,false,false,false,false,,true,false,true,false,,false,,,,
IntegrationProviderDcsnRqmt,true,18s,Integration Provider Decision Requirement,Integration Provider Decision Requirements,true,true,true,false,,,true,false,false,false,,false,false,false,true,,,false,false,true,false,true,,true,true,true,true,true,true,,,true,
IntegrationProviderDcsnRqmtOwnerSharingRule,,,Integration Provider Decision Requirement Owner Rule,Integration Provider Decision Requirement Owner Rule,true,true,true,false,OwnerSharingRule,IntegrationProviderDcsnRqmt,false,false,false,false,,false,false,false,true,,,false,false,false,false,false,,true,true,true,false,,false,,,,
IntegrationProviderDef,true,0z2,Integration Provider Definition,Integration Provider Definitions,true,true,true,false,,,true,false,false,false,,false,false,false,true,,,false,false,true,false,true,,true,false,true,false,,false,,,,
IntegrationProviderExecution,true,18u,Integration Provider Execution,Integration Provider Executions,true,true,true,false,,,true,false,false,false,,false,false,false,true,,,false,false,true,false,true,,true,true,true,true,true,true,,,true,
IntegrationProviderExecutionOwnerSharingRule,,,Integration Provider Execution Owner Rule,Integration Provider Execution Owner Rule,true,true,true,false,OwnerSharingRule,IntegrationProviderExecution,false,false,false,false,,false,false,false,true,,,false,false,false,false,false,,true,true,true,false,,false,,,,
InternalOrganizationUnit,true,0gJ,Internal Organization Unit,Internal Organization Units,true,true,true,false,,,true,false,false,false,,false,false,false,true,,,false,false,true,false,true,,true,true,true,true,true,true,,,true,
InternalOrganizationUnitOwnerSharingRule,,,Internal Organization Unit Owner Rule,Internal Organization Unit Owner Rule,true,true,true,false,OwnerSharingRule,InternalOrganizationUnit,false,false,false,false,,false,false,false,true,,,false,false,false,false,false,,true,true,true,false,,false,,,,
InternalOrgUnitCommChannel,true,1NU,Internal Organization Unit Communication Channel,Internal Organization Unit Communication Channels,true,true,true,false,,,true,false,false,false,,false,false,false,true,,,false,false,true,false,true,,true,true,true,false,true,true,,,,
InventoryItemReservation,true,10s,Inventory Item Reservation,Inventory Item Reservations,true,true,true,false,,,true,false,false,false,,false,false,false,true,,,false,false,true,false,true,,true,true,true,false,true,true,,,,
InventoryReservation,true,10r,Inventory Reservation,Inventory Reservations,true,true,true,false,,,true,false,false,false,,false,false,false,true,,,false,false,true,false,true,,true,true,true,false,true,true,,,,
InventoryReservationOwnerSharingRule,,,Inventory Reservation Owner Rule,Inventory Reservation Owner Rule,true,true,true,false,OwnerSharingRule,InventoryReservation,false,false,false,false,,false,false,false,true,,,false,false,false,false,false,,true,true,true,false,,false,,,,
Invoice,true,3tt,Invoice,Invoices,false,true,true,false,,,true,false,false,false,,false,false,false,true,,,false,false,true,false,true,,true,true,true,true,true,false,,,true,
InvoiceLine,true,5TV,Invoice Line,Invoice Lines,false,true,false,false,,,true,false,false,false,,false,false,false,true,,,false,false,true,false,false,,true,true,true,true,true,false,,,true,
InvoiceOwnerSharingRule,,,Invoice Owner Rule,Invoice Owner Rule,true,true,true,false,OwnerSharingRule,Invoice,false,false,false,false,,false,false,false,true,,,false,false,false,false,false,,true,true,true,false,,false,,,,
IPAddressRange,,9s4,IP Address Range,IP Address Ranges,true,true,true,false,,,true,false,false,false,,false,false,false,true,,,false,false,true,false,false,,true,false,true,false,,false,,,,
JobProfile,true,0jp,Job Profile,Job Profiles,true,true,true,false,,,true,false,false,false,,false,false,false,true,,,false,false,true,false,true,,true,true,true,true,true,true,,,true,
JobProfileOwnerSharingRule,,,Job Profile Owner Rule,Job Profile Owner Rule,true,true,true,false,OwnerSharingRule,JobProfile,false,false,false,false,,false,false,false,true,,,false,false,false,false,false,,true,true,true,false,,false,,,,
JobProfileQueueGroup,,0p0,Job Profile Queue Group,Job Profile Queue Groups,true,true,true,false,,,false,false,false,false,,false,false,false,true,,,false,false,false,false,false,,true,true,true,false,,false,,,,
JournalReason,,,Journal Reason,Journal Reasons,false,false,false,false,,,false,false,false,false,,false,false,false,true,,,false,false,false,false,false,,true,false,true,false,,false,,,,
JournalSubType,true,0lS,Journal Subtype,Journal Subtypes,true,true,true,false,,,true,false,false,false,,false,false,false,true,,,false,false,true,false,true,,true,true,true,true,true,true,,,true,
JournalType,true,0lE,Journal Type,Journal Types,true,true,true,false,,,true,false,false,false,,false,false,false,true,,,false,false,true,false,true,,true,true,true,true,true,true,,,true,
JournalTypeOwnerSharingRule,,,Journal Type Owner Rule,Journal Type Owner Rule,true,true,true,false,OwnerSharingRule,JournalType,false,false,false,false,,false,false,false,true,,,false,false,false,false,false,,true,true,true,false,,false,,,,
KCSArticle_DataCategorySelection__c,true,a7x,KCSArticle_DataCategorySelection__c,KCSArticle_DataCategorySelection__c,true,true,true,false,,,true,true,false,false,,false,false,false,true,,,false,false,true,false,false,,true,true,true,false,true,true,,,,
KCSArticle_DataCategorySelection__OwnerSharingRule,,,Owner Rule: KCSArticle_DataCategorySelection__c,Owner Rule: KCSArticle_DataCategorySelection__c,true,true,true,false,OwnerSharingRule,KCSArticle_DataCategorySelection__c,false,false,false,false,,false,false,false,true,,,false,false,false,false,false,,true,true,true,false,,false,,,,
KCSArticle_ka__c,true,a80,KCSArticle_ka__c,KCSArticle_ka__c,true,true,true,false,,,true,true,false,false,,false,false,false,true,,,false,false,true,false,false,,true,true,true,false,true,true,,,,
KCSArticle_ka__OwnerSharingRule,,,Owner Rule: KCSArticle_ka__c,Owner Rule: KCSArticle_ka__c,true,true,true,false,OwnerSharingRule,KCSArticle_ka__c,false,false,false,false,,false,false,false,true,,,false,false,false,false,false,,true,true,true,false,,false,,,,
KCSArticle_kav__c,true,a81,KCSArticle_kav__c,KCSArticle_kav__c,true,true,true,false,,,true,true,false,false,,false,false,false,true,,,false,false,true,false,false,,true,true,true,false,true,true,,,,
KCSArticle_kav__OwnerSharingRule,,,Owner Rule: KCSArticle_kav__c,Owner Rule: KCSArticle_kav__c,true,true,true,false,OwnerSharingRule,KCSArticle_kav__c,false,false,false,false,,false,false,false,true,,,false,false,false,false,false,,true,true,true,false,,false,,,,
KCSArticle_ViewStat__c,true,a7y,KCSArticle_ViewStat__c,KCSArticle_ViewStat__c,true,true,true,false,,,true,true,false,false,,false,false,false,true,,,false,false,true,false,false,,true,true,true,false,true,true,,,,
KCSArticle_ViewStat__OwnerSharingRule,,,Owner Rule: KCSArticle_ViewStat__c,Owner Rule: KCSArticle_ViewStat__c,true,true,true,false,OwnerSharingRule,KCSArticle_ViewStat__c,false,false,false,false,,false,false,false,true,,,false,false,false,false,false,,true,true,true,false,,false,,,,
KCSArticle_VoteStat__c,true,a7z,KCSArticle_VoteStat__c,KCSArticle_VoteStat__c,true,true,true,false,,,true,true,false,false,,false,false,false,true,,,false,false,true,false,false,,true,true,true,false,true,true,,,,
KCSArticle_VoteStat__OwnerSharingRule,,,Owner Rule: KCSArticle_VoteStat__c,Owner Rule: KCSArticle_VoteStat__c,true,true,true,false,OwnerSharingRule,KCSArticle_VoteStat__c,false,false,false,false,,false,false,false,true,,,false,false,false,false,false,,true,true,true,false,,false,,,,
Knowledge__DataCategorySelection,,,Data Category Selection: Knowledge,Data Category Selection: Knowledge,true,false,true,false,DataCategorySelection,Knowledge__kav,false,false,false,false,,false,false,false,true,,,false,false,false,false,false,,true,true,true,false,,false,,,,
Knowledge__ka,,kA0,Knowledge,Knowledge,false,false,true,false,,,false,true,false,false,,false,true,false,true,,,false,false,true,false,true,,true,false,true,false,,true,,,,
Knowledge__kav,true,ka0,Knowledge,Knowledge,true,true,false,false,,,true,true,false,false,,false,false,false,true,,,false,false,true,false,true,,true,false,true,true,true,false,,,true,
Knowledge__ViewStat,,,View Stat: Knowledge,View Stat: Knowledge,false,false,false,false,ViewStat,Knowledge__ka,false,false,false,false,,false,false,false,true,,,false,false,false,false,false,,true,false,true,false,,false,,,,
Knowledge__VoteStat,,,Vote Stat: Knowledge,Vote Stat: Knowledge,false,false,false,false,VoteStat,Knowledge__ka,false,false,false,false,,false,false,false,true,,,false,false,false,false,false,,true,false,true,false,,false,,,,
KnowledgeableUser,,0in,Knowledgeable User,Knowledgeable Users,false,false,false,false,,,false,false,false,false,,false,false,false,true,,,false,false,false,false,false,,true,false,true,false,,false,,,,
KnowledgeArticle,,kA#,Knowledge Article,Knowledge Articles,false,false,false,false,,,false,false,false,false,,false,false,false,true,,,false,false,false,false,true,,true,false,true,false,,false,,,,
KnowledgeArticleVersion,,ka#,Knowledge Article Version,Knowledge Article Versions,false,false,false,false,,,false,false,false,false,,false,false,false,true,,,false,false,true,false,true,,true,false,true,true,,false,,,true,
KnowledgeArticleViewStat,,,Article View Statistics,Article View Statistics,false,false,false,false,ViewStat,KnowledgeArticle,false,false,false,false,,false,false,false,true,,,false,false,false,false,false,,true,false,true,false,,false,,,,
KnowledgeArticleVoteStat,,,Article Vote Statistics,Article Vote Statistics,false,false,false,false,VoteStat,KnowledgeArticle,false,false,false,false,,false,false,false,true,,,false,false,false,false,false,,true,false,true,false,,false,,,,
LandingPage,,0S7,Landing Page,Landing Pages,true,true,true,false,,,true,false,false,false,,false,false,false,true,,,false,false,true,false,true,,true,true,true,true,,true,,,true,
Lead,true,00Q,Lead,Leads,true,true,true,false,,,true,false,false,false,,false,true,false,true,,,false,false,true,true,true,,true,true,true,true,true,true,,,true,
LeadCleanInfo,true,1CL,Lead Clean Info,Lead Clean Info,false,true,false,false,,,false,false,false,false,,false,false,false,true,,,false,false,false,false,false,,true,true,true,false,,false,,,,
LeadDailyMetric,,0mN,Lead Daily Metric,Lead Daily Metrics,false,false,false,false,,,false,false,false,false,,false,false,false,true,,,false,false,false,false,false,,true,true,true,false,,false,,,,
LeadInsight,,0O9,LeadInsight,LeadInsights,true,true,true,false,,,false,false,false,false,,false,false,false,true,,,false,false,false,false,false,,true,true,true,false,,true,,,,
LeadIQConfiguration,,0OC,LeadIQConfiguration,LeadIQConfiguration,true,true,true,false,,,false,false,false,false,,false,false,false,true,,,false,false,false,false,false,,true,true,true,false,,true,,,,
LeadMonthlyMetric,,0mK,Lead Monthly Metric,Lead Monthly Metrics,false,false,false,false,,,false,false,false,false,,false,false,false,true,,,false,false,false,false,false,,true,true,true,false,,false,,,,
LeadOwnerSharingRule,,02A,Lead Owner Rule,Lead Owner Rule,true,true,true,false,OwnerSharingRule,Lead,false,false,false,false,,false,false,false,true,,,false,false,false,false,false,,true,true,true,false,,false,,,,
LeadStatus,,01J,Lead Status Value,Lead Status Value,false,false,false,false,,,false,false,false,false,,false,false,false,true,,,false,false,false,false,false,,true,false,true,false,,false,,,,
LearningContent,,7dR,Learning Content,Learning Contents,false,false,false,false,,,false,false,false,false,,false,false,false,false,,,false,false,false,false,false,,true,false,false,false,,false,,,,
LearningItem,true,04Q,Learning Item,Learning,false,false,false,false,,,false,false,false,false,,false,false,false,true,,,false,false,false,false,false,,true,true,true,false,true,false,,,,
LearningItemAssignment,true,1aP,Learning Item Assignment,Learning Item Assignments,true,false,true,false,,,false,false,false,false,,false,false,false,true,,,false,false,false,false,false,,true,true,true,false,true,false,,,,
LearningItemAssignmentOwnerSharingRule,,,Learning Item Assignment Owner Rule,Learning Item Assignment Owner Rule,true,true,true,false,OwnerSharingRule,LearningItemAssignment,false,false,false,false,,false,false,false,true,,,false,false,false,false,false,,true,true,true,false,,false,,,,
LearningItemOwnerSharingRule,,,Learning Item Owner Rule,Learning Item Owner Rule,true,true,true,false,OwnerSharingRule,LearningItem,false,false,false,false,,false,false,false,true,,,false,false,false,false,false,,true,true,true,false,,false,,,,
LearningItemProgress,true,0uP,Learning Item Progress,Learning Item Progresses,false,false,false,false,,,false,false,false,false,,false,false,false,true,,,false,false,false,false,false,,true,true,true,false,true,false,,,,
LearningItemProgressOwnerSharingRule,,,Learning Item Progress Owner Rule,Learning Item Progress Owner Rule,true,true,true,false,OwnerSharingRule,LearningItemProgress,false,false,false,false,,false,false,false,true,,,false,false,false,false,false,,true,true,true,false,,false,,,,
LearningItemSubmission,,116,Learning Item Submission,Learning Item Submissions,false,false,false,false,,,false,false,false,false,,false,false,false,true,,,false,false,false,false,false,,true,true,true,false,,false,,,,
LearningItemSubmissionOwnerSharingRule,,,Learning Item Submission Owner Rule,Learning Item Submission Owner Rule,true,true,true,false,OwnerSharingRule,LearningItemSubmission,false,false,false,false,,false,false,false,true,,,false,false,false,false,false,,true,true,true,false,,false,,,,
LearningItemType,,1Z2,Learning Item Type,Learning Item Types,true,true,true,false,,,false,false,false,false,,false,false,false,true,,,false,false,false,false,false,,true,false,true,false,,false,,,,
LearningLesson,true,,,,,,,,,,,,,,,,,,,,,,,,,,,,,,,,,,,,
LearningLessonItem,true,,,,,,,,,,,,,,,,,,,,,,,,,,,,,,,,,,,,
LearningPractice,,115,Learning Practice,Learning Practices,false,false,false,false,,,false,false,false,false,,false,false,false,true,,,false,false,false,false,false,,true,true,true,false,,false,,,,
LegalEntity,true,0fw,Legal Entity,Legal Entities,true,true,true,false,,,true,false,false,false,,false,false,false,true,,,false,false,true,false,true,,true,true,true,true,true,true,,,true,
LegalEntityOwnerSharingRule,,,Legal Entity Owner Rule,Legal Entity Owner Rule,true,true,true,false,OwnerSharingRule,LegalEntity,false,false,false,false,,false,false,false,true,,,false,false,false,false,false,,true,true,true,false,,false,,,,
Lens,,0FK,Lens,Lenses,true,true,true,false,,,false,false,false,false,,false,false,false,true,,,false,false,false,false,true,,true,false,true,true,,false,,,,
LensDeveloper,,0dU,LensDeveloper,LensDevelopers,true,true,true,false,,,false,false,false,false,,false,false,false,true,,,false,false,false,false,false,,true,false,true,false,,false,,,,
LensEdgeMart,,0Fm,LensDataset,LensesDatasets,true,true,true,false,,,false,false,false,false,,false,false,false,true,,,false,false,false,false,false,,true,false,true,false,,false,,,,
LensFile,,0FJ,Lens File,Lens Files,true,true,true,false,,,false,false,false,false,,false,false,false,true,,,false,false,false,false,false,,true,false,true,false,,false,,,,
LightningExitByPageMetrics,,0V9,Lightning Exit By Page Metrics,Lightning Exit By Page Metrics,false,false,false,false,,,false,false,false,false,,false,false,false,true,,,false,false,false,false,false,,true,false,true,false,,false,,,,
LightningExperienceTheme,,0S1,Lightning Experience Theme,Lightning Experience Themes,true,true,true,false,,,false,false,false,false,,false,false,false,true,,,false,false,false,false,false,,true,false,true,false,,false,,,,
LightningOnboardingConfig,,7MM,Lightning Onboarding Config,Lightning Onboarding Configs,true,true,true,false,,,false,false,false,false,,false,false,false,true,,,false,false,false,false,false,,true,false,true,false,,false,,,,
LightningToggleMetrics,,1o1,Lightning Toggle Metrics,Lightning Toggle Metrics,false,false,false,false,,,false,false,false,false,,false,false,false,true,,,false,false,false,false,false,,true,false,true,false,,false,,,,
LightningUriEvent,,0bh,Lightning URI Event,Lightning URI Events,false,false,false,false,,,false,false,false,false,,false,false,false,false,,,false,false,false,false,false,,true,false,false,false,,false,,,,
LightningUriEventStream,,0bi,Lightning URI Event Stream,Lightning URI Event Streams,false,false,false,false,,,false,false,false,false,,false,false,false,false,,,false,false,false,false,false,,false,false,false,false,,false,,,,
LightningUsageByAppTypeMetrics,,62C,Lightning Usage By App Type Metrics,Lightning Usage By App Type Metrics,false,false,false,false,,,false,false,false,false,,false,false,false,true,,,false,false,false,false,false,,true,false,true,false,,false,,,,
LightningUsageByBrowserMetrics,,3mK,Lightning Usage By Browser Metrics,Lightning Usage By Browser Metrics,false,false,false,false,,,false,false,false,false,,false,false,false,true,,,false,false,false,false,false,,true,false,true,false,,false,,,,
LightningUsageByFlexiPageMetrics,,7pV,Lightning Usage By FlexiPage Metrics,Lightning Usage By FlexiPage Metrics,false,false,false,false,,,false,false,false,false,,false,false,false,true,,,false,false,false,false,false,,true,false,true,false,,false,,,,
LightningUsageByPageMetrics,,0U5,Lightning Usage By Page Metrics,Lightning Usage By Page Metrics,false,false,false,false,,,false,false,false,false,,false,false,false,true,,,false,false,false,false,false,,true,false,true,false,,false,,,,
LinkedArticle,true,1WK,Linked Article,Linked Articles,true,true,true,false,,,true,false,false,false,,false,false,false,true,,,false,false,true,false,false,,true,true,true,false,true,true,,,,
LinkState,,0Nb,Link State,Link States,true,false,false,false,,,false,false,false,false,,false,false,false,true,,,false,false,false,false,false,,true,false,true,false,,false,,,,
LinkStateData,,0Nc,Link State Data,Link State Datas,true,false,false,false,,,false,false,false,false,,false,false,false,true,,,false,false,false,false,false,,true,false,true,false,,false,,,,
ListEmail,,0XB,List Email,List Emails,true,true,true,false,,,true,false,false,false,,false,false,false,true,,,false,false,true,false,true,,true,true,true,true,,true,,,true,
ListEmailIndividualRecipient,,0XF,List Email Individual Recipient,List Email Individual Recipients,true,true,true,false,,,false,false,false,false,,false,false,false,true,,,false,false,false,false,false,,true,true,true,false,,true,,,,
ListEmailMonthlyMetric,,0hG,List Email Monthly Metric,List Email Monthly Metrics,false,false,false,false,,,false,false,false,false,,false,false,false,true,,,false,false,false,false,false,,true,true,true,false,,false,,,,
ListEmailOwnerSharingRule,,,List Email Owner Rule,List Email Owner Rule,true,true,true,false,OwnerSharingRule,ListEmail,false,false,false,false,,false,false,false,true,,,false,false,false,false,false,,true,true,true,false,,false,,,,
ListEmailRecipientSource,,0XD,List Email Recipient Source,List Email Recipient Sources,true,true,true,false,,,false,false,false,false,,false,false,false,true,,,false,false,false,false,false,,true,true,true,false,,true,,,,
ListView,,00B,List View,List Views,false,false,false,false,,,false,false,false,false,,false,false,false,true,,,false,false,false,false,true,,true,false,true,true,,false,,,,
ListViewChart,,0Dd,List View Chart,List View Charts,true,true,true,false,,,false,false,false,false,,false,false,false,true,,,false,false,false,false,false,,true,false,true,false,,false,,,,
ListViewChartInstance,,0De,List View Chart Instance,List View Chart Instances,false,false,false,false,,,false,false,false,false,,false,false,false,true,,,false,false,false,false,false,,true,false,false,false,,false,,,,
ListViewEvent,,0X8,List View Event,List View Events,false,false,false,false,,,false,false,false,false,,false,false,false,false,,,false,false,false,false,false,,true,false,false,false,,false,,,,
ListViewEventStream,,0XG,List View Event Stream,List View Event Streams,false,false,false,false,,,false,false,false,false,,false,false,false,false,,,false,false,false,false,false,,false,false,false,false,,false,,,,
LiveAgentSession,true,0HK,Chat Session,Chat Sessions,true,true,true,false,,,true,false,false,false,,false,false,false,true,,,false,false,true,false,true,,true,true,true,true,true,true,,,true,
LiveAgentSessionOwnerSharingRule,,,Chat Session Owner Rule,Chat Session Owner Rule,true,true,true,false,OwnerSharingRule,LiveAgentSession,false,false,false,false,,false,false,false,true,,,false,false,false,false,false,,true,true,true,false,,false,,,,
LiveChatBlockingRule,,0No,Chat Blocking Rule,Chat Blocking Rules,true,true,true,false,,,false,false,false,false,,false,false,false,true,,,false,false,false,false,false,,true,false,true,false,,false,,,,
LiveChatButton,,573,Chat Button,Chat Buttons,true,true,false,false,,,false,false,false,false,,false,false,false,true,,,false,false,false,false,false,,true,false,true,false,,false,,,,
LiveChatButtonDeployment,,0HJ,LiveChatButtonDeployment,LiveChatButtonDeployments,true,true,true,false,,,false,false,false,false,,false,false,false,true,,,false,false,false,false,false,,true,false,true,false,,false,,,,
LiveChatButtonSkill,,0If,LiveChatButtonSkill,LiveChatButtonSkills,true,true,true,false,,,false,false,false,false,,false,false,false,true,,,false,false,false,false,false,,true,false,true,false,,false,,,,
LiveChatDeployment,,572,Chat Deployment,Chat Deployments,true,true,false,false,,,false,false,false,false,,false,false,false,true,,,false,false,false,false,false,,true,false,true,false,,false,,,,
LiveChatObjectAccessConfig,,0oN,Live Chat Object Access Configuration,Live Chat Object Access Configuration,true,true,true,false,,,false,false,false,false,,false,false,false,true,,,false,false,false,false,false,,true,false,true,false,,false,,,,
LiveChatObjectAccessDefinition,,0qN,Live Chat Object Access Definition,Live Chat Object Access Definition,true,true,true,false,,,false,false,false,false,,false,false,false,true,,,false,false,false,false,false,,true,false,true,false,,false,,,,
LiveChatSensitiveDataRule,,0GO,Sensitive Data Rule,Sensitive Data Rules,true,true,true,false,,,false,false,false,false,,false,false,false,true,,,false,false,false,false,false,,true,false,true,false,,false,,,,
LiveChatTranscript,true,570,Chat Transcript,Chat Transcripts,true,true,true,false,,,true,false,false,false,,false,true,false,true,,,false,false,true,false,true,,true,true,true,true,true,true,,,true,
LiveChatTranscript__c,true,a83,LiveChatTranscript__c,LiveChatTranscript__c,true,true,true,false,,,true,true,false,false,,false,false,false,true,,,false,false,true,false,false,,true,true,true,true,true,true,,,true,
LiveChatTranscript__OwnerSharingRule,,,Owner Rule: LiveChatTranscript__c,Owner Rule: LiveChatTranscript__c,true,true,true,false,OwnerSharingRule,LiveChatTranscript__c,false,false,false,false,,false,false,false,true,,,false,false,false,false,false,,true,true,true,false,,false,,,,
LiveChatTranscriptEvent,true,0DZ,Chat Transcript Event,Chat Transcript Events,true,true,true,false,,,false,false,false,false,,false,false,false,true,,,false,false,false,false,true,,true,true,true,false,true,true,,,,
LiveChatTranscriptEvent__c,true,a82,LiveChatTranscriptEvent__c,LiveChatTranscriptEvent__c,true,true,true,false,,,true,true,false,false,,false,false,false,true,,,false,false,true,false,false,,true,true,true,true,true,true,,,true,
LiveChatTranscriptEvent__OwnerSharingRule,,,Owner Rule: LiveChatTranscriptEvent__c,Owner Rule: LiveChatTranscriptEvent__c,true,true,true,false,OwnerSharingRule,LiveChatTranscriptEvent__c,false,false,false,false,,false,false,false,true,,,false,false,false,false,false,,true,true,true,false,,false,,,,
LiveChatTranscriptOwnerSharingRule,,,Chat Transcript Owner Rule,Chat Transcript Owner Rule,true,true,true,false,OwnerSharingRule,LiveChatTranscript,false,false,false,false,,false,false,false,true,,,false,false,false,false,false,,true,true,true,false,,false,,,,
LiveChatTranscriptSkill,true,0Ig,LiveChatTranscriptSkill,LiveChatTranscriptSkills,true,true,true,false,,,false,false,false,false,,false,false,false,true,,,false,false,false,false,false,,true,true,true,false,,true,,,,
LiveChatUserConfig,,0C6,Chat Agent Configuration,Chat Agent Configurations,true,true,true,false,,,false,false,false,false,,false,false,false,true,,,false,false,false,false,false,,true,false,true,false,,false,,,,
LiveChatUserConfigProfile,,0CD,Chat User Config Profile,Chat User Config Profiles,true,true,true,false,,,false,false,false,false,,false,false,false,true,,,false,false,false,false,false,,true,false,true,false,,false,,,,
LiveChatUserConfigUser,,0CB,Chat User Config User,Chat User Config Users,true,true,true,false,,,false,false,false,false,,false,false,false,true,,,false,false,false,false,false,,true,false,true,false,,false,,,,
LiveChatVisitor,true,571,Chat Visitor,Chat Visitors,true,true,true,false,,,true,false,false,false,,false,false,false,true,,,false,false,true,false,true,,true,true,true,false,true,true,,,,
LoanApplicant,true,0cU,Loan Applicant,Loan Applicants,false,false,false,false,,,true,false,false,false,,false,false,false,true,,,false,false,true,false,true,,true,true,true,true,true,false,,,true,
LoanApplicantAddress,true,0cj,Loan Applicant Address,Loan Applicant Addresses,false,false,false,false,,,true,false,false,false,,false,false,false,true,,,false,false,true,false,true,,true,true,true,true,true,false,,,true,
LoanApplicantAsset,true,0e2,Loan Applicant Asset,Loan Applicant Assets,false,false,false,false,,,true,false,false,false,,false,false,false,true,,,false,false,true,false,true,,true,true,true,false,true,false,,,,
LoanApplicantDeclaration,true,0cV,Loan Applicant Declaration,Loan Applicant Declarations,false,false,false,false,,,true,false,false,false,,false,false,false,true,,,false,false,true,false,true,,true,true,true,true,true,false,,,true,
LoanApplicantDeclarationOwnerSharingRule,,,Loan Applicant Declaration Owner Rule,Loan Applicant Declaration Owner Rule,true,true,true,false,OwnerSharingRule,LoanApplicantDeclaration,false,false,false,false,,false,false,false,true,,,false,false,false,false,false,,true,true,true,false,,false,,,,
LoanApplicantEmployment,true,0ck,Loan Applicant Employment,Loan Applicant Employments,false,false,false,false,,,true,false,false,false,,false,false,false,true,,,false,false,true,false,true,,true,true,true,true,true,false,,,true,
LoanApplicantEmploymentOwnerSharingRule,,,Loan Applicant Employment Owner Rule,Loan Applicant Employment Owner Rule,true,true,true,false,OwnerSharingRule,LoanApplicantEmployment,false,false,false,false,,false,false,false,true,,,false,false,false,false,false,,true,true,true,false,,false,,,,
LoanApplicantIncome,true,0ci,Loan Applicant Income,Loan Applicant Incomes,false,false,false,false,,,true,false,false,false,,false,false,false,true,,,false,false,true,false,true,,true,true,true,true,true,false,,,true,
LoanApplicantIncomeOwnerSharingRule,,,Loan Applicant Income Owner Rule,Loan Applicant Income Owner Rule,true,true,true,false,OwnerSharingRule,LoanApplicantIncome,false,false,false,false,,false,false,false,true,,,false,false,false,false,false,,true,true,true,false,,false,,,,
LoanApplicantLiability,true,0eK,Loan Applicant Liability,Loan Applicant Liabilities,false,false,false,false,,,true,false,false,false,,false,false,false,true,,,false,false,true,false,true,,true,true,true,false,true,false,,,,
LoanApplicantOwnerSharingRule,,,Loan Applicant Owner Rule,Loan Applicant Owner Rule,true,true,true,false,OwnerSharingRule,LoanApplicant,false,false,false,false,,false,false,false,true,,,false,false,false,false,false,,true,true,true,false,,false,,,,
LoanApplicationAsset,true,0cg,Loan Application Asset,Loan Application Assets,false,false,false,false,,,true,false,false,false,,false,false,false,true,,,false,false,true,false,true,,true,true,true,true,true,false,,,true,
LoanApplicationAssetOwnerSharingRule,,,Loan Application Asset Owner Rule,Loan Application Asset Owner Rule,true,true,true,false,OwnerSharingRule,LoanApplicationAsset,false,false,false,false,,false,false,false,true,,,false,false,false,false,false,,true,true,true,false,,false,,,,
LoanApplicationFinancial,true,0cC,Loan Application Financial,Loan Application Financials,false,false,false,false,,,true,false,false,false,,false,false,false,true,,,false,false,true,false,true,,true,true,true,true,true,false,,,true,
LoanApplicationLiability,true,0ch,Loan Application Liability,Loan Application Liabilities,false,false,false,false,,,true,false,false,false,,false,false,false,true,,,false,false,true,false,true,,true,true,true,true,true,false,,,true,
LoanApplicationLiabilityOwnerSharingRule,,,Loan Application Liability Owner Rule,Loan Application Liability Owner Rule,true,true,true,false,OwnerSharingRule,LoanApplicationLiability,false,false,false,false,,false,false,false,true,,,false,false,false,false,false,,true,true,true,false,,false,,,,
LoanApplicationProperty,true,0cP,Loan Application Property,Loan Application Properties,false,false,false,false,,,true,false,false,false,,false,false,false,true,,,false,false,true,false,true,,true,true,true,true,true,false,,,true,
LoanApplicationTitleHolder,true,0cT,Loan Application Title Holder,Loan Application Title Holders,false,false,false,false,,,true,false,false,false,,false,false,false,true,,,false,false,true,false,true,,true,true,true,true,true,false,,,true,
Location,true,131,Location,Locations,true,true,true,false,,,true,false,false,false,,false,false,false,true,,,false,false,true,false,true,,true,true,true,true,true,true,,,true,
LocationGroup,true,0gh,Location Group,Location Groups,true,true,true,false,,,true,false,false,false,,false,false,false,true,,,false,false,true,false,true,,true,true,true,true,true,true,,,true,
LocationGroupAssignment,true,0gx,Location Group Assignment,Location Group Assignments,true,true,true,false,,,true,false,false,false,,false,false,false,true,,,false,false,true,false,true,,true,true,true,false,true,true,,,,
LocationGroupOwnerSharingRule,,,Location Group Owner Rule,Location Group Owner Rule,true,true,true,false,OwnerSharingRule,LocationGroup,false,false,false,false,,false,false,false,true,,,false,false,false,false,false,,true,true,true,false,,false,,,,
LocationOwnerSharingRule,,,Location Owner Rule,Location Owner Rule,true,true,true,false,OwnerSharingRule,Location,false,false,false,false,,false,false,false,true,,,false,false,false,false,false,,true,true,true,false,,false,,,,
LocationShippingCarrierMethod,true,2A3,Location Shipping Carrier Method,Location Shipping Carrier Methods,true,true,true,false,,,true,false,false,false,,false,false,false,true,,,false,false,true,false,true,,true,true,true,true,true,true,,,true,
LocationShippingCarrierMethodOwnerSharingRule,,,Location Shipping Carrier Method Owner Rule,Location Shipping Carrier Method Owner Rule,true,true,true,false,OwnerSharingRule,LocationShippingCarrierMethod,false,false,false,false,,false,false,false,true,,,false,false,false,false,false,,true,true,true,false,,false,,,,
LocationTrustMeasure,true,20X,Location Trust Measure,Location Trust Measures,true,true,true,false,,,true,false,false,false,,false,false,false,true,,,false,false,true,false,true,,true,true,true,true,true,true,,,true,
LocationTrustMeasureOwnerSharingRule,,,Location Trust Measure Owner Rule,Location Trust Measure Owner Rule,true,true,true,false,OwnerSharingRule,LocationTrustMeasure,false,false,false,false,,false,false,false,true,,,false,false,false,false,false,,true,true,true,false,,false,,,,
LoginAsEvent,,0VX,LoginAs Event,LoginAs Events,false,false,false,false,,,false,false,false,false,,false,false,false,false,,,false,false,false,false,false,,true,false,false,false,,false,,,,
LoginAsEventStream,,0VY,LoginAs Event Stream,LoginAs Event Streams,false,false,false,false,,,false,false,false,false,,false,false,false,false,,,false,false,false,false,false,,false,false,false,false,,false,,,,
LoginEvent,,1HB,Login Event,Login Events,false,false,false,false,,,false,false,false,false,,false,false,false,false,,,false,false,false,false,false,,true,false,false,false,,false,,,,
LoginEventStream,,0Ll,Login Event Stream,Login Event Streams,false,false,false,false,,,false,false,false,false,,false,false,false,false,,,false,false,false,false,false,,false,false,false,false,,false,,,,
LoginGeo,,04F,Login Geo Data,Login Geo Data,false,false,false,false,,,false,false,false,false,,false,false,false,true,,,false,false,false,false,false,,true,false,true,false,,false,,,,
LoginIp,,710,Login IP,Login IP,false,false,true,false,,,false,false,false,false,,false,false,false,true,,,false,false,false,false,false,,true,false,true,false,,false,,,,
LoginIpRange,,02w,Login IP Range,Login IP Range,true,true,true,false,,,false,false,false,false,,false,false,false,true,,,false,false,false,false,false,,true,false,true,false,,false,,,,
LogoutEvent,,06M,Logout Event,Logout Events,false,false,false,false,,,false,false,false,false,,false,false,false,false,,,false,false,false,false,false,,true,false,false,false,,false,,,,
LogoutEventStream,,0PH,Logout Event Stream,Logout Event Streams,false,false,false,false,,,false,false,false,false,,false,false,false,false,,,false,false,false,false,false,,false,false,false,false,true,false,,,,
LookedUpFromActivity,,,Lookups from Activity,Lookups from Activities,false,false,false,false,,,false,false,false,false,,false,false,false,true,,,false,false,false,false,false,,false,false,false,false,,false,,,,
LoyaltyLedger,true,05w,Loyalty Ledger,Loyalty Ledgers,true,false,true,false,,,true,false,false,false,,false,false,false,true,,,false,false,true,false,true,,true,true,true,false,,true,,,,
LoyaltyLedgerTraceability,true,1Dt,Traceability Loyalty Ledger,Traceability Loyalty Ledgers,true,true,true,false,,,true,false,false,false,,false,false,false,true,,,false,false,true,false,true,,true,true,true,false,true,true,,,,
LoyaltyLedgerTraceabilityOwnerSharingRule,,,Traceability Loyalty Ledger Owner Rule,Traceability Loyalty Ledger Owner Rule,true,true,true,false,OwnerSharingRule,LoyaltyLedgerTraceability,false,false,false,false,,false,false,false,true,,,false,false,false,false,false,,true,true,true,false,,false,,,,
LoyaltyMemberCurrency,true,0lz,Loyalty Member Currency,Loyalty Member Currency,true,true,true,false,,,true,false,false,false,,false,false,false,true,,,false,false,true,false,true,,true,true,true,true,true,true,,,true,
LoyaltyMembershipLifecycle,true,11L,Loyalty Membership Lifecycle,Loyalty Membership Lifecycle,true,true,true,false,,,true,false,false,false,,false,false,false,true,,,false,false,true,false,true,,true,true,true,true,true,true,,,true,
LoyaltyMemberTier,true,0ly,Loyalty Member Tier,Loyalty Member Tiers,true,true,true,false,,,true,false,false,false,,false,false,false,true,,,false,false,true,false,true,,true,true,true,true,true,true,,,true,
LoyaltyPartnerProduct,true,0le,Loyalty Partner Product,Loyalty Partner Products,true,true,true,false,,,true,false,false,false,,false,false,false,true,,,false,false,true,false,true,,true,true,true,true,true,true,,,true,
LoyaltyPgmEngmtAttribute,true,0uJ,Loyalty Program Engagement Attribute,Loyalty Program Engagement Attributes,true,true,true,false,,,true,false,false,false,,false,false,false,true,,,false,false,true,false,true,,true,true,true,true,true,true,,,true,
LoyaltyPgmEngmtAttrProm,true,6LX,Loyalty Program Engagement Attribute Promotion,Loyalty Program Engagement Attribute Promotions,true,true,true,false,,,true,false,false,false,,false,false,false,true,,,false,false,true,false,true,,true,true,true,true,true,true,,,true,
LoyaltyPgmGroupMbrRlnsp,true,1LG,Loyalty Program Group Member Relationship,Loyalty Program Group Member Relationships,true,true,true,false,,,true,false,false,false,,false,false,false,true,,,false,false,true,false,true,,true,true,true,true,true,true,,,true,
LoyaltyPgmMbrAttributeVal,true,0uI,Loyalty Program Member Attribute Value,Loyalty Program Member Attribute Values,true,false,true,false,,,true,false,false,false,,false,false,false,true,,,false,false,true,false,true,,true,true,true,true,true,true,,,true,
LoyaltyPgmMbrPromEligView,true,0wv,Loyalty Program Member Promotions Eligibility View,Loyalty Program Member Promotions Eligibility View,true,false,false,false,,,false,false,false,false,,false,false,false,false,,,false,false,false,false,false,,true,false,false,false,,false,,,,
LoyaltyPgmPartnerCurrency,true,2LC,Loyalty Program Partner Currency,Loyalty Program Partner Currencies,true,true,true,false,,,true,false,false,false,,false,false,false,true,,,false,false,true,false,true,,true,true,true,true,true,true,,,true,
LoyaltyPgmPartnerPromotion,true,3LP,Loyalty Program Partner Promotion,Loyalty Program Partner Promotions,true,true,true,false,,,true,false,false,false,,false,false,false,true,,,false,false,true,false,true,,true,true,true,true,true,true,,,true,
LoyaltyPgmPtnrLdgrSummary,true,2pl,Loyalty Program Partner Ledger Summary,Loyalty Program Partner Ledger Summaries,true,true,true,false,,,true,false,false,false,,false,false,false,true,,,false,false,true,false,true,,true,true,true,true,true,true,,,true,
LoyaltyPgmPtnrPrepaidPack,true,9HP,Loyalty Program Partner Prepaid Pack,Loyalty Program Partner Prepaid Packs,true,true,true,false,,,true,false,false,false,,false,false,false,true,,,false,false,true,false,true,,true,true,true,true,true,true,,,true,
LoyaltyProgram,true,0lp,Loyalty Program,Loyalty Programs,true,true,true,false,,,true,false,false,false,,false,false,false,true,,,false,false,true,false,true,,true,true,true,true,true,true,,,true,
LoyaltyProgramBadge,true,0w8,Loyalty Program Badge,Loyalty Program Badges,true,true,true,false,,,true,false,false,false,,false,false,false,true,,,false,false,true,false,true,,true,true,true,true,true,true,,,true,
LoyaltyProgramCurrency,true,0lc,Loyalty Program Currency,Loyalty Program Currencies,true,true,true,false,,,true,false,false,false,,false,false,false,true,,,false,false,true,false,true,,true,true,true,true,true,true,,,true,
LoyaltyProgramMbrPromotion,true,1lp,Loyalty Program Member Promotion,Loyalty Program Member Promotion,true,true,true,false,,,true,false,false,false,,false,false,false,true,,,false,false,true,false,true,,true,true,true,true,true,true,,,true,
LoyaltyProgramMember,true,0lM,Loyalty Program Member,Loyalty Program Members,true,true,true,false,,,true,false,false,false,,false,false,false,true,,,false,false,true,false,true,,true,true,true,true,true,true,,,true,
LoyaltyProgramMemberBadge,true,0w9,Loyalty Program Member Badge,Loyalty Program Member Badges,true,true,true,false,,,true,false,false,false,,false,false,false,true,,,false,false,true,false,true,,true,true,true,true,true,true,,,true,
LoyaltyProgramMemberCase,true,0lY,Loyalty Program Member Case,Loyalty Program Member Cases,true,true,true,false,,,true,false,false,false,,false,false,false,true,,,false,false,true,false,true,,true,true,true,true,true,true,,,true,
LoyaltyProgramMemberCaseOwnerSharingRule,,,Loyalty Program Member Case Owner Rule,Loyalty Program Member Case Owner Rule,true,true,true,false,OwnerSharingRule,LoyaltyProgramMemberCase,false,false,false,false,,false,false,false,true,,,false,false,false,false,false,,true,true,true,false,,false,,,,
LoyaltyProgramMemberMerge,true,0wW,Loyalty Program Member Merge,Loyalty Program Member Merges,true,true,true,false,,,true,false,false,false,,false,false,false,true,,,false,false,true,false,true,,true,true,true,false,true,true,,,,
LoyaltyProgramMemberMergeOwnerSharingRule,,,Loyalty Program Member Merge Owner Rule,Loyalty Program Member Merge Owner Rule,true,true,true,false,OwnerSharingRule,LoyaltyProgramMemberMerge,false,false,false,false,,false,false,false,true,,,false,false,false,false,false,,true,true,true,false,,false,,,,
LoyaltyProgramMemberOwnerSharingRule,,,Loyalty Program Member Owner Rule,Loyalty Program Member Owner Rule,true,true,true,false,OwnerSharingRule,LoyaltyProgramMember,false,false,false,false,,false,false,false,true,,,false,false,false,false,false,,true,true,true,false,,false,,,,
LoyaltyProgramOwnerSharingRule,,,Loyalty Program Owner Rule,Loyalty Program Owner Rule,true,true,true,false,OwnerSharingRule,LoyaltyProgram,false,false,false,false,,false,false,false,true,,,false,false,false,false,false,,true,true,true,false,,false,,,,
LoyaltyProgramPartner,true,0ld,Loyalty Program Partner,Loyalty Program Partners,true,true,true,false,,,true,false,false,false,,false,false,false,true,,,false,false,true,false,true,,true,true,true,true,true,true,,,true,
LoyaltyProgramPartnerLedger,true,1Pl,Loyalty Program Partner Ledger,Loyalty Program Partner Ledgers,true,true,true,false,,,true,false,false,false,,false,false,false,true,,,false,false,true,false,true,,true,true,true,false,true,true,,,,
LoyaltyProgramPartnerOwnerSharingRule,,,Loyalty Program Partner Owner Rule,Loyalty Program Partner Owner Rule,true,true,true,false,OwnerSharingRule,LoyaltyProgramPartner,false,false,false,false,,false,false,false,true,,,false,false,false,false,false,,true,true,true,false,,false,,,,
LoyaltyProgramProcess,true,9MX,Loyalty Program Process,Loyalty Program Processes,true,true,true,false,,,true,false,false,false,,false,false,false,true,,,false,false,true,false,true,,true,true,true,true,true,true,,,true,
LoyaltyProgramProcessOwnerSharingRule,,,Loyalty Program Process Owner Rule,Loyalty Program Process Owner Rule,true,true,true,false,OwnerSharingRule,LoyaltyProgramProcess,false,false,false,false,,false,false,false,true,,,false,false,false,false,false,,true,true,true,false,,false,,,,
LoyaltyProgramProcessParameter,true,9MY,Loyalty Program Process Parameter,Loyalty Program Process Parameters,false,false,false,false,,,true,false,false,false,,false,false,false,true,,,false,false,true,false,true,,true,true,true,false,true,false,,,,
LoyaltyProgramProcessRule,true,9MZ,Loyalty Process Rule,Loyalty Process Rules,false,false,false,false,,,true,false,false,false,,false,false,false,true,,,false,false,true,false,true,,true,true,true,false,true,false,,,,
LoyaltyProgramProcessRuleVersion,true,,,,,,,,,,,,,,,,,,,,,,,,,,,,,,,,,,,,
LoyaltyProgramSetup,,9NY,Loyalty Program Setup,Loyalty Program Setups,true,true,true,false,,,false,false,false,false,,false,false,false,true,,,false,false,false,false,false,,true,false,true,false,,false,,,,
LoyaltyProgramWidget,true,11g,Loyalty Program Widget,Loyalty Program Widgets,true,true,true,false,,,true,false,false,false,,false,false,false,true,,,false,false,true,false,true,,true,true,true,false,true,true,,,,
LoyaltyProgramWidgetOwnerSharingRule,,,Loyalty Program Widget Owner Rule,Loyalty Program Widget Owner Rule,true,true,true,false,OwnerSharingRule,LoyaltyProgramWidget,false,false,false,false,,false,false,false,true,,,false,false,false,false,false,,true,true,true,false,,false,,,,
LoyaltyTier,true,0lg,Loyalty Tier,Loyalty Tiers,true,true,true,false,,,true,false,false,false,,false,false,false,true,,,false,false,true,false,true,,true,true,true,true,true,true,,,true,
LoyaltyTierBenefit,true,0tb,Loyalty Tier Benefit,Loyalty Tier Benefits,true,true,true,false,,,true,false,false,false,,false,false,false,true,,,false,false,true,false,true,,true,true,true,true,true,true,,,true,
LoyaltyTierGroup,true,0lt,Loyalty Tier Group,Loyalty Tier Groups,true,true,true,false,,,true,false,false,false,,false,false,false,true,,,false,false,true,false,true,,true,true,true,true,true,true,,,true,
LoyaltyTierMshpFeeOption,true,1Pr,Loyalty Tier Membership Fee Option,Loyalty Tier Membership Fee Options,true,true,true,false,,,true,false,false,false,,false,false,false,true,,,false,false,true,false,true,,true,true,true,true,true,true,,,true,
LoyaltyTierPromotion,true,1Pc,Loyalty Tier Promotion,Loyalty Tier Promotions,true,true,true,false,,,true,false,false,false,,false,false,false,true,,,false,false,true,false,true,,true,true,true,true,true,true,,,true,
Macro,true,0JZ,Macro,Macros,true,true,true,false,,,true,false,false,false,,false,false,false,true,,,false,false,true,false,true,,true,true,true,true,true,true,,,true,
MacroAction,true,,,,,,,,,,,,,,,,,,,,,,,,,,,,,,,,,,,,
MacroInstruction,true,0Ji,Macro Instruction,Macro Instructions,true,true,true,false,,,false,false,false,false,,false,false,false,true,,,false,false,false,false,false,,true,true,true,false,,true,,,,
MacroOwnerSharingRule,,,Macro Owner Rule,Macro Owner Rule,true,true,true,false,OwnerSharingRule,Macro,false,false,false,false,,false,false,false,true,,,false,false,false,false,false,,true,true,true,false,,false,,,,
MacroUsage,true,5ML,Macro Usage,Macro Usages,false,false,true,false,,,false,false,false,false,,false,false,false,true,,,false,false,false,false,false,,true,true,true,false,true,true,,,,
MacroUsageOwnerSharingRule,,,Macro Usage Owner Rule,Macro Usage Owner Rule,true,true,true,false,OwnerSharingRule,MacroUsage,false,false,false,false,,false,false,false,true,,,false,false,false,false,false,,true,true,true,false,,false,,,,
MailmergeTemplate,,01H,Mail Merge Template,Mail Merge Template,true,true,true,false,,,false,false,false,false,,false,false,false,true,,,false,false,false,false,false,,true,true,true,false,,true,,,,
MaintenanceAsset,true,1MA,Maintenance Asset,Maintenance Assets,true,true,true,false,,,true,false,false,false,,false,false,false,true,,,false,false,true,false,true,,true,true,true,false,true,true,,,,
MaintenancePlan,true,1MP,Maintenance Plan,Maintenance Plans,true,true,true,false,,,true,false,false,false,,false,false,false,true,,,false,false,true,false,true,,true,true,true,true,true,true,,,true,
MaintenancePlanOwnerSharingRule,,,Maintenance Plan Owner Rule,Maintenance Plan Owner Rule,true,true,true,false,OwnerSharingRule,MaintenancePlan,false,false,false,false,,false,false,false,true,,,false,false,false,false,false,,true,true,true,false,,false,,,,
MaintenanceWorkRule,true,7fc,Maintenance Work Rule,Maintenance Work Rules,true,true,true,false,,,true,false,false,false,,false,false,false,true,,,false,false,true,false,true,,true,true,true,true,true,true,,,true,
MaintenanceWorkRuleOwnerSharingRule,,,Maintenance Work Rule Owner Rule,Maintenance Work Rule Owner Rule,true,true,true,false,OwnerSharingRule,MaintenanceWorkRule,false,false,false,false,,false,false,false,true,,,false,false,false,false,false,,true,true,true,false,,false,,,,
ManagedCareProgramPrfm,true,14R,Managed Care Program Performance,Managed Care Program Performances,false,false,false,false,,,true,false,false,false,,false,false,false,true,,,false,false,true,false,true,,true,true,true,true,true,false,,,true,
ManagedCareProgramPrfmOwnerSharingRule,,,Managed Care Program Performance Owner Rule,Managed Care Program Performance Owner Rule,true,true,true,false,OwnerSharingRule,ManagedCareProgramPrfm,false,false,false,false,,false,false,false,true,,,false,false,false,false,false,,true,true,true,false,,false,,,,
ManagedContent,,20Y,Managed Content,Managed Contents,false,false,false,false,,,true,false,false,false,,false,false,false,true,,,false,false,true,false,false,,true,true,true,false,,false,,,,
ManagedContentChannel,,0ap,Managed Content Channel,Managed Content Channels,false,false,false,false,,,false,false,false,false,,false,false,false,true,,,false,false,false,false,false,,true,true,true,false,,false,,,,
ManagedContentSpace,,0Zu,Managed Content Space,Managed Content Spaces,false,false,false,false,,,false,false,false,false,,false,false,false,true,,,false,false,false,false,true,,true,true,true,false,,false,,,,
ManagedContentVariant,,9Ps,Managed Content Variant,Managed Content Variants,false,false,false,false,,,true,false,false,false,,false,false,false,true,,,false,false,true,false,false,,true,true,true,true,,false,,,true,
ManufacturingProgram,true,,,,,,,,,,,,,,,,,,,,,,,,,,,,,,,,,,,,
maps__AdvRoute__c,true,a1q,Maps Advanced Route,Maps Advanced Routes,true,true,true,false,,,true,true,false,false,,false,false,false,true,,,false,false,true,false,false,,true,true,true,false,true,true,,,,
maps__AdvRoute__OwnerSharingRule,,,Owner Rule: Maps Advanced Route,Owner Rule: Maps Advanced Route,true,true,true,false,OwnerSharingRule,maps__AdvRoute__c,false,false,false,false,,false,false,false,true,,,false,false,false,false,false,,true,true,true,false,,false,,,,
maps__AdvRouteContinuousTravel__c,true,a1a,Maps Advanced Route Continuous Travel,Maps Advanced Route Continuous Travels,true,true,true,false,,,true,true,false,false,,false,false,false,true,,,false,false,true,false,false,,true,true,true,false,true,true,,,,
maps__AdvRouteContinuousTravel__OwnerSharingRule,,,Owner Rule: Maps Advanced Route Continuous Travel,Owner Rule: Maps Advanced Route Continuous Travel,true,true,true,false,OwnerSharingRule,maps__AdvRouteContinuousTravel__c,false,false,false,false,,false,false,false,true,,,false,false,false,false,false,,true,true,true,false,,false,,,,
maps__AdvRouteDataSet__c,true,a1b,Maps Advanced Route Data Set,Maps Advanced Route Data Sets,true,true,true,false,,,true,true,false,false,,false,false,false,true,,,false,false,true,false,false,,true,true,true,false,true,true,,,,
maps__AdvRouteDataSet__OwnerSharingRule,,,Owner Rule: Maps Advanced Route Data Set,Owner Rule: Maps Advanced Route Data Set,true,true,true,false,OwnerSharingRule,maps__AdvRouteDataSet__c,false,false,false,false,,false,false,false,true,,,false,false,false,false,false,,true,true,true,false,,false,,,,
maps__AdvRouteDefaultValue__c,true,a1c,Maps Advanced Default Value,Maps Advanced Default Values,true,true,true,false,,,true,true,false,false,,false,false,false,true,,,false,false,true,false,false,,true,true,true,false,true,true,,,,
maps__AdvRouteDefaultValue__OwnerSharingRule,,,Owner Rule: Maps Advanced Default Value,Owner Rule: Maps Advanced Default Value,true,true,true,false,OwnerSharingRule,maps__AdvRouteDefaultValue__c,false,false,false,false,,false,false,false,true,,,false,false,false,false,false,,true,true,true,false,,false,,,,
maps__AdvRouteDefaultValuesGrouping__c,true,a1d,Maps Advanced Default Values Group,Maps Advanced Default Values Groups,true,true,true,false,,,true,true,false,false,,false,false,false,true,,,false,false,true,false,false,,true,true,true,false,true,true,,,,
maps__AdvRouteDefaultValuesGrouping__OwnerSharingRule,,,Owner Rule: Maps Advanced Default Values Group,Owner Rule: Maps Advanced Default Values Group,true,true,true,false,OwnerSharingRule,maps__AdvRouteDefaultValuesGrouping__c,false,false,false,false,,false,false,false,true,,,false,false,false,false,false,,true,true,true,false,,false,,,,
maps__AdvRouteOffDays__c,true,a1e,Maps Advanced Route Off Days,Maps Advanced Route Off Days,true,true,true,false,,,true,true,false,false,,false,false,false,true,,,false,false,true,false,false,,true,true,true,false,true,true,,,,
maps__AdvRouteOffDays__OwnerSharingRule,,,Owner Rule: Maps Advanced Route Off Days,Owner Rule: Maps Advanced Route Off Days,true,true,true,false,OwnerSharingRule,maps__AdvRouteOffDays__c,false,false,false,false,,false,false,false,true,,,false,false,false,false,false,,true,true,true,false,,false,,,,
maps__AdvRouteOutputType__c,true,a1f,Maps Advanced Route Output Type,Maps Advanced Route Output Types,true,true,true,false,,,true,true,false,false,,false,false,false,true,,,false,false,true,false,false,,true,true,true,false,true,true,,,,
maps__AdvRouteOutputType__OwnerSharingRule,,,Owner Rule: Maps Advanced Route Output Type,Owner Rule: Maps Advanced Route Output Type,true,true,true,false,OwnerSharingRule,maps__AdvRouteOutputType__c,false,false,false,false,,false,false,false,true,,,false,false,false,false,false,,true,true,true,false,,false,,,,
maps__AdvRoutePriority__c,true,a1g,Maps Advanced Route Priority,Maps Advanced Route Priorities,true,true,true,false,,,true,true,false,false,,false,false,false,true,,,false,false,true,false,false,,true,true,true,false,true,true,,,,
maps__AdvRoutePriority__OwnerSharingRule,,,Owner Rule: Maps Advanced Route Priority,Owner Rule: Maps Advanced Route Priority,true,true,true,false,OwnerSharingRule,maps__AdvRoutePriority__c,false,false,false,false,,false,false,false,true,,,false,false,false,false,false,,true,true,true,false,,false,,,,
maps__AdvRoutePromotionalPeriodConfiguration__c,true,a1h,Maps Advanced Promotional Period Config,Maps Advanced Promotional Period Configs,true,true,true,false,,,true,true,false,false,,false,false,false,true,,,false,false,true,false,false,,true,true,true,false,true,true,,,,
maps__AdvRoutePromotionalPeriodConfiguration__OwnerSharingRule,,,Owner Rule: Maps Advanced Promotional Period Config,Owner Rule: Maps Advanced Promotional Period Config,true,true,true,false,OwnerSharingRule,maps__AdvRoutePromotionalPeriodConfiguration__c,false,false,false,false,,false,false,false,true,,,false,false,false,false,false,,true,true,true,false,,false,,,,
maps__AdvRouteQueryFilter__c,true,a1j,Maps Advanced Route Query Filter,Maps Advanced Route Query Filters,true,true,true,false,,,true,true,false,false,,false,false,false,true,,,false,false,true,false,false,,true,true,true,false,true,true,,,,
maps__AdvRouteQueryFilter__OwnerSharingRule,,,Owner Rule: Maps Advanced Route Query Filter,Owner Rule: Maps Advanced Route Query Filter,true,true,true,false,OwnerSharingRule,maps__AdvRouteQueryFilter__c,false,false,false,false,,false,false,false,true,,,false,false,false,false,false,,true,true,true,false,,false,,,,
maps__AdvRouteQueryFilterGrouping__c,true,a1i,Maps Advanced Route Query Filter Group,Maps Advanced Route Query Filter Groups,true,true,true,false,,,true,true,false,false,,false,false,false,true,,,false,false,true,false,false,,true,true,true,false,true,true,,,,
maps__AdvRouteQueryFilterGrouping__OwnerSharingRule,,,Owner Rule: Maps Advanced Route Query Filter Group,Owner Rule: Maps Advanced Route Query Filter Group,true,true,true,false,OwnerSharingRule,maps__AdvRouteQueryFilterGrouping__c,false,false,false,false,,false,false,false,true,,,false,false,false,false,false,,true,true,true,false,,false,,,,
maps__AdvRouteRoutableObject__c,true,a1k,Maps Advanced Route Routable Object,Maps Advanced Route Routable Objects,true,true,true,false,,,true,true,false,false,,false,false,false,true,,,false,false,true,false,false,,true,true,true,false,true,true,,,,
maps__AdvRouteRoutableObject__OwnerSharingRule,,,Owner Rule: Maps Advanced Route Routable Object,Owner Rule: Maps Advanced Route Routable Object,true,true,true,false,OwnerSharingRule,maps__AdvRouteRoutableObject__c,false,false,false,false,,false,false,false,true,,,false,false,false,false,false,,true,true,true,false,,false,,,,
maps__AdvRouteSettings__c,true,a1l,Maps Advanced Route Settings,Maps Advanced Route Settings,true,true,true,false,,,true,true,false,false,,false,false,false,true,,,false,false,true,false,false,,true,true,true,false,true,true,,,,
maps__AdvRouteSettings__OwnerSharingRule,,,Owner Rule: Maps Advanced Route Settings,Owner Rule: Maps Advanced Route Settings,true,true,true,false,OwnerSharingRule,maps__AdvRouteSettings__c,false,false,false,false,,false,false,false,true,,,false,false,false,false,false,,true,true,true,false,,false,,,,
maps__AdvRouteTemplate__c,true,a1n,Maps Advanced Route Template,Maps Advanced Route Templates,true,true,true,false,,,true,true,false,false,,false,false,false,true,,,false,false,true,false,false,,true,true,true,true,true,true,,,true,
maps__AdvRouteTemplate__OwnerSharingRule,,,Owner Rule: Maps Advanced Route Template,Owner Rule: Maps Advanced Route Template,true,true,true,false,OwnerSharingRule,maps__AdvRouteTemplate__c,false,false,false,false,,false,false,false,true,,,false,false,false,false,false,,true,true,true,false,,false,,,,
maps__AdvRouteTemplateUser__c,true,a1m,Maps Advanced Route Template User,Maps Advanced Route Template Users,true,true,true,false,,,true,true,false,false,,false,false,false,true,,,false,false,true,false,false,,true,true,true,false,true,true,,,,
maps__AdvRouteTemplateUser__OwnerSharingRule,,,Owner Rule: Maps Advanced Route Template User,Owner Rule: Maps Advanced Route Template User,true,true,true,false,OwnerSharingRule,maps__AdvRouteTemplateUser__c,false,false,false,false,,false,false,false,true,,,false,false,false,false,false,,true,true,true,false,,false,,,,
maps__AdvRouteVisitWindows__c,true,a1o,Maps Advanced Route Visit Windows,Maps Advanced Route Visit Windows,true,true,true,false,,,true,true,false,false,,false,false,false,true,,,false,false,true,false,false,,true,true,true,false,true,true,,,,
maps__AdvRouteVisitWindows__OwnerSharingRule,,,Owner Rule: Maps Advanced Route Visit Windows,Owner Rule: Maps Advanced Route Visit Windows,true,true,true,false,OwnerSharingRule,maps__AdvRouteVisitWindows__c,false,false,false,false,,false,false,false,true,,,false,false,false,false,false,,true,true,true,false,,false,,,,
maps__AdvRouteWaypoint__c,true,a1p,Maps Advanced Route Waypoint,Maps Advanced Route Waypoints,true,true,true,false,,,true,true,false,false,,false,false,false,true,,,false,false,true,false,false,,true,true,true,false,true,true,,,,
maps__AdvRouteWaypoint__OwnerSharingRule,,,Owner Rule: Maps Advanced Route Waypoint,Owner Rule: Maps Advanced Route Waypoint,true,true,true,false,OwnerSharingRule,maps__AdvRouteWaypoint__c,false,false,false,false,,false,false,false,true,,,false,false,false,false,false,,true,true,true,false,,false,,,,
maps__Analytic__c,true,a1r,Maps Analytic,Maps Analytics,true,true,true,false,,,true,true,false,false,,false,false,false,true,,,false,false,true,false,false,,true,true,true,true,true,true,,,true,
maps__Analytic__OwnerSharingRule,,,Owner Rule: Maps Analytic,Owner Rule: Maps Analytic,true,true,true,false,OwnerSharingRule,maps__Analytic__c,false,false,false,false,,false,false,false,true,,,false,false,false,false,false,,true,true,true,false,,false,,,,
maps__ArcGISBatchPushLog__c,true,a1s,Maps ArcGIS Batch Push Log,Maps ArcGIS Batch Push Logs,true,true,true,false,,,true,true,false,false,,false,false,false,true,,,false,false,true,false,false,,true,true,true,false,true,true,,,,
maps__ArcGISBatchPushLog__OwnerSharingRule,,,Owner Rule: Maps ArcGIS Batch Push Log,Owner Rule: Maps ArcGIS Batch Push Log,true,true,true,false,OwnerSharingRule,maps__ArcGISBatchPushLog__c,false,false,false,false,,false,false,false,true,,,false,false,false,false,false,,true,true,true,false,,false,,,,
maps__ArcGISBatchPushSetting__c,true,a1t,Maps ArcGIS Batch Push Setting,Maps ArcGIS Batch Push Settings,true,true,true,false,,,true,true,false,false,,false,false,false,true,,,false,false,true,false,false,,true,true,true,false,true,true,,,,
maps__ArcGISBatchPushSetting__OwnerSharingRule,,,Owner Rule: Maps ArcGIS Batch Push Setting,Owner Rule: Maps ArcGIS Batch Push Setting,true,true,true,false,OwnerSharingRule,maps__ArcGISBatchPushSetting__c,false,false,false,false,,false,false,false,true,,,false,false,false,false,false,,true,true,true,false,,false,,,,
maps__ArcGISBatchPushTest__c,true,a1u,Maps ArcGIS Batch Push Test,Maps ArcGIS Batch Push Tests,true,true,true,false,,,true,true,false,false,,false,false,false,true,,,false,false,true,false,false,,true,true,true,false,true,true,,,,
maps__ArcGISBatchPushTest__OwnerSharingRule,,,Owner Rule: Maps ArcGIS Batch Push Test,Owner Rule: Maps ArcGIS Batch Push Test,true,true,true,false,OwnerSharingRule,maps__ArcGISBatchPushTest__c,false,false,false,false,,false,false,false,true,,,false,false,false,false,false,,true,true,true,false,,false,,,,
maps__AssignmentPlan__c,true,a1w,Maps Assignment Plan,Maps Assignment Plans,true,true,true,false,,,true,true,false,false,,false,false,false,true,,,false,false,true,false,false,,true,true,true,false,true,true,,,,
maps__AssignmentPlan__OwnerSharingRule,,,Owner Rule: Maps Assignment Plan,Owner Rule: Maps Assignment Plan,true,true,true,false,OwnerSharingRule,maps__AssignmentPlan__c,false,false,false,false,,false,false,false,true,,,false,false,false,false,false,,true,true,true,false,,false,,,,
maps__AssignmentPlanRun__c,true,a1v,Maps Assignment Plan Run,Maps Assignment Plans Run,true,true,true,false,,,true,true,false,false,,false,false,false,true,,,false,false,true,false,false,,true,true,true,false,true,true,,,,
maps__AssignmentPlanRun__OwnerSharingRule,,,Owner Rule: Maps Assignment Plan Run,Owner Rule: Maps Assignment Plan Run,true,true,true,false,OwnerSharingRule,maps__AssignmentPlanRun__c,false,false,false,false,,false,false,false,true,,,false,false,false,false,false,,true,true,true,false,,false,,,,
maps__AssignmentRule__c,true,a1x,Maps Assignment Rule,Maps Assignment Rules,true,true,true,false,,,true,true,false,false,,false,false,false,true,,,false,false,true,false,false,,true,true,true,false,true,true,,,,
maps__BaseObject__c,true,a1y,Maps Base Object,Maps Base Objects,true,true,true,false,,,true,true,false,false,,false,false,false,true,,,false,false,true,false,false,,true,true,true,true,true,true,,,true,
maps__BaseObject__OwnerSharingRule,,,Owner Rule: Maps Base Object,Owner Rule: Maps Base Object,true,true,true,false,OwnerSharingRule,maps__BaseObject__c,false,false,false,false,,false,false,false,true,,,false,false,false,false,false,,true,true,true,false,,false,,,,
maps__ButtonSet__c,true,a1z,Maps Button Set,Maps Button Sets,true,true,true,false,,,true,true,false,false,,false,false,false,true,,,false,false,true,false,false,,true,true,true,true,true,true,,,true,
maps__ButtonSet__OwnerSharingRule,,,Owner Rule: Maps Button Set,Owner Rule: Maps Button Set,true,true,true,false,OwnerSharingRule,maps__ButtonSet__c,false,false,false,false,,false,false,false,true,,,false,false,false,false,false,,true,true,true,false,,false,,,,
maps__CalendarResourceShift__c,true,a22,Maps Calendar Resource Shift,Maps Calendar Resource Shifts,true,true,true,false,,,true,true,false,false,,false,false,false,true,,,false,false,true,false,false,,true,true,true,false,true,true,,,,
maps__CalendarResourceShift__OwnerSharingRule,,,Owner Rule: Maps Calendar Resource Shift,Owner Rule: Maps Calendar Resource Shift,true,true,true,false,OwnerSharingRule,maps__CalendarResourceShift__c,false,false,false,false,,false,false,false,true,,,false,false,false,false,false,,true,true,true,false,,false,,,,
maps__CalEventBaseObj__c,true,a20,Maps Calendar Event Base Object,Maps Calendar Event Base Objects,true,true,true,false,,,true,true,false,false,,false,false,false,true,,,false,false,true,false,false,,true,true,true,true,true,true,,,true,
maps__CalEventBaseObj__OwnerSharingRule,,,Owner Rule: Maps Calendar Event Base Object,Owner Rule: Maps Calendar Event Base Object,true,true,true,false,OwnerSharingRule,maps__CalEventBaseObj__c,false,false,false,false,,false,false,false,true,,,false,false,false,false,false,,true,true,true,false,,false,,,,
maps__CalEventLookup__c,true,a21,Maps Calendar Event Lookup,Maps Calendar Event Lookups,true,true,true,false,,,true,true,false,false,,false,false,false,true,,,false,false,true,false,false,,true,true,true,false,true,true,,,,
maps__Click2Create__c,true,a23,Maps Click-2-Create Setting,Maps Click-2-Create Settings,true,true,true,false,,,true,true,false,false,,false,false,false,true,,,false,false,true,false,false,,true,true,true,true,true,true,,,true,
maps__Click2Create__OwnerSharingRule,,,Owner Rule: Maps Click-2-Create Setting,Owner Rule: Maps Click-2-Create Setting,true,true,true,false,OwnerSharingRule,maps__Click2Create__c,false,false,false,false,,false,false,false,true,,,false,false,false,false,false,,true,true,true,false,,false,,,,
maps__CustomAction__c,true,a24,Maps Custom Action,Maps Custom Actions,true,true,true,false,,,true,true,false,false,,false,false,false,true,,,false,false,true,false,false,,true,true,true,true,true,true,,,true,
maps__CustomAction__OwnerSharingRule,,,Owner Rule: Maps Custom Action,Owner Rule: Maps Custom Action,true,true,true,false,OwnerSharingRule,maps__CustomAction__c,false,false,false,false,,false,false,false,true,,,false,false,false,false,false,,true,true,true,false,,false,,,,
maps__DataLayerSetting__c,true,a25,Maps Data Layer Setting,Maps Data Layer Settings,true,true,true,false,,,true,true,false,false,,false,false,false,true,,,false,false,true,false,false,,true,true,true,true,true,true,,,true,
maps__DataLayerSetting__OwnerSharingRule,,,Owner Rule: Maps Data Layer Setting,Owner Rule: Maps Data Layer Setting,true,true,true,false,OwnerSharingRule,maps__DataLayerSetting__c,false,false,false,false,,false,false,false,true,,,false,false,false,false,false,,true,true,true,false,,false,,,,
maps__DebugLog__c,true,a26,Maps Debug Log,Maps Debug Logs,true,true,true,false,,,true,true,false,false,,false,false,false,true,,,false,false,true,false,false,,true,true,true,true,true,true,,,true,
maps__DebugLog__OwnerSharingRule,,,Owner Rule: Maps Debug Log,Owner Rule: Maps Debug Log,true,true,true,false,OwnerSharingRule,maps__DebugLog__c,false,false,false,false,,false,false,false,true,,,false,false,false,false,false,,true,true,true,false,,false,,,,
maps__DriveProfile__c,true,a27,Maps Drive Profile,Maps Drive Profiles,true,true,true,false,,,true,true,false,false,,false,false,false,true,,,false,false,true,false,false,,true,true,true,true,true,true,,,true,
maps__DriveProfile__OwnerSharingRule,,,Owner Rule: Maps Drive Profile,Owner Rule: Maps Drive Profile,true,true,true,false,OwnerSharingRule,maps__DriveProfile__c,false,false,false,false,,false,false,false,true,,,false,false,false,false,false,,true,true,true,false,,false,,,,
maps__Folder__c,true,a29,Maps Folder,Maps Folders,true,true,true,false,,,true,true,false,false,,false,false,false,true,,,false,false,true,false,false,,true,true,true,true,true,true,,,true,
maps__Folder__OwnerSharingRule,,,Owner Rule: Maps Folder,Owner Rule: Maps Folder,true,true,true,false,OwnerSharingRule,maps__Folder__c,false,false,false,false,,false,false,false,true,,,false,false,false,false,false,,true,true,true,false,,false,,,,
maps__FolderPermission__c,true,a28,Maps Folder Permission,Maps Folder Permissions,true,true,true,false,,,true,true,false,false,,false,false,false,true,,,false,false,true,false,false,,true,true,true,true,true,true,,,true,
maps__FolderPermission__OwnerSharingRule,,,Owner Rule: Maps Folder Permission,Owner Rule: Maps Folder Permission,true,true,true,false,OwnerSharingRule,maps__FolderPermission__c,false,false,false,false,,false,false,false,true,,,false,false,false,false,false,,true,true,true,false,,false,,,,
maps__Layer__c,true,a2A,Maps Layer,Maps Layers,true,true,true,false,,,true,true,false,false,,false,false,false,true,,,false,false,true,false,false,,true,true,true,true,true,true,,,true,
maps__Layer__OwnerSharingRule,,,Owner Rule: Maps Layer,Owner Rule: Maps Layer,true,true,true,false,OwnerSharingRule,maps__Layer__c,false,false,false,false,,false,false,false,true,,,false,false,false,false,false,,true,true,true,false,,false,,,,
maps__LiveAsset__c,true,a2D,Maps Live Asset,Maps Live Assets,true,true,true,false,,,true,true,false,false,,false,false,false,true,,,false,false,true,false,true,,true,true,true,true,true,true,,,true,
maps__LiveAsset__OwnerSharingRule,,,Owner Rule: Maps Live Asset,Owner Rule: Maps Live Asset,true,true,true,false,OwnerSharingRule,maps__LiveAsset__c,false,false,false,false,,false,false,false,true,,,false,false,false,false,false,,true,true,true,false,,false,,,,
maps__LiveAssetDailySummary__c,true,a2C,Maps Live Asset Daily Summary,Maps Live Asset Daily Summaries,true,true,true,false,,,true,true,false,false,,false,false,false,true,,,false,false,true,false,true,,true,true,true,true,true,true,,,true,
maps__LiveAssetDailySummary__OwnerSharingRule,,,Owner Rule: Maps Live Asset Daily Summary,Owner Rule: Maps Live Asset Daily Summary,true,true,true,false,OwnerSharingRule,maps__LiveAssetDailySummary__c,false,false,false,false,,false,false,false,true,,,false,false,false,false,false,,true,true,true,false,,false,,,,
maps__LiveAssetDailySummaryEvent__c,true,a2B,Maps Live Asset Daily Summary Event,Maps Live Asset Daily Summary Events,true,true,true,false,,,true,true,false,false,,false,false,false,true,,,false,false,true,false,true,,true,true,true,true,true,true,,,true,
maps__LiveAsyncError__c,true,a2E,Maps Live Async Error,Maps Live Async Errors,true,true,true,false,,,true,true,false,false,,false,false,false,true,,,false,false,true,false,false,,true,true,true,true,true,true,,,true,
maps__LiveAsyncError__OwnerSharingRule,,,Owner Rule: Maps Live Async Error,Owner Rule: Maps Live Async Error,true,true,true,false,OwnerSharingRule,maps__LiveAsyncError__c,false,false,false,false,,false,false,false,true,,,false,false,false,false,false,,true,true,true,false,,false,,,,
maps__LiveDailyDriveTrip__c,true,a2F,Maps Live Daily Drive Trip,Maps Live Daily Drive Trips,true,true,true,false,,,true,true,false,false,,false,false,false,true,,,false,false,true,false,false,,true,true,true,true,true,true,,,true,
maps__LiveDailySummaryConfig__c,true,a2G,Maps Live Daily Summary Configuration,Maps Live Daily Summary Configurations,true,true,true,false,,,true,true,false,false,,false,false,false,true,,,false,false,true,false,false,,true,true,true,false,true,true,,,,
maps__LiveDailySummaryConfig__OwnerSharingRule,,,Owner Rule: Maps Live Daily Summary Configuration,Owner Rule: Maps Live Daily Summary Configuration,true,true,true,false,OwnerSharingRule,maps__LiveDailySummaryConfig__c,false,false,false,false,,false,false,false,true,,,false,false,false,false,false,,true,true,true,false,,false,,,,
maps__LiveDriver__c,true,a2I,Maps Live Driver,Maps Live Drivers,true,true,true,false,,,true,true,false,false,,false,false,false,true,,,false,false,true,false,true,,true,true,true,true,true,true,,,true,
maps__LiveDriver__OwnerSharingRule,,,Owner Rule: Maps Live Driver,Owner Rule: Maps Live Driver,true,true,true,false,OwnerSharingRule,maps__LiveDriver__c,false,false,false,false,,false,false,false,true,,,false,false,false,false,false,,true,true,true,false,,false,,,,
maps__LiveDriverAssignment__c,true,a2H,Maps Live Driver Assignment,Maps Live Driver Assignments,true,true,true,false,,,true,true,false,false,,false,false,false,true,,,false,false,true,false,false,,true,true,true,true,true,true,,,true,
maps__LiveDriverAssignment__OwnerSharingRule,,,Owner Rule: Maps Live Driver Assignment,Owner Rule: Maps Live Driver Assignment,true,true,true,false,OwnerSharingRule,maps__LiveDriverAssignment__c,false,false,false,false,,false,false,false,true,,,false,false,false,false,false,,true,true,true,false,,false,,,,
maps__LiveEvent__c,true,a2K,Maps Live Event,Maps Live Events,true,true,true,false,,,true,true,false,false,,false,false,false,true,,,false,false,true,false,true,,true,true,true,false,true,true,,,,
maps__LiveEvent__OwnerSharingRule,,,Owner Rule: Maps Live Event,Owner Rule: Maps Live Event,true,true,true,false,OwnerSharingRule,maps__LiveEvent__c,false,false,false,false,,false,false,false,true,,,false,false,false,false,false,,true,true,true,false,,false,,,,
maps__LiveEventAssociation__c,true,a2J,Maps Live Event Association,Maps Live Event Associations,true,true,true,false,,,true,true,false,false,,false,false,false,true,,,false,false,true,false,true,,true,true,true,true,true,true,,,true,
maps__LiveHolidayRelationship__c,true,a2L,Maps Live Holiday Relationship,Maps Live Holiday Relationships,true,true,true,false,,,true,true,false,false,,false,false,false,true,,,false,false,true,false,false,,true,true,true,false,true,true,,,,
maps__LiveHolidayTime__c,true,a2M,Maps Live Holiday Time,Maps Live Holiday Times,true,true,true,false,,,true,true,false,false,,false,false,false,true,,,false,false,true,false,false,,true,true,true,false,true,true,,,,
maps__LiveHolidayTime__OwnerSharingRule,,,Owner Rule: Maps Live Holiday Time,Owner Rule: Maps Live Holiday Time,true,true,true,false,OwnerSharingRule,maps__LiveHolidayTime__c,false,false,false,false,,false,false,false,true,,,false,false,false,false,false,,true,true,true,false,,false,,,,
maps__LiveIoTDevice__c,true,a2N,Maps Live IoT Device,Maps Live IoT Devices,true,true,true,false,,,true,true,false,false,,false,false,false,true,,,false,false,true,false,true,,true,true,true,true,true,true,,,true,
maps__LiveIoTDevice__OwnerSharingRule,,,Owner Rule: Maps Live IoT Device,Owner Rule: Maps Live IoT Device,true,true,true,false,OwnerSharingRule,maps__LiveIoTDevice__c,false,false,false,false,,false,false,false,true,,,false,false,false,false,false,,true,true,true,false,,false,,,,
maps__LiveSummaryStateMileage__c,true,a2O,Maps Live Summary State Mileage,Maps Live Summary State Mileages,true,true,true,false,,,true,true,false,false,,false,false,false,true,,,false,false,true,false,false,,true,true,true,false,true,true,,,,
maps__LiveSummaryStopRelationshipConfig__c,true,a2P,Maps Live Summary Stop Config,Maps Live Summary Stop Configs,true,true,true,false,,,true,true,false,false,,false,false,false,true,,,false,false,true,false,false,,true,true,true,false,true,true,,,,
maps__LiveWorkingHours__c,true,a2Q,Maps Live Working Hours,Maps Live Working Hours,true,true,true,false,,,true,true,false,false,,false,false,false,true,,,false,false,true,false,false,,true,true,true,false,true,true,,,,
maps__LiveWorkingHours__OwnerSharingRule,,,Owner Rule: Maps Live Working Hours,Owner Rule: Maps Live Working Hours,true,true,true,false,OwnerSharingRule,maps__LiveWorkingHours__c,false,false,false,false,,false,false,false,true,,,false,false,false,false,false,,true,true,true,false,,false,,,,
maps__Location__c,true,a2R,Maps Location,Maps Locations,true,true,true,false,,,true,true,false,false,,false,false,false,true,,,false,false,true,false,false,,true,true,true,true,true,true,,,true,
maps__Location__OwnerSharingRule,,,Owner Rule: Maps Location,Owner Rule: Maps Location,true,true,true,false,OwnerSharingRule,maps__Location__c,false,false,false,false,,false,false,false,true,,,false,false,false,false,false,,true,true,true,false,,false,,,,
maps__MapsSetting__c,true,a2T,Maps Setting,Maps Setting,true,true,true,false,,,false,true,true,false,,false,false,false,true,,,false,false,true,false,false,,true,true,true,true,,true,,,true,
maps__MapsSetting__OwnerSharingRule,,,Owner Rule: Maps Setting,Owner Rule: Maps Setting,true,true,true,false,OwnerSharingRule,maps__MapsSetting__c,false,false,false,false,,false,false,false,true,,,false,false,false,false,false,,true,true,true,false,,false,,,,
maps__MarkerLayer__c,true,a2W,Maps Marker Layer,Maps Marker Layers,true,true,true,false,,,true,true,false,false,,false,false,false,true,,,false,false,true,false,false,,true,true,true,true,true,true,,,true,
maps__MarkerLayer__OwnerSharingRule,,,Owner Rule: Maps Marker Layer,Owner Rule: Maps Marker Layer,true,true,true,false,OwnerSharingRule,maps__MarkerLayer__c,false,false,false,false,,false,false,false,true,,,false,false,false,false,false,,true,true,true,false,,false,,,,
maps__MarkerLayerComponent__c,true,a2U,Maps Marker Layer Component,Maps Marker Layer Components,true,true,true,false,,,true,true,false,false,,false,false,false,true,,,false,false,true,false,false,,true,true,true,true,true,true,,,true,
maps__MarkerLayerRelatedList__c,true,a2V,Maps Marker Layer Related List,Maps Marker Layer Related Lists,true,true,true,false,,,true,true,false,false,,false,false,false,true,,,false,false,true,false,false,,true,true,true,true,true,true,,,true,
maps__MiniMapSetting__c,true,a2X,Maps MiniMap Setting,Maps MiniMap Settings,true,true,true,false,,,true,true,false,false,,false,false,false,true,,,false,false,true,false,false,,true,true,true,true,true,true,,,true,
maps__MiniMapSetting__OwnerSharingRule,,,Owner Rule: Maps MiniMap Setting,Owner Rule: Maps MiniMap Setting,true,true,true,false,OwnerSharingRule,maps__MiniMapSetting__c,false,false,false,false,,false,false,false,true,,,false,false,false,false,false,,true,true,true,false,,false,,,,
maps__Route__c,true,a2Z,Maps Route,Maps Routes,true,true,true,false,,,true,true,false,false,,false,false,false,true,,,false,false,true,false,false,,true,true,true,true,true,true,,,true,
maps__Route__OwnerSharingRule,,,Owner Rule: Maps Route,Owner Rule: Maps Route,true,true,true,false,OwnerSharingRule,maps__Route__c,false,false,false,false,,false,false,false,true,,,false,false,false,false,false,,true,true,true,false,,false,,,,
maps__ScheduledJob__c,true,a2a,Maps Scheduled Job,Maps Scheduled Jobs,true,true,true,false,,,true,true,false,false,,false,false,false,true,,,false,false,true,false,false,,true,true,true,true,true,true,,,true,
maps__ScheduledJob__OwnerSharingRule,,,Owner Rule: Maps Scheduled Job,Owner Rule: Maps Scheduled Job,true,true,true,false,OwnerSharingRule,maps__ScheduledJob__c,false,false,false,false,,false,false,false,true,,,false,false,false,false,false,,true,true,true,false,,false,,,,
maps__SettingsGroup__c,true,a2c,Maps Settings Group,Maps Settings Groups,true,true,true,false,,,true,true,false,false,,false,false,false,true,,,false,false,true,false,false,,true,true,true,true,true,true,,,true,
maps__SettingsGroup__OwnerSharingRule,,,Owner Rule: Maps Settings Group,Owner Rule: Maps Settings Group,true,true,true,false,OwnerSharingRule,maps__SettingsGroup__c,false,false,false,false,,false,false,false,true,,,false,false,false,false,false,,true,true,true,false,,false,,,,
maps__SettingsGroupAssignment__c,true,a2b,Settings Group Assignment,Settings Group Assignments,true,true,true,false,,,true,true,false,false,,false,false,false,true,,,false,false,true,false,false,,true,true,true,false,true,true,,,,
maps__ShapeLayer__c,true,a2e,Maps Shape Layer,Maps Shape Layers,true,true,true,false,,,true,true,false,false,,false,false,false,true,,,false,false,true,false,false,,true,true,true,true,true,true,,,true,
maps__ShapeLayer__OwnerSharingRule,,,Owner Rule: Maps Shape Layer,Owner Rule: Maps Shape Layer,true,true,true,false,OwnerSharingRule,maps__ShapeLayer__c,false,false,false,false,,false,false,false,true,,,false,false,false,false,false,,true,true,true,false,,false,,,,
maps__ShapeLayerGeometry__c,true,a2d,Maps Shape Layer Geometry,Maps Shape Layer Geometries,true,true,true,false,,,true,true,false,false,,false,false,false,true,,,false,false,true,false,false,,true,true,true,true,true,true,,,true,
maps__TerritoryAggregation__c,true,a2o,Territory Aggregation,Territory Aggregations,true,true,true,false,,,true,true,false,false,,false,false,false,true,,,false,false,true,false,false,,true,true,true,false,true,true,,,,
maps__TerritoryAggregationSetting__c,true,a2n,Territory Aggregation Setting,Territory Aggregation Settings,true,true,true,false,,,true,true,false,false,,false,false,false,true,,,false,false,true,false,false,,true,true,true,false,true,true,,,,
maps__TerritoryNode__c,true,a2p,Territory Node,Territory Nodes,true,true,true,false,,,true,true,false,false,,false,false,false,true,,,false,false,true,false,false,,true,true,true,false,true,true,,,,
maps__TPAlignment__c,true,a2f,Territory Planning Alignment,Territory Planning Alignments,true,true,true,false,,,true,true,false,false,,false,true,false,true,,,false,false,true,false,true,,true,true,true,true,true,true,,,true,
maps__TPAlignment__OwnerSharingRule,,,Owner Rule: Territory Planning Alignment,Owner Rule: Territory Planning Alignment,true,true,true,false,OwnerSharingRule,maps__TPAlignment__c,false,false,false,false,,false,false,false,true,,,false,false,false,false,false,,true,true,true,false,,false,,,,
maps__TPArea__c,true,a2g,Territory Planning Area,Territory Planning Areas,true,true,true,false,,,true,true,false,false,,false,false,false,true,,,false,false,true,false,false,,true,true,true,true,true,true,,,true,
maps__TPArea__OwnerSharingRule,,,Owner Rule: Territory Planning Area,Owner Rule: Territory Planning Area,true,true,true,false,OwnerSharingRule,maps__TPArea__c,false,false,false,false,,false,false,false,true,,,false,false,false,false,false,,true,true,true,false,,false,,,,
maps__TPComment__c,true,a2h,Territory Planning Comment,Territory Planning Comments,true,true,true,false,,,true,true,false,false,,false,true,false,true,,,false,false,true,false,false,,true,true,true,true,true,true,,,true,
maps__TPComment__OwnerSharingRule,,,Owner Rule: Territory Planning Comment,Owner Rule: Territory Planning Comment,true,true,true,false,OwnerSharingRule,maps__TPComment__c,false,false,false,false,,false,false,false,true,,,false,false,false,false,false,,true,true,true,false,,false,,,,
maps__TPDataSet__c,true,a2i,Territory Planning Data Set,Territory Planning Data Sets,true,true,true,false,,,true,true,false,false,,false,true,false,true,,,false,false,true,false,true,,true,true,true,true,true,true,,,true,
maps__TPDataSet__OwnerSharingRule,,,Owner Rule: Territory Planning Data Set,Owner Rule: Territory Planning Data Set,true,true,true,false,OwnerSharingRule,maps__TPDataSet__c,false,false,false,false,,false,false,false,true,,,false,false,false,false,false,,true,true,true,false,,false,,,,
maps__TPHistory__c,true,a2j,Alignment History Record,Alignment History Records,true,true,true,false,,,true,true,false,false,,false,false,false,true,,,false,false,true,false,false,,true,true,true,false,true,true,,,,
maps__TPHistory__OwnerSharingRule,,,Owner Rule: Alignment History Record,Owner Rule: Alignment History Record,true,true,true,false,OwnerSharingRule,maps__TPHistory__c,false,false,false,false,,false,false,false,true,,,false,false,false,false,false,,true,true,true,false,,false,,,,
maps__TPRole__c,true,a2k,Territory Planning Role,Territory Planning Roles,true,true,true,false,,,true,true,false,false,,false,false,false,true,,,false,false,true,false,false,,true,true,true,false,true,true,,,,
maps__TPRole__OwnerSharingRule,,,Owner Rule: Territory Planning Role,Owner Rule: Territory Planning Role,true,true,true,false,OwnerSharingRule,maps__TPRole__c,false,false,false,false,,false,false,false,true,,,false,false,false,false,false,,true,true,true,false,,false,,,,
maps__TPUnitAssignment__c,true,a2l,Territory Planning Unit Assignment,Territory Planning Unit Assignments,true,true,true,false,,,true,true,false,false,,false,false,false,true,,,false,false,true,false,false,,true,true,true,false,true,true,,,,
maps__TPUnitAssignment__OwnerSharingRule,,,Owner Rule: Territory Planning Unit Assignment,Owner Rule: Territory Planning Unit Assignment,true,true,true,false,OwnerSharingRule,maps__TPUnitAssignment__c,false,false,false,false,,false,false,false,true,,,false,false,false,false,false,,true,true,true,false,,false,,,,
maps__TPUserPreference__c,true,a2m,Territory Planning User Preference,Territory Planning User Preferences,true,true,true,false,,,true,true,false,false,,false,false,false,true,,,false,false,true,false,false,,true,true,true,false,true,true,,,,
maps__TPUserPreference__OwnerSharingRule,,,Owner Rule: Territory Planning User Preference,Owner Rule: Territory Planning User Preference,true,true,true,false,OwnerSharingRule,maps__TPUserPreference__c,false,false,false,false,,false,false,false,true,,,false,false,false,false,false,,true,true,true,false,,false,,,,
maps__Waypoint__c,true,a2q,Maps Waypoint,Maps Waypoints,true,true,true,false,,,true,true,false,false,,false,false,false,true,,,false,false,true,false,false,,true,true,true,true,true,true,,,true,
MarketingAppExtAction,,2Yo,Action Type,Action Types,true,true,true,false,,,true,false,false,false,,false,false,false,true,,,false,false,true,false,false,,true,false,true,false,,false,,,,
MarketingAppExtActivity,,0mr,Activity Type,Activity Types,false,false,false,false,,,true,false,false,false,,false,false,false,true,,,false,false,true,false,false,,true,false,true,false,,false,,,,
MarketingAppExtAssignment,,4z8,Business Unit Assignment,Business Unit Assignments,false,false,false,false,,,true,false,false,false,,false,false,false,true,,,false,false,true,false,false,,true,false,true,false,,false,,,,
MarketingAppExtension,,0mF,Marketing App Extension,Marketing App Extensions,false,false,false,false,,,true,false,false,false,,false,false,false,true,,,false,false,true,false,true,,true,false,true,true,,false,,,true,
MarketingForm,,1Mx,Marketing Form,Marketing Forms,false,false,false,false,,,true,false,false,false,,false,false,false,true,,,false,false,true,false,true,,true,true,true,true,,false,,,true,
MarketingLink,,0S0,Marketing Link,Marketing Links,false,false,false,false,,,true,false,false,false,,false,false,false,true,,,false,false,true,false,true,,true,true,true,true,,false,,,true,
MarketSegment,true,1sg,Segment,Segments,true,true,true,false,,,true,false,false,false,,false,true,false,true,,,false,false,true,false,true,,true,true,true,true,true,true,,,true,
MarketSegmentActivation,true,85R,Activation,Activations,true,true,true,false,,,true,false,false,false,,false,true,false,true,,,false,false,true,false,true,,true,true,true,true,true,true,,,true,
MarketSegmentDefMapping,,5I4,Market Segment Definition Mapping,Market Segment Definition Mappings,true,true,true,false,,,false,false,false,false,,false,false,false,true,,,false,false,false,false,false,,true,false,true,false,,false,,,,
MarketSegmentField,true,,,,,,,,,,,,,,,,,,,,,,,,,,,,,,,,,,,,
MarketSegmentStatusEvent,,1e1,Market Segment Status Event,Market Segment Status Events,false,false,false,false,,,false,false,false,false,,false,false,false,false,,,false,false,false,false,false,,false,false,false,false,true,false,,,,
MarketSgmtActvStatusEvent,,1e2,Market Segment Activation Status Event,Market Segment Activation Status Events,false,false,false,false,,,false,false,false,false,,false,false,false,false,,,false,false,false,false,false,,false,false,false,false,true,false,,,,
MatchingInformation,,0Ib,Matching Information,Matching Information,false,false,false,false,,,false,false,false,false,,false,false,false,true,,,false,false,false,false,false,,true,true,true,false,,false,,,,
MatchingRule,,0JD,Matching Rule,Matching Rules,false,false,false,false,,,false,false,false,false,,false,false,false,true,,,false,false,false,false,true,,true,false,true,false,,false,,,,
MatchingRuleItem,,0JE,Matching Rule Item,Matching Rule Items,false,false,false,false,,,false,false,false,false,,false,false,false,true,,,false,false,false,false,false,,true,false,true,false,,false,,,,
Measure,,0KU,Measure,Measures,true,true,true,false,,,false,false,false,false,,false,false,false,true,,,false,false,false,false,false,,true,false,true,false,,false,,,,
Medication,true,0it,Medication,Medications,false,false,false,false,,,true,false,false,false,,false,false,false,true,,,false,false,true,false,true,,true,true,true,true,true,false,,,true,
MedicationAdministration,true,8di,Medication Administration,Medication Administrations,false,false,false,false,,,true,false,false,false,,false,false,false,true,,,false,false,true,false,true,,true,true,true,true,true,false,,,true,
MedicationAdministrationDtl,true,9di,Medication Administration Detail,Medication Administration Details,false,false,false,false,,,true,false,false,false,,false,false,false,true,,,false,false,true,false,true,,true,true,true,true,true,false,,,true,
MedicationAdministrationOwnerSharingRule,,,Medication Administration Owner Rule,Medication Administration Owner Rule,true,true,true,false,OwnerSharingRule,MedicationAdministration,false,false,false,false,,false,false,false,true,,,false,false,false,false,false,,true,true,true,false,,false,,,,
MedicationDispense,true,0NB,Medication Dispense,Medication Dispenses,false,false,false,false,,,true,false,false,false,,false,false,false,true,,,false,false,true,false,true,,true,true,true,true,true,false,,,true,
MedicationDispenseOwnerSharingRule,,,Medication Dispense Owner Rule,Medication Dispense Owner Rule,true,true,true,false,OwnerSharingRule,MedicationDispense,false,false,false,false,,false,false,false,true,,,false,false,false,false,false,,true,true,true,false,,false,,,,
MedicationOwnerSharingRule,,,Medication Owner Rule,Medication Owner Rule,true,true,true,false,OwnerSharingRule,Medication,false,false,false,false,,false,false,false,true,,,false,false,false,false,false,,true,true,true,false,,false,,,,
MedicationReconciliation,true,0rK,Medication Reconciliation,Medication Reconciliations,true,true,true,false,,,true,false,false,false,,false,false,false,true,,,false,false,true,false,true,,true,true,true,true,true,true,,,true,
MedicationReconciliationOwnerSharingRule,,,Medication Reconciliation Owner Rule,Medication Reconciliation Owner Rule,true,true,true,false,OwnerSharingRule,MedicationReconciliation,false,false,false,false,,false,false,false,true,,,false,false,false,false,false,,true,true,true,false,,false,,,,
MedicationRequest,true,0km,Medication Request,Medication Requests,false,false,false,false,,,true,false,false,false,,false,false,false,true,,,false,false,true,false,true,,true,true,true,true,true,false,,,true,
MedicationRequestOwnerSharingRule,,,Medication Request Owner Rule,Medication Request Owner Rule,true,true,true,false,OwnerSharingRule,MedicationRequest,false,false,false,false,,false,false,false,true,,,false,false,false,false,false,,true,true,true,false,,false,,,,
MedicationStatement,true,0ju,Medication Statement,Medication Statements,false,false,false,false,,,true,false,false,false,,false,false,false,true,,,false,false,true,false,true,,true,true,true,true,true,false,,,true,
MedicationStatementDetail,true,0rW,Medication Statement Detail,Medication Statement Details,false,false,false,false,,,true,false,false,false,,false,false,false,true,,,false,false,true,false,true,,true,true,true,true,true,false,,,true,
MedicationStatementOwnerSharingRule,,,Medication Statement Owner Rule,Medication Statement Owner Rule,true,true,true,false,OwnerSharingRule,MedicationStatement,false,false,false,false,,false,false,false,true,,,false,false,false,false,false,,true,true,true,false,,false,,,,
MedicationTherapyReview,true,0pl,Medication Therapy Review,Medication Therapy Reviews,true,true,true,false,,,true,false,false,false,,false,false,false,true,,,false,false,true,false,true,,true,true,true,true,true,true,,,true,
MedicationTherapyReviewOwnerSharingRule,,,Medication Therapy Review Owner Rule,Medication Therapy Review Owner Rule,true,true,true,false,OwnerSharingRule,MedicationTherapyReview,false,false,false,false,,false,false,false,true,,,false,false,false,false,false,,true,true,true,false,,false,,,,
MedicationTherapyStmtReview,true,0ND,Medication Therapy Statement Review,Medication Therapy Statement Reviews,true,true,true,false,,,true,false,false,false,,false,false,false,true,,,false,false,true,false,true,,true,true,true,true,true,true,,,true,
MedicinalIngredient,true,0nA,Medicinal Ingredient,Medicinal Ingredients,false,false,false,false,,,true,false,false,false,,false,false,false,true,,,false,false,true,false,true,,true,true,true,true,true,false,,,true,
MedicinalIngredientOwnerSharingRule,,,Medicinal Ingredient Owner Rule,Medicinal Ingredient Owner Rule,true,true,true,false,OwnerSharingRule,MedicinalIngredient,false,false,false,false,,false,false,false,true,,,false,false,false,false,false,,true,true,true,false,,false,,,,
MedReconRecommendation,true,0r1,Medication Reconciliation Recommendation,Medication Reconciliation Recommendations,true,true,true,false,,,true,false,false,false,,false,false,false,true,,,false,false,true,false,true,,true,true,true,true,true,true,,,true,
MedReconStmtRecommendation,true,0qz,Medication Reconciliation Statement Recommendation,Medication Reconciliation Statement Recommendations,true,true,true,false,,,true,false,false,false,,false,false,false,true,,,false,false,true,false,true,,true,true,true,true,true,true,,,true,
MedTherapyStmtReviewIssue,true,0uT,Medication Therapy Statement Review Issue,Medication Therapy Statement Review Issues,true,true,true,false,,,true,false,false,false,,false,false,false,true,,,false,false,true,false,true,,true,true,true,true,true,true,,,true,
MemberBenefit,true,0hW,Member Benefit,Member Benefits,true,true,true,false,,,true,false,false,false,,false,false,false,true,,,false,false,true,false,true,,true,true,true,true,true,true,,,true,
MemberPlan,true,0Sq,Member Plan,Member Plans,false,false,false,false,,,true,false,false,false,,false,false,false,true,,,false,false,true,false,true,,true,true,true,true,true,false,,,true,
MemberPlanOwnerSharingRule,,,Member Plan Owner Rule,Member Plan Owner Rule,true,true,true,false,OwnerSharingRule,MemberPlan,false,false,false,false,,false,false,false,true,,,false,false,false,false,false,,true,true,true,false,,false,,,,
MerchAccPaymentMethodSet,true,0WN,Merchant Account Payment Method Set,Merchant Account Payment Method Sets,true,true,true,false,,,true,false,false,false,,false,false,false,true,,,false,false,true,false,false,,true,true,true,false,true,true,,,,
MerchAccPaymentMethodType,true,0WY,Merchant Account Payment Method Type,Merchant Account Payment Method Types,true,true,true,false,,,true,false,false,false,,false,false,false,true,,,false,false,true,false,false,,true,true,true,false,true,true,,,,
MerchantAccount,true,8zb,Merchant Account,Merchant Accounts,true,true,false,false,,,true,false,false,false,,false,false,false,true,,,false,false,true,false,true,,true,true,true,true,true,false,,,true,
MerchantAccountEvent,,13D,Merchant Account Event,Merchant Account Events,false,false,false,false,,,false,false,false,false,,false,false,false,false,,,false,false,false,false,false,,false,false,false,false,true,false,,,,
MerchantAccountOwnerSharingRule,,,Merchant Account Owner Rule,Merchant Account Owner Rule,true,true,true,false,OwnerSharingRule,MerchantAccount,false,false,false,false,,false,false,false,true,,,false,false,false,false,false,,true,true,true,false,,false,,,,
MessagingChannel,,0Mj,Messaging Channel,Is Unified Messaging Enabled,true,true,false,false,,,true,false,false,false,,false,false,false,true,,,false,false,true,false,true,,true,false,true,true,,false,,,true,
MessagingChannelSkill,,1cN,Messaging Channel Skill,Messaging Channel Skills,true,true,true,false,,,false,false,false,false,,false,false,false,true,,,false,false,false,false,false,,true,false,true,false,,false,,,,
MessagingChannelUsage,,0gL,Messaging Channel Usage,Disabled Time,true,true,false,false,,,false,false,false,false,,false,false,false,true,,,false,false,false,false,false,,true,false,true,false,,false,,,,
MessagingConfiguration,,0Uh,MessagingConfiguration,MessagingConfigurations,false,false,false,false,,,false,false,false,false,,false,false,false,true,,,false,false,false,false,false,,true,false,true,false,,false,,,,
MessagingDeliveryError,,0Ut,Messaging Delivery Error,Messaging Delivery Errors,true,true,true,false,,,true,false,false,false,,false,false,false,true,,,false,false,true,false,false,,true,true,true,false,true,true,,,,
MessagingEndUser,true,0PA,Messaging User,Messaging Users,true,true,true,false,,,true,false,false,false,,false,false,false,true,,,false,false,true,false,true,,true,true,true,true,true,true,,,true,
MessagingEndUserOwnerSharingRule,,,Messaging User Owner Rule,Messaging User Owner Rule,true,true,true,false,OwnerSharingRule,MessagingEndUser,false,false,false,false,,false,false,false,true,,,false,false,false,false,false,,true,true,true,false,,false,,,,
MessagingLink,,0Mm,Messaging Link,Messaging Links,true,true,true,false,,,true,false,false,false,,false,false,false,true,,,false,false,true,false,false,,true,false,true,false,,false,,,,
MessagingSession,true,0Mw,Messaging Session,Messaging Sessions,true,true,true,false,,,true,false,false,false,,false,false,false,true,,EngagementInterface,false,false,true,false,true,,true,true,true,true,true,true,,,true,
MessagingSessionMetrics,,5Mw,Messaging Session Metrics,Messaging Session Metrics,true,false,false,false,,,false,false,false,false,,false,false,false,true,,,false,false,false,false,false,,true,true,true,false,,false,,,,
MessagingSessionOwnerSharingRule,,,Messaging Session Owner Rule,Messaging Session Owner Rule,true,true,true,false,OwnerSharingRule,MessagingSession,false,false,false,false,,false,false,false,true,,,false,false,false,false,false,,true,true,true,false,,false,,,,
MessagingTemplate,,0TD,Messaging Template,Messaging Templates,true,true,true,false,,,true,false,false,false,,false,false,false,true,,,false,false,true,false,true,,true,false,true,true,,false,,,,
MfgPgmCpntFrcstFactOpptySchd,true,,,,,,,,,,,,,,,,,,,,,,,,,,,,,,,,,,,,
MfgProgramCpntFrcstFact,true,,,,,,,,,,,,,,,,,,,,,,,,,,,,,,,,,,,,
MfgProgramForecastFact,true,,,,,,,,,,,,,,,,,,,,,,,,,,,,,,,,,,,,
MfgProgramVariantFrcstFact,true,,,,,,,,,,,,,,,,,,,,,,,,,,,,,,,,,,,,
MilestoneType,,557,Milestone,Milestones,true,true,true,false,,,false,false,false,false,,false,false,false,true,,,false,false,false,false,false,,true,false,true,false,,false,,,,
Mixpanel__c,true,a0o,Mixpanel,Mixpanel,true,true,true,false,,,false,true,true,false,,false,false,false,true,,,false,false,true,false,false,,true,true,true,true,,true,,,true,
Mixpanel__OwnerSharingRule,,,Owner Rule: Mixpanel,Owner Rule: Mixpanel,true,true,true,false,OwnerSharingRule,Mixpanel__c,false,false,false,false,,false,false,false,true,,,false,false,false,false,false,,true,true,true,false,,false,,,,
Mixpanel_Key__c,true,a0n,Mixpanel Key,Mixpanel Key,true,true,true,false,,,false,true,true,false,,false,false,false,true,,,false,false,true,false,false,,true,true,true,true,,true,,,true,
Mixpanel_Key__OwnerSharingRule,,,Owner Rule: Mixpanel Key,Owner Rule: Mixpanel Key,true,true,true,false,OwnerSharingRule,Mixpanel_Key__c,false,false,false,false,,false,false,false,true,,,false,false,false,false,false,,true,true,true,false,,false,,,,
MktCalculatedInsight,true,0kX,Calculated Insight,Calculated Insights,true,true,true,false,,,true,false,false,false,,false,true,false,true,,,false,false,true,false,true,,true,true,true,true,true,true,,,true,
MktDataLakeMapping,,0wT,Data Lake Mapping,Data Lake Mappings,true,true,true,false,,,false,false,false,false,,false,false,false,true,,,false,false,false,false,false,,true,false,true,false,,false,,,,
MktDataTransform,true,1dt,Data Transform,Data Transforms,true,true,true,false,,,true,false,false,false,,false,true,false,true,,,false,false,true,false,true,,true,true,true,true,true,true,,,true,
MktDataTransformEvent,,1e7,Data Transform Event,Data Transform Events,false,false,false,false,,,false,false,false,false,,false,false,false,false,,,false,false,false,false,false,,false,false,false,false,true,false,,,,
MktDataTransformOwnerSharingRule,,,Data Transform Owner Rule,Data Transform Owner Rule,true,true,true,false,OwnerSharingRule,MktDataTransform,false,false,false,false,,false,false,false,true,,,false,false,false,false,false,,true,true,true,false,,false,,,,
MktMLModel,true,0wn,Model,Models,true,true,true,false,,,true,false,false,false,,false,true,false,true,,,false,false,true,false,true,,true,true,true,true,true,true,,,true,
MktMLModelOwnerSharingRule,,,Model Owner Rule,Model Owner Rule,true,true,true,false,OwnerSharingRule,MktMLModel,false,false,false,false,,false,false,false,true,,,false,false,false,false,false,,true,true,true,false,,false,,,,
MktMLModelPartitionRun,true,,,,,,,,,,,,,,,,,,,,,,,,,,,,,,,,,,,,
MktMLPredictionJob,true,0yq,Model Prediction Job,Model Prediction Jobs,true,true,true,false,,,false,false,false,false,,false,false,false,true,,,false,false,false,false,true,,true,true,true,false,true,true,,,,
MktMLSetupRunChgEvent,,1e9,ML Setup Run Change Event,ML Setup Run Change Events,false,false,false,false,,,false,false,false,false,,false,false,false,false,,,false,false,false,false,false,,false,false,false,false,true,false,,,,
MktSgmntActvtnAudAttribute,,85S,Activation Attribute,Activation Attributes,true,true,true,false,,,false,false,false,false,,false,false,false,true,,,false,false,false,false,true,,true,true,true,false,true,true,,,,
MktSgmntActvtnContactPoint,,85T,Activation Contact Point,Activation Contact Points,true,true,true,false,,,false,false,false,false,,false,false,false,true,,,false,false,false,false,true,,true,true,true,false,true,true,,,,
MktSgmtActvContactPtField,,0nX,Activation Contact Point Field,Activation Contact Point Fields,true,true,true,false,,,false,false,false,false,,false,false,false,true,,,false,false,false,false,true,,true,true,true,false,true,true,,,,
MktSgmtActvContactPtSrc,,0nW,Activation Contact Point Source,Activation Data Sources,true,true,true,false,,,false,false,false,false,,false,false,false,true,,,false,false,false,false,true,,true,true,true,false,true,true,,,,
MktSgmtActvDataModelFld,,98X,Activation Data Model Field,Activation Data Model Fields,true,true,true,false,,,false,false,false,false,,false,false,false,true,,,false,false,false,false,false,,true,true,true,false,true,true,,,,
MktSgmtActvDataSource,,0i4,Activation Data Source,Activation Data Sources,true,true,true,false,,,false,false,false,false,,false,false,false,true,,,false,false,false,false,false,,true,true,true,false,true,true,,,,
MktSgmtDefCalcInsightFld,,2rt,Market Segment Definition Calculated Insight Field,Market Segment Definition Calculated Insight Fields,true,true,true,false,,,false,false,false,false,,false,false,false,true,,,false,false,false,false,false,,true,false,true,false,,false,,,,
MktSgmtDefDataMdlObjFld,,9WA,Market Segment Definition Data Model Object Field,Market Segment Definition Data Model Object Fields,true,true,true,false,,,false,false,false,false,,false,false,false,true,,,false,false,false,false,false,,true,false,true,false,,false,,,,
MLEngagementEvent,,9Qb,ML Engagement Event,ML Engagement Events,true,false,false,false,,,false,false,false,false,,false,false,false,false,,,false,false,false,false,false,,false,false,false,false,true,false,,,,
MlFeatureValueMetric,,48i,ML Feature Value Metric,ML Feature Value Metrics,true,true,true,false,,,false,false,false,false,,false,false,false,true,,,false,false,false,false,false,,true,true,true,false,,true,,,,
MlIntentUtterance,,1M4,Intent Utterance,Intent Utterances,true,true,true,false,,,false,false,false,false,,false,false,false,true,,,false,false,false,false,false,,true,false,true,false,,false,,,,
MlIntentUtteranceSuggestion,,1M9,Intent Utterance Suggestion,Intent Utterance Suggestions,false,false,false,false,,,false,false,false,false,,false,false,false,true,,,false,false,false,false,false,,true,true,true,false,,false,,,,
MLModel,true,873,ML Model,ML Models,false,false,false,false,,,false,false,false,false,,false,false,false,true,,,false,false,false,false,false,,true,true,true,false,true,false,,,,
MLModelFactor,true,876,ML Model Factor,ML Model Factors,false,false,false,false,,,false,false,false,false,,false,false,false,true,,,false,false,false,false,false,,true,true,true,false,true,false,,,,
MLModelFactorComponent,true,877,ML Model Factor Component,ML Model Factor Components,false,false,false,false,,,false,false,false,false,,false,false,false,true,,,false,false,false,false,false,,true,true,true,false,true,false,,,,
MLModelMetric,,874,ML Model Metric,ML Model Metrics,false,false,false,false,,,false,false,false,false,,false,false,false,true,,,false,false,false,false,false,,true,true,true,false,true,false,,,,
MLPredictionDefinition,,6gt,ML Prediction Definition,ML Prediction Definitions,false,false,false,false,,,false,false,false,false,,false,false,false,true,,,false,false,false,false,false,,true,false,true,false,,false,,,,
MlQueryObservation,,7C1,Metalytics Query Observation,Metalytics Query Observations,true,true,true,false,,,false,false,false,false,,false,false,false,true,,,false,false,false,false,false,,true,false,true,false,,false,,,,
MLRecommendationDefinition,,7gh,ML Recommendation Definition,ML Recommendation Definitions,false,false,false,false,,,false,false,false,false,,false,false,false,true,,,false,false,false,false,false,,true,false,true,false,,false,,,,
MlRetrainingFeedback,,9za,ML Retraining Feedback,ML Retraining Feedback,false,false,false,false,,,false,false,false,false,,false,false,false,true,,,false,false,false,false,false,,true,true,true,false,,false,,,,
MngContentFormActionEvent,,13t,Managed Content Form Action Event,Managed Content Form Action Events,true,false,false,false,,,false,false,false,false,,false,false,false,false,,,false,false,false,false,false,,false,false,false,false,true,false,,,,
MobileApplicationDetail,,0IW,Mobile Application Detail,Mobile Application Details,true,true,false,false,,,false,false,false,false,,false,false,false,true,,,false,false,false,false,false,,true,false,true,false,,false,,,,
MobileSecurityAssignment,,0g6,Mobile Assignment,Mobile Assignments,true,true,true,false,,,false,false,false,false,,false,false,false,true,,,false,false,false,false,false,,true,false,true,false,,false,,,,
MobileSecurityPolicy,,0g5,Mobile Security Policy,Mobile Security Policies,true,true,true,false,,,false,false,false,false,,false,false,false,true,,,false,false,false,false,false,,true,false,true,false,,false,,,,
MobileSecurityUserMetric,,0g4,Mobile Security User Metric,Mobile Security User Metrics,false,false,false,false,,,false,false,false,false,,false,false,false,true,,,false,false,false,false,false,,true,false,true,false,,false,,,,
MobileSettingsAssignment,,00M,Mobile Settings Assignment,Mobile Settings Assignments,true,true,true,false,,,true,false,false,false,,false,false,false,true,,,false,false,true,false,false,,true,false,true,false,,false,,,,
MobSecurityCertPinConfig,,0o0,Mobile Security Certicate Pinning Configuration,Mobile Security Certicate Pinning Configurations,true,true,true,false,,,false,false,false,false,,false,false,false,true,,,false,false,false,false,false,,true,false,true,false,,false,,,,
ModelFactor,,0O3,ModelFactor,ModelFactors,true,true,true,false,,,false,false,false,false,,false,false,false,true,,,false,false,false,false,false,,true,true,true,false,,true,,,,
MsgChannelAvailability,,1Lp,Messaging Channel Availability,Messaging Channel Availabilities,false,false,false,false,,,false,false,false,false,,false,false,false,true,,,false,false,false,false,false,,true,false,true,false,,false,,,,
MsgChannelLanguageKeyword,,3Or,Messaging Channel Language Keyword,Messaging Channel Language Keywords,true,true,true,false,,,false,false,false,false,,false,false,false,true,,,false,false,false,false,false,,true,false,true,true,,false,,,,
MsgChannelUsageExternalOrg,,0od,Messaging Channel Usage External Org,Messaging Channel Usage External Orgs,true,true,false,false,,,false,false,false,false,,false,false,false,true,,,false,false,false,false,false,,true,false,true,false,,false,,,,
MsgSessStatusChangedEvent,,1JJ,Messaging Session Status Changed Event,Messaging Session Status Changed Events,false,false,false,false,,,false,false,false,false,,false,false,false,false,,,false,false,false,false,false,,false,false,false,false,,false,,,,
MultipartyInfoAuthRequest,true,0lR,Multiparty Information Authorization Request,Multiparty Information Authorization Requests,true,true,true,false,,,true,false,false,false,,false,false,false,true,,,false,false,true,false,true,,true,true,true,true,true,true,,,true,
MultipartyInfoAuthRequestOwnerSharingRule,,,Multiparty Information Authorization Request Owner Rule,Multiparty Information Authorization Request Owner Rule,true,true,true,false,OwnerSharingRule,MultipartyInfoAuthRequest,false,false,false,false,,false,false,false,true,,,false,false,false,false,false,,true,true,true,false,,false,,,,
MutingPermissionSet,,0QM,Muting Permission Set,Muting Permission Sets,true,true,true,false,,,false,false,false,false,,false,false,false,true,,,false,false,false,false,false,,true,false,true,false,,false,,,,
MyDomainDiscoverableLogin,,4hy,My Domain Discoverable Login,My Domain Discoverable Logins,true,true,true,false,,,false,false,false,false,,false,false,false,true,,,false,false,false,false,false,,true,false,true,false,,false,,,,
Name,,,Name,Names,false,false,false,false,,,false,false,false,false,,false,false,false,true,,,false,false,false,false,false,,false,false,false,false,,false,,,,
NamedCredential,,0XA,Named Credential,Named Credentials,false,false,false,false,,,false,false,false,false,,false,false,false,true,,,false,false,false,false,true,,true,false,true,false,,false,,,,
NamespaceRegistry,true,1NR,Namespace Registry,Namespace Registries,true,true,true,false,,,true,false,false,false,,false,false,false,true,,,false,false,true,false,false,,true,true,true,false,true,false,,,,
NaturalLangQueryObservation,,0lu,Natural Language Query Observation,Natural Language Query Observations,true,true,true,false,,,false,false,false,false,,false,false,false,true,,,false,false,false,false,false,,true,true,true,false,,true,,,,
NavigationLinkSet,,0Lm,Navigation Link Set,Navigation Link Sets,true,true,true,false,,,false,false,false,false,,false,false,false,true,,,false,false,false,false,false,,true,false,true,false,,false,,,,
NavigationMenuItem,,0Mi,Navigation Menu Item,Navigation Menu Items,true,true,true,false,,,false,false,false,false,,false,false,false,true,,,false,false,false,false,false,,true,false,true,false,,false,,,,
NavigationMenuItemLocalization,,,Translation,Translation,true,true,true,false,Localization,NavigationMenuItem,false,false,false,false,,false,false,false,true,,,false,false,false,false,false,,true,true,true,false,,false,,,,
Network,,0DB,Network,Networks,false,true,false,false,,,false,false,false,false,,false,false,false,true,,,false,false,false,false,false,,true,false,true,false,,false,,,,
NetworkActivityAudit,,0J6,Audited Object,Network Audits,true,true,true,false,,,false,false,false,false,,false,false,false,true,,,false,false,false,false,false,,true,true,true,false,,true,,,,
NetworkAffinity,,0OV,Default Community,Default Communities,true,true,true,false,,,false,false,false,false,,false,false,false,true,,,false,false,false,false,false,,true,false,true,false,,false,,,,
NetworkAuthApiSettings,,7Oi,Network Auth Api Setting,Network Auth Api Settings,true,true,true,false,,,false,false,false,false,,false,false,false,true,,,false,false,false,false,false,,true,false,true,false,,false,,,,
NetworkDataCategory,,9cn,Network Data Category,Network Data Categories,false,false,false,false,,,false,false,false,false,,false,false,false,true,,,false,false,false,false,false,,true,false,true,false,,false,,,,
NetworkDiscoverableLogin,,7ov,Experience Discoverable Login,Experience Discoverable Logins,true,true,false,false,,,false,false,false,false,,false,false,false,true,,,false,false,false,false,false,,true,true,true,false,,false,,,,
NetworkEmailTmplAllowlist,,00V,Network EmailTemplate Allow List,Network EmailTemplate Allow Lists,true,true,true,false,,,false,false,false,false,,false,false,false,true,,,false,false,false,false,false,,true,false,true,false,,false,,,,
NetworkFeedResponseMetric,,0jw,Network Feed Response Metric,Network Feed Responses Metrics,false,false,false,false,,,false,false,false,false,,false,false,false,true,,,false,false,false,false,false,,true,true,true,false,,false,,,,
NetworkMember,true,0DO,Network Member,Network Members,false,true,false,false,,,false,false,false,false,,false,false,false,true,,,false,false,false,false,false,NetworkId,true,true,true,false,true,false,,,,
NetworkMemberChunk,true,,,,,,,,,,,,,,,,,,,,,,,,,,,,,,,,,,,,
NetworkMemberGroup,,0DL,Network Member Group,Network Member Group,true,true,false,false,,,false,false,false,false,,false,false,false,true,,,false,false,false,false,false,NetworkId,true,false,true,false,,false,,,,
NetworkModeration,,0Id,Network Moderation,Network Moderations,true,false,true,false,,,false,false,false,false,,false,false,false,true,,,false,false,false,false,false,NetworkId,true,false,true,false,,false,,,,
NetworkPageOverride,,0Dp,Experience Page Override,Experience Page Overrides,true,true,false,false,,,false,false,false,false,,false,false,false,true,,,false,false,false,false,false,,true,false,true,false,,false,,,,
NetworkReferencedObject,true,0ln,Network Referenced Object,Network Referenced Objects,true,true,true,false,,,true,false,false,false,,false,false,false,true,,,false,false,true,false,true,,true,true,true,true,true,true,,,true,
NetworkSelfRegistration,,0Dm,Experience Self Registration,Experience Self Registrations,true,true,true,false,,,false,false,false,false,,false,false,false,true,,,false,false,false,false,false,,true,true,true,false,,true,,,,
NetworkUserHistoryRecent,,0c6,Experience User Access History Recent,Experience User Access Histories Recent,true,false,true,false,,,false,false,false,false,,false,false,false,true,,,false,false,false,false,false,,true,true,false,false,,true,,,,
NLPhrase,,0Uj,CQ Phrase,CQ Phrases,true,true,true,false,,,false,false,false,false,,false,false,false,true,,,false,false,false,false,false,,true,false,true,false,,false,,,,
NLQueryFragment,,0Un,CQ Fragment,CQ Fragments,true,true,true,false,,,false,false,false,false,,false,false,false,true,,,false,false,false,false,false,,true,false,true,false,,false,,,,
Note,,002,Note,Notes,true,true,true,false,,,true,false,false,false,,false,false,false,true,,,false,false,true,false,false,,true,true,true,true,true,true,,,,
NoteAndAttachment,,,Note and Attachment,Notes and Attachments,false,false,false,false,,,false,false,false,false,,false,false,false,true,,,false,false,false,false,false,,false,false,false,false,,false,,,,
Notification__e,true,,,,,,,,,,,,,,,,,,,,,,,,,,,,,,,,,,,,
NXDO__Data_Tool_Status__c,true,a00,Data Tool Status,Data Tool Status,true,true,true,false,,,false,true,true,false,,false,false,false,true,,,false,false,true,false,false,,true,true,true,true,,true,,,true,
NXDO__Data_Tool_Status__OwnerSharingRule,,,Owner Rule: Data Tool Status,Owner Rule: Data Tool Status,true,true,true,false,OwnerSharingRule,NXDO__Data_Tool_Status__c,false,false,false,false,,false,false,false,true,,,false,false,false,false,false,,true,true,true,false,,false,,,,
OauthCustomScope,,7ud,OAuth Custom Scope,OAuth Custom Scopes,true,true,true,false,,,false,false,false,false,,false,false,false,true,,,false,false,false,false,false,,true,false,true,false,,false,,,,
OauthCustomScopeApp,,7ue,OAuth Custom Scope App ,OAuth Custom Scope Apps,true,true,true,false,,,false,false,false,false,,false,false,false,true,,,false,false,false,false,false,,true,false,true,false,,false,,,,
OauthToken,,0CQ,Oauth Token,Oauth Tokens,false,false,false,false,,,false,false,false,false,,false,false,false,true,,,false,false,false,false,false,,true,false,false,false,,false,,,,
OauthTokenExchangeHandler,,17Z,Oauth Token Exchange Handler,Oauth Token Exchange Handlers,true,true,true,false,,,false,false,false,false,,false,false,false,true,,,false,false,false,false,false,,true,false,true,false,,false,,,,
OauthTokenExchHandlerApp,,17z,Oauth Token Exchange Handler App,Oauth Token Exchange Handler Apps,true,true,true,false,,,false,false,false,false,,false,false,false,true,,,false,false,false,false,false,,true,false,true,false,,false,,,,
ObjectDataImport,,83r,Object Data Import,Object Data Imports,false,false,false,false,,,false,false,false,false,,false,false,false,true,,,false,false,false,false,false,,true,true,true,false,,false,,,,
ObjectDataImportOwnerSharingRule,,,Object Data Import Owner Rule,Object Data Import Owner Rule,true,true,true,false,OwnerSharingRule,ObjectDataImport,false,false,false,false,,false,false,false,true,,,false,false,false,false,false,,true,true,true,false,,false,,,,
ObjectDataImportReference,,1O5,Object Data Import Reference,Object Data Import References,false,false,false,false,,,false,false,false,false,,false,false,false,true,,,false,false,false,false,false,,true,true,true,false,,false,,,,
ObjectMetadataTag,,15w,Object Metadata Tag,Object Metadata Tag,true,true,true,false,,,false,false,false,false,,false,false,false,true,,,false,false,false,false,false,,true,true,false,false,,true,,,,
ObjectPermissions,,110,Object Permissions,Object Permissions,true,true,true,false,,,false,false,false,false,,false,false,false,true,,,false,false,false,false,false,,true,false,true,false,,false,,,,
ObjectRelatedUrl,,0zC,Object Related URL,Object Related URLs,true,true,true,false,,,false,false,false,false,,false,false,false,true,,,false,false,false,false,false,,true,true,false,false,,true,,,,
ObjectStateDefinition,true,0o4,Object State Definition,Object State Definitions,true,true,true,false,,,true,false,false,true,,false,false,false,true,,,false,false,true,false,true,,true,true,true,true,true,true,,,true,
ObjectStateDefinitionOwnerSharingRule,,,Object State Definition Owner Rule,Object State Definition Owner Rule,true,true,true,false,OwnerSharingRule,ObjectStateDefinition,false,false,false,false,,false,false,false,true,,,false,false,false,false,false,,true,true,true,false,,false,,,,
ObjectStateTransition,true,0jj,Object State Transition,Object State Transitions,true,true,true,false,,,true,false,false,false,,false,false,false,true,,,false,false,true,false,true,,true,true,true,true,true,true,,,true,
ObjectStateValue,true,2p3,Object State Value,Object State Values,true,true,true,false,,,true,false,false,false,,false,false,false,true,,,false,false,true,false,true,,true,true,true,true,true,true,,,true,
ObjectTerritory2AssignmentRule,,0Ir,Object Territory Assignment Rule,Object Territory Assignment Rules,true,true,true,false,,,true,false,false,false,,false,false,false,true,,,false,false,true,false,false,,true,false,true,false,,false,,,,
ObjectTerritory2AssignmentRuleItem,,0Iq,Object Territory Assignment Rule Item,Object Territory Assignment Rule Items,true,true,true,false,,,false,false,false,false,,false,false,false,true,,,false,false,false,false,false,,true,false,true,false,,false,,,,
ObjectTerritory2Association,,0JB,Object Territory Association,Object Territory Associations,true,false,true,false,,,false,false,false,false,,false,false,false,true,,,false,false,false,false,false,,true,true,true,false,,false,,,,
ObjectUserTerritory2View,,,Object User Territory2 View,Object User Territory2 Views,false,false,false,false,,,false,false,false,false,,false,false,false,true,,,false,false,false,false,false,,true,false,true,false,,false,,,,
Obligation,true,0Zz,Obligation,Obligations,true,true,true,false,,,true,false,false,false,,false,false,false,true,,,false,false,true,false,true,,true,true,true,true,true,true,,,true,
ObligationOwnerSharingRule,,,Obligation Owner Rule,Obligation Owner Rule,true,true,true,false,OwnerSharingRule,Obligation,false,false,false,false,,false,false,false,true,,,false,false,false,false,false,,true,true,true,false,,false,,,,
OmniComponentErrorLog,true,,,,,,,,,,,,,,,,,,,,,,,,,,,,,,,,,,,,
OmniDataPack,true,0nc,Omni DataPack,Omni DataPacks,true,true,true,false,,,true,false,false,false,,false,false,false,true,,,false,false,true,false,false,,true,true,true,true,,true,,,true,
OmniDataPackOwnerSharingRule,,,Omni DataPack Owner Rule,Omni DataPack Owner Rule,true,true,true,false,OwnerSharingRule,OmniDataPack,false,false,false,false,,false,false,false,true,,,false,false,false,false,false,,true,true,true,false,,false,,,,
OmniDataTransform,true,0jI,Omni Data Transformation,Omni Data Transformations,true,true,true,false,,,true,false,false,false,,false,false,false,true,,,false,false,true,false,true,,true,true,true,true,,true,,,true,
OmniDataTransformConfig,,3UL,Omni Data Transformation Config,Omni Data Transformation Configs,true,true,true,false,,,false,false,false,false,,false,false,false,true,,,false,false,false,false,true,,true,false,true,false,,false,,,,
OmniDataTransformItem,true,0kd,Omni Data Transformation Item,Omni Data Transformation Items,true,true,true,false,,,true,false,false,false,,false,false,false,true,,,false,false,true,false,true,,true,true,true,true,,true,,,true,
OmniDataTransformOwnerSharingRule,,,Omni Data Transformation Owner Rule,Omni Data Transformation Owner Rule,true,true,true,false,OwnerSharingRule,OmniDataTransform,false,false,false,false,,false,false,false,true,,,false,false,false,false,false,,true,true,true,false,,false,,,,
OmniESignatureTemplate,true,0nL,Omni Electronic Signature Template,Omni Electronic Signature Templates,true,true,true,false,,,true,false,false,false,,false,false,false,true,,,false,false,true,false,false,,true,true,true,false,true,true,,,,
OmniESignatureTemplateOwnerSharingRule,,,Omni Electronic Signature Template Owner Rule,Omni Electronic Signature Template Owner Rule,true,true,true,false,OwnerSharingRule,OmniESignatureTemplate,false,false,false,false,,false,false,false,true,,,false,false,false,false,false,,true,true,true,false,,false,,,,
OmniExtTrackingDef,,18h,Omni External Tracking Definition,Omni External Tracking Definitions,true,true,true,false,,,false,false,false,false,,false,false,false,true,,,false,false,false,false,false,,true,false,true,false,,false,,,,
OmniExtTrackingEventDef,,18i,Omni External Tracking Event Definition,Omni External Tracking Event Definitions,true,true,true,false,,,false,false,false,false,,false,false,false,true,,,false,false,false,false,false,,true,false,true,false,,false,,,,
OmniIntegrationProcConfig,,0qr,Omni Integration Procedure Configuration,Omni Integration Procedure Configurations,true,true,true,false,,,false,false,false,false,,false,false,false,true,,,false,false,false,false,true,,true,false,true,false,,false,,,,
OmniInteractionAccessConfig,,0nz,Omni Interaction Access Configuration,Omni Interaction Access Configurations,true,true,true,false,,,false,false,false,false,,false,false,false,true,,,false,false,false,false,false,,true,false,true,false,,false,,,,
OmniInteractionConfig,,0yY,Omni Interaction Configuration,Omni Interaction Configurations,true,true,true,false,,,false,false,false,false,,false,false,false,true,,,false,false,false,false,false,,true,false,true,false,,false,,,,
OmniProcess,true,0jN,Omni Process,Omni Processes,true,true,true,false,,,true,false,false,false,,false,false,false,true,,,false,false,true,false,true,,true,true,true,true,,true,,,true,
OmniProcessCompilation,true,0k7,Omni Process Compilation,Omni Process Compilations,true,true,true,false,,,true,false,false,false,,false,false,false,true,,,false,false,true,false,true,,true,true,true,true,,true,,,true,
OmniProcessElement,true,0kE,Omni Process Element,Omni Process Elements,true,true,true,false,,,true,false,false,false,,false,false,false,true,,,false,false,true,false,true,,true,true,true,true,,true,,,true,
OmniProcessOwnerSharingRule,,,Omni Process Owner Rule,Omni Process Owner Rule,true,true,true,false,OwnerSharingRule,OmniProcess,false,false,false,false,,false,false,false,true,,,false,false,false,false,false,,true,true,true,false,,false,,,,
OmniProcessTransientData,true,0nM,Omni Process Transient Data,Omni Process Transient Data,true,true,true,false,,,true,false,false,false,,false,false,false,true,,,false,false,true,false,false,,true,true,true,false,,true,,,,
OmniProcessTransientDataOwnerSharingRule,,,Omni Process Transient Data Owner Rule,Omni Process Transient Data Owner Rule,true,true,true,false,OwnerSharingRule,OmniProcessTransientData,false,false,false,false,,false,false,false,true,,,false,false,false,false,false,,true,true,true,false,,false,,,,
OmniRoutingEventStore,,0is,Omni Routing Event Store,Omni Routing Event Stores,false,false,true,false,,,false,false,false,false,,false,false,false,false,,,false,false,false,false,false,,true,false,true,false,,false,,,,
OmniScriptConfig,,0qh,Omni Script Configuration,Omni Script Configurations,true,true,true,false,,,false,false,false,false,,false,false,false,true,,,false,false,false,false,true,,true,false,true,false,,false,,,,
OmniScriptSavedSession,true,0kT,OmniScript Saved Session,OmniScript Saved Sessions,true,true,true,false,,,true,false,false,false,,false,false,false,true,,,false,false,true,false,true,,true,true,true,true,true,true,,,true,
OmniScriptSavedSessionOwnerSharingRule,,,OmniScript Saved Session Owner Rule,OmniScript Saved Session Owner Rule,true,true,true,false,OwnerSharingRule,OmniScriptSavedSession,false,false,false,false,,false,false,false,true,,,false,false,false,false,false,,true,true,true,false,,false,,,,
OmniSupervisorConfig,,0Q2,Omni Supervisor Configuration,Omni Supervisor Configurations,true,true,true,false,,,false,false,false,false,,false,false,false,true,,,false,false,false,false,false,,true,false,true,false,,false,,,,
OmniSupervisorConfigAction,,3UC,Omni Supervisor Configuration Action,Omni Supervisor Configuration Actions,true,true,true,false,,,false,false,false,false,,false,false,false,true,,,false,false,false,false,false,,true,false,true,false,,false,,,,
OmniSupervisorConfigGroup,,0QE,Omni Supervisor Configuration for Public Group,Omni Supervisor Configuration for Public Groups,true,true,true,false,,,false,false,false,false,,false,false,false,true,,,false,false,false,false,false,,true,false,true,false,,false,,,,
OmniSupervisorConfigProfile,,0QC,Omni Supervisor Configuration for Profile,Omni Supervisor Configuration for Profiles,true,true,true,false,,,false,false,false,false,,false,false,false,true,,,false,false,false,false,false,,true,false,true,false,,false,,,,
OmniSupervisorConfigQueue,,0sf,Omni Supervisor Configuration Queue,Omni Supervisor Configuration Queues,true,true,true,false,,,false,false,false,false,,false,false,false,true,,,false,false,false,false,false,,true,false,true,false,,false,,,,
OmniSupervisorConfigSkill,,0qg,Omni Supervisor Configuration Skill,Omni Supervisor Configuration Skills,true,true,true,false,,,false,false,false,false,,false,false,false,true,,,false,false,false,false,false,,true,false,true,false,,false,,,,
OmniSupervisorConfigTab,,18L,Omni Supervisor Configuration Tab,Omni Supervisor Configuration Tab,true,true,true,false,,,false,false,false,false,,false,false,false,true,,,false,false,false,false,false,,true,false,true,false,,false,,,,
OmniSupervisorConfigUser,,0Q4,Omni Supervisor Configuration for User,Omni Supervisor Configuration for Users,true,true,true,false,,,false,false,false,false,,false,false,false,true,,,false,false,false,false,false,,true,false,true,false,,false,,,,
OmniTrackingComponentDef,,18g,Omni Tracking Component Definition,Omni Tracking Component Definitions,true,true,true,false,,,false,false,false,false,,false,false,false,true,,,false,false,false,false,true,,true,false,true,false,,false,,,,
OmniTrackingEvent,,18k,Omni Tracking Event,Omni Tracking Events,false,false,false,false,,,false,false,false,false,,false,false,false,false,,,false,false,false,false,false,,false,false,false,false,,false,,,,
OmniTrackingGroup,,18d,Omni Tracking Group,Omni Tracking Groups,true,true,true,false,,,false,false,false,false,,false,false,false,true,,,false,false,false,false,false,,true,false,true,false,,false,,,,
OmniUiCard,true,0ko,Omni UI Card,Omni UI Cards,true,true,true,false,,,true,false,false,false,,false,false,false,true,,,false,false,true,false,true,,true,true,true,true,,true,,,true,
OmniUiCardConfig,,9AK,Omni Ui Card Config,Omni Ui Card Configs,true,true,true,false,,,false,false,false,false,,false,false,false,true,,,false,false,false,false,true,,true,false,true,false,,false,,,,
OmniUiCardOwnerSharingRule,,,Omni UI Card Owner Rule,Omni UI Card Owner Rule,true,true,true,false,OwnerSharingRule,OmniUiCard,false,false,false,false,,false,false,false,true,,,false,false,false,false,false,,true,true,true,false,,false,,,,
OMS_Cancel_Context_Change__e,true,,,,,,,,,,,,,,,,,,,,,,,,,,,,,,,,,,,,
OMS_Cancel_Event__e,true,,,,,,,,,,,,,,,,,,,,,,,,,,,,,,,,,,,,
OnboardingMetrics,,0UG,Onboarding Metrics,Onboarding Metrics,true,true,true,false,,,false,false,false,false,,false,false,false,true,,,false,false,false,false,false,,true,false,true,false,,false,,,,
OpenActivity,,,Open Activity,Open Activities,false,false,false,false,,,false,false,false,false,,false,false,false,true,,,false,false,false,false,false,,false,false,false,false,,false,,,,
OperatingHours,true,0OH,Operating Hours,Operating Hours,true,true,true,false,,,true,false,false,false,,false,false,false,true,,,false,false,true,false,true,,true,true,true,true,true,true,,,true,
OperatingHoursHoliday,true,0jG,Operating Hours Holiday,Operating Hours Holidays,true,true,true,false,,,true,false,false,false,,false,false,false,true,,,false,false,true,false,true,,true,true,true,true,true,false,,,true,
OperatingHoursOwnerSharingRule,,,Operating Hours Owner Rule,Operating Hours Owner Rule,true,true,true,false,OwnerSharingRule,OperatingHours,false,false,false,false,,false,false,false,true,,,false,false,false,false,false,,true,true,true,false,,false,,,,
Opportunity,true,006,Opportunity,Opportunities,true,true,true,false,,,true,false,false,true,,false,true,false,true,,,false,false,true,false,true,,true,true,true,true,true,true,,,true,
Opportunity__hd,,h01,Opportunity (Historical),Opportunities (Historical),false,false,false,false,,,false,true,false,false,,false,false,false,true,,,false,false,false,false,false,,true,true,true,false,,false,,,,
OpportunityCompetitor,true,00J,Opportunity: Competitor,Opportunity: Competitor,true,true,true,false,,,false,false,false,false,,false,false,false,true,,,false,false,false,false,false,,true,true,true,false,,false,,,,
OpportunityContactRole,true,00K,Opportunity Contact Role,Opportunity Contact Role,true,true,true,false,,,true,false,false,false,,false,false,false,true,,,false,false,true,false,false,,true,true,true,false,true,false,,,,
OpportunityHistory__c,true,a7H,OpportunityHistory__c,OpportunityHistory__c,true,true,true,false,,,true,true,false,false,,false,false,false,true,,,false,false,true,false,false,,true,true,true,false,true,true,,,,
OpportunityHistory__OwnerSharingRule,,,Owner Rule: OpportunityHistory__c,Owner Rule: OpportunityHistory__c,true,true,true,false,OwnerSharingRule,OpportunityHistory__c,false,false,false,false,,false,false,false,true,,,false,false,false,false,false,,true,true,true,false,,false,,,,
OpportunityLineItem,true,00k,Opportunity Product,Opportunity Product,true,true,true,false,,,true,false,false,false,,false,false,false,true,,,false,false,true,false,true,,true,true,true,false,true,false,,,,
OpportunityLineItemSchedule,true,00o,Line Item Schedule,Line Item Schedule,true,true,true,false,,,true,false,false,false,,false,false,false,true,,,false,false,true,false,false,,true,true,true,false,true,false,,,,
OpportunityLineItemSplit,true,10X,Opportunity Product Split,Opportunity Product Splits,true,true,true,false,,,true,false,false,false,,false,false,false,true,,,false,false,true,false,false,,true,true,true,false,true,false,,,,
OpportunityOwnerSharingRule,,00u,Opportunity Owner Rule,Opportunity Owner Rule,true,true,true,false,OwnerSharingRule,Opportunity,false,false,false,false,,false,false,false,true,,,false,false,false,false,false,,true,true,true,false,,false,,,,
OpportunityPartner,,00I,Opportunity Partner,Opportunity Partner,true,false,true,false,,,true,false,false,false,,false,false,false,true,,,false,false,true,false,false,,true,false,true,false,,false,,,,
OpportunityRelatedDeleteLog,true,0oe,Opportunity Related Delete Log,Opportunity Related Delete Log,false,false,false,false,,,false,false,false,false,,false,false,false,true,,,false,false,false,false,false,,true,true,true,false,true,false,,,,
OpportunityScore,,0Gq,Opportunity Score,Opportunity Scores,true,true,false,false,,,false,false,false,false,,false,false,false,true,,,false,false,false,false,false,,true,false,true,false,true,false,,,,
OpportunitySplit,true,049,Opportunity Split,Opportunity Splits,true,true,true,false,,,true,false,false,false,,false,false,false,true,,,false,false,true,false,false,,true,true,true,false,true,false,,,,
OpportunitySplitType,,149,Opportunity Split Type,Opportunity Split Types,false,true,false,false,,,false,false,false,false,,false,false,false,true,,,false,false,false,false,false,,true,false,true,false,,false,,,,
OpportunityStage,,01J,Opportunity Stage,Opportunity Stage,false,false,false,false,,,false,false,false,false,,false,false,false,true,,,false,false,false,false,false,,true,false,true,false,,false,,,,
OpportunityTeamMember,true,00q,Opportunity Team Member,Opportunity Team,true,true,true,false,,,true,false,false,false,,false,false,false,true,,,false,false,true,false,false,,true,true,true,false,true,false,,,,
OpptyLineItemSplitType,,10Y,Opportunity Product Split Type,Opportunity Product Split Types,false,false,false,false,,,false,false,false,false,,false,false,false,true,,,false,false,false,false,false,,true,false,true,false,,false,,,,
Order,true,801,Order,Orders,true,true,true,true,,,true,false,false,false,,false,false,false,true,,,false,false,true,false,true,,true,true,true,true,true,true,,,true,
OrderAdjustmentGroup,true,0az,Order Adjustment Group,Order Adjustment Groups,true,true,true,false,,,true,false,false,false,,false,false,false,true,,,false,false,true,false,false,,true,true,true,false,true,false,,,,
OrderAdjustmentGroupSummary,true,0aj,Order Adjustment Group Summary,Order Adjustment Group Summaries,true,true,true,false,,,true,false,false,false,,false,false,false,true,,,false,false,true,false,false,,true,true,true,false,,true,,,,
OrderChangeLog,,0dy,Order Change Log,Order Change Logs,false,false,false,false,,,true,false,false,false,,false,false,false,true,,,false,false,true,false,false,,true,true,true,false,,false,,,,
OrderDeliveryGroup,true,2Dg,Order Delivery Group,Order Delivery Groups,true,true,true,false,,,true,false,false,false,,false,false,false,true,,,false,false,true,false,false,,true,true,true,false,true,false,,,,
OrderDeliveryGroupSummary,true,0ag,Order Delivery Group Summary,Order Delivery Group Summaries,true,true,true,false,,,true,false,false,false,,false,false,false,true,,,false,false,true,false,false,,true,true,true,false,,true,,,,
OrderDeliveryMethod,true,2Dm,Order Delivery Method,Order Delivery Methods,true,true,true,false,,,true,false,false,false,,false,false,false,true,,,false,false,true,false,true,,true,true,true,true,true,true,,,true,
OrderDeliveryMethodOwnerSharingRule,,,Order Delivery Method Owner Rule,Order Delivery Method Owner Rule,true,true,true,false,OwnerSharingRule,OrderDeliveryMethod,false,false,false,false,,false,false,false,true,,,false,false,false,false,false,,true,true,true,false,,false,,,,
OrderItem,true,802,Order Product,Order Products,true,true,true,false,,,true,false,false,false,,false,false,false,true,,,false,false,true,false,false,,true,true,true,false,true,false,,,,
OrderItemAdjustmentLineItem,true,3qZ,Order Product Adjustment Line Item,Order Product Adjustment Line Items,true,true,true,false,,,true,false,false,false,,false,false,false,true,,,false,false,true,false,false,,true,true,true,false,true,false,,,,
OrderItemAdjustmentLineSummary,true,0ah,Order Product Adjustment Line Item Summary,Order Product Adjustment Line Item Summaries,true,true,true,false,,,true,false,false,false,,false,false,false,true,,,false,false,true,false,false,,true,true,true,false,,true,,,,
OrderItemRelationship,true,0ay,Order Product Relationship,Order Product Relationships,true,true,true,false,,,true,false,false,false,,false,false,false,true,,,false,false,true,false,false,,true,true,true,false,true,false,,,,
OrderItemSummary,true,10u,Order Product Summary,Order Product Summaries,true,true,true,false,,,true,false,false,false,,false,true,false,true,,,false,false,true,false,false,,true,true,true,false,,true,,,,
OrderItemSummaryChange,true,1oc,Order Product Summary Change,Order Product Summary Changes,false,false,true,false,,,true,false,false,false,,false,false,false,true,,,false,false,true,false,false,,true,true,true,false,,false,,,,
OrderItemSummaryRelationship,true,20u,Order Product Summary Relationship,Order Product Summary Relationships,true,true,true,false,,,true,false,false,false,,false,false,false,true,,,false,false,true,false,false,,true,true,true,false,,true,,,,
OrderItemTaxLineItem,true,0au,Order Product Tax Line Item,Order Product Tax Line Items,true,true,true,false,,,true,false,false,false,,false,false,false,true,,,false,false,true,false,false,,true,true,true,false,true,false,,,,
OrderItemTaxLineItemSummary,true,0ai,Order Product Tax Line Item Summary,Order Product Tax Line Item Summaries,false,true,true,false,,,true,false,false,false,,false,false,false,true,,,false,false,true,false,false,,true,true,true,false,,true,,,,
OrderItemType,,,Order Product Type,Order Product Types,false,false,false,false,,,false,false,false,false,,false,false,false,true,,,false,false,false,false,false,,true,false,true,false,,false,,,,
OrderOwnerSharingRule,,0Fs,Order Owner Sharing Rule,Order Owner Sharing Rule,true,true,true,false,OwnerSharingRule,Order,false,false,false,false,,false,false,false,true,,,false,false,false,false,false,,true,true,true,false,,false,,,,
OrderPaymentSummary,true,0bM,Order Payment Summary,Order Payment Summaries,true,true,true,false,,,true,false,false,false,,false,true,false,true,,,false,false,true,false,true,,true,true,true,true,,true,,,true,
OrderPaymentSummaryOwnerSharingRule,,,Order Payment Summary Owner Rule,Order Payment Summary Owner Rule,true,true,true,false,OwnerSharingRule,OrderPaymentSummary,false,false,false,false,,false,false,false,true,,,false,false,false,false,false,,true,true,true,false,,false,,,,
OrderPaymentSummaryReference,true,2Pr,Order Payment Summary Reference,Order Payment Summary References,true,true,true,false,,,true,false,false,false,,false,false,false,true,,,false,false,true,false,true,,true,true,true,false,,true,,,,
OrderStatus,,,Order Status Value,Order Status Values,false,false,false,false,,,false,false,false,false,,false,false,false,true,,,false,false,false,false,false,,true,false,true,false,,false,,,,
OrderStatusChangedEvent,,0kv,Order Status Changed Event,Order Status Changed Events,false,false,false,false,,,false,false,false,false,,false,false,false,false,,,false,false,false,false,false,,false,false,false,false,true,false,,,,
OrderSummary,true,1Os,Order Summary,Order Summaries,true,true,true,false,,,true,false,false,false,,false,true,false,true,,,false,false,true,false,true,,true,true,true,true,,true,,,true,
OrderSummaryAdditionalInfo,true,0hh,Order Summary Additional Info,Order Summary Additional Infos,true,true,true,false,,,true,false,false,false,,false,false,false,true,,,false,false,true,false,false,,true,true,true,false,true,true,,,,
OrderSummaryAdditionalInfoOwnerSharingRule,,,Order Summary Additional Info Owner Rule,Order Summary Additional Info Owner Rule,true,true,true,false,OwnerSharingRule,OrderSummaryAdditionalInfo,false,false,false,false,,false,false,false,true,,,false,false,false,false,false,,true,true,true,false,,false,,,,
OrderSummaryCreatedEvent,,0bH,Order Summary Created Event,Order Summary Created Events,false,false,false,false,,,false,false,false,false,,false,false,false,false,,,false,false,false,false,false,,false,false,false,false,true,false,,,,
OrderSummaryOwnerSharingRule,,,Order Summary Owner Rule,Order Summary Owner Rule,true,true,true,false,OwnerSharingRule,OrderSummary,false,false,false,false,,false,false,false,true,,,false,false,false,false,false,,true,true,true,false,,false,,,,
OrderSummaryRelationship,true,20s,Order Summary Relationship,Order Summary Relationships,true,true,true,false,,,true,false,false,false,,false,false,false,true,,,false,false,true,false,false,,true,true,true,false,,true,,,,
OrderSummaryRoutingSchedule,true,0ra,Order Summary Routing Schedule,Order Summary Routing Schedules,true,true,true,false,,,true,false,false,false,,false,false,false,true,,,false,false,true,false,true,,true,true,true,false,true,true,,,,
OrderSummaryRoutingScheduleOwnerSharingRule,,,Order Summary Routing Schedule Owner Rule,Order Summary Routing Schedule Owner Rule,true,true,true,false,OwnerSharingRule,OrderSummaryRoutingSchedule,false,false,false,false,,false,false,false,true,,,false,false,false,false,false,,true,true,true,false,,false,,,,
OrderSumStatusChangedEvent,,0d2,Order Summary Status Changed Event,Order Summary Status Changed Event,false,false,false,false,,,false,false,false,false,,false,false,false,false,,,false,false,false,false,false,,false,false,false,false,true,false,,,,
Organization,,00D,Organization,Organizations,false,true,false,false,,,false,false,false,false,,false,false,false,true,,,false,false,false,false,false,,true,true,true,false,,false,,,,
OrgEmailAddressSecurity,,0D3,Organization Email Address Security,Organization Email Address Security,true,false,true,false,,,false,false,false,false,,false,false,false,true,,,false,false,false,false,false,,true,true,true,false,,false,,,,
OrgIncidentSummary,true,7qx,Organization Incident Summary,Organization Incident Summaries,false,false,false,false,,,true,false,false,false,,false,false,false,true,,,false,false,true,false,true,,true,true,true,true,true,false,,,true,
OrgIncidentSummaryOwnerSharingRule,,,Organization Incident Summary Owner Rule,Organization Incident Summary Owner Rule,true,true,true,false,OwnerSharingRule,OrgIncidentSummary,false,false,false,false,,false,false,false,true,,,false,false,false,false,false,,true,true,true,false,,false,,,,
OrgLifecycleNotification,,0OL,Org Lifecycle Notification,Org Lifecycle Notification,false,false,false,false,,,false,false,false,false,,false,false,false,false,,,false,false,false,false,false,,false,false,false,false,true,false,,,,
OrgMetric,,3v1,Org Metric,Org Metrics,true,true,false,false,,,false,false,false,false,,false,false,false,true,,,false,false,false,false,false,,true,true,true,false,true,false,,,,
OrgMetricScanResult,true,9aM,Org Metric Scan Result,Org Metric Scan Results,true,false,false,false,,,false,false,false,false,,false,false,false,true,,,false,false,false,false,false,,true,true,true,false,true,false,,,,
OrgMetricScanSummary,true,6mX,Org Metric Scan Summary,Org Metric Scan Summaries,true,false,false,false,,,false,false,false,false,,false,false,false,true,,,false,false,false,false,false,,true,true,true,false,true,false,,,,
OrgWideEmailAddress,,0D2,Organization-wide From Email Address,Organization-wide From Email Addresses,true,true,true,false,,,false,false,false,false,,false,false,false,true,,,false,false,false,false,false,,true,true,true,false,,false,,,,
OSAsyncChgCompletedEvent,,2cc,Order Summary Async Change Completed Event,Order Summary Async Change Completed Event,true,false,false,false,,,false,false,false,false,,false,false,false,false,,,false,false,false,false,false,,false,false,false,false,true,false,,,,
OtherComponentTask,true,8kJ,Other Component Task,Other Component Tasks,true,true,true,false,,,true,false,false,false,,false,false,false,true,,,false,false,true,false,true,,true,true,true,true,true,true,,,true,
OtherComponentTaskOwnerSharingRule,,,Other Component Task Owner Rule,Other Component Task Owner Rule,true,true,true,false,OwnerSharingRule,OtherComponentTask,false,false,false,false,,false,false,false,true,,,false,false,false,false,false,,true,true,true,false,,false,,,,
OtherEmssnFctrSet,true,0pR,Other Emissions Factor Set,Other Emissions Factor Sets,false,false,false,false,,,true,false,false,false,,false,false,false,true,,,false,false,true,false,true,,true,true,true,true,true,false,,,true,
OtherEmssnFctrSetItem,true,0pS,Other Emissions Factor Set Item,Other Emissions Factor Set Items,false,false,false,false,,,true,false,false,false,,false,false,false,true,,,false,false,true,false,true,,true,true,true,true,true,false,,,true,
OtherEmssnFctrSetOwnerSharingRule,,,Other Emissions Factor Set Owner Rule,Other Emissions Factor Set Owner Rule,true,true,true,false,OwnerSharingRule,OtherEmssnFctrSet,false,false,false,false,,false,false,false,true,,,false,false,false,false,false,,true,true,true,false,,false,,,,
OutgoingEmail,,0Q1,Outgoing Email,Outgoing Emails,true,false,false,false,,,false,false,false,false,,false,false,false,false,,,false,false,false,false,false,,true,false,false,false,,false,,,,
OutgoingEmailRelation,,0Q3,Outgoing Email Relation,Outgoing Email Relations,true,false,false,false,,,false,false,false,false,,false,false,false,false,,,false,false,false,false,false,,true,false,false,false,,false,,,,
OutOfOffice,,1OO,Out Of Office,Out Of Offices,true,true,true,false,,,false,false,false,false,,false,false,false,true,,,false,false,false,false,false,,true,true,true,false,true,true,,,,
OwnedContentDocument,,,User Owned File,User Owned File,false,false,false,false,,,false,false,false,false,,false,false,false,true,,,false,false,false,false,false,,false,false,false,false,,false,,,,
OwnerChangeOptionInfo,,0Cy,Change Owner Option Info,Change Owner Options Info,false,false,false,false,,,false,false,false,false,,false,false,false,false,,,false,false,false,false,false,,true,false,false,false,,false,,,,
PackageLicense,,050,Package License,Package License,false,false,false,false,,,false,false,false,false,,false,false,false,true,,,false,false,false,false,false,,true,false,true,false,,false,,,,
Pardot_Template__mdt,true,m0O,Pardot Template,Pardot Templates,false,false,false,false,,,false,true,false,false,,false,false,false,true,,,false,false,true,false,true,,true,false,true,false,,false,,,,
PardotTenant,,0Uv,Business Unit,Business Units,true,true,false,false,,,false,false,false,false,,false,false,false,true,,,false,false,false,false,true,,true,false,true,false,,false,,,,
Participant,,0lH,Participant,Participants,false,false,false,false,,,false,false,false,false,,false,false,false,true,,,false,false,false,false,false,,true,false,true,false,,false,,,,
ParticipantRole,,0gd,Participant Role,Participant Roles,true,true,true,false,,,true,false,false,false,,false,false,false,true,,,false,false,true,false,true,,true,false,true,false,,false,,,,
Partner,,00I,Partner,Partner,true,false,true,false,,,false,false,false,false,,false,false,false,true,,,false,false,false,false,false,,true,true,true,false,true,false,,,,
PartnerFundAllocation,true,0R8,Partner Fund Allocation,Partner Fund Allocations,true,true,true,false,,,true,false,false,false,,false,false,false,true,,,false,false,true,false,true,,true,true,true,true,true,false,,,true,
PartnerFundAllocationOwnerSharingRule,,,Partner Fund Allocation Owner Rule,Partner Fund Allocation Owner Rule,true,true,true,false,OwnerSharingRule,PartnerFundAllocation,false,false,false,false,,false,false,false,true,,,false,false,false,false,false,,true,true,true,false,,false,,,,
PartnerFundClaim,true,0RB,Partner Fund Claim,Partner Fund Claims,true,true,true,false,,,true,false,false,false,,false,false,false,true,,,false,false,true,false,true,,true,true,true,true,true,false,,,true,
PartnerFundClaimOwnerSharingRule,,,Partner Fund Claim Owner Rule,Partner Fund Claim Owner Rule,true,true,true,false,OwnerSharingRule,PartnerFundClaim,false,false,false,false,,false,false,false,true,,,false,false,false,false,false,,true,true,true,false,,false,,,,
PartnerFundRequest,true,0RJ,Partner Fund Request,Partner Fund Requests,true,true,true,false,,,true,false,false,false,,false,false,false,true,,,false,false,true,false,true,,true,true,true,true,true,false,,,true,
PartnerFundRequestOwnerSharingRule,,,Partner Fund Request Owner Rule,Partner Fund Request Owner Rule,true,true,true,false,OwnerSharingRule,PartnerFundRequest,false,false,false,false,,false,false,false,true,,,false,false,false,false,false,,true,true,true,false,,false,,,,
PartnerMarketingBudget,true,0Cw,Partner Marketing Budget,Partner Marketing Budgets,true,true,true,false,,,true,false,false,false,,false,false,false,true,,,false,false,true,false,true,,true,true,true,true,true,false,,,true,
PartnerMarketingBudgetOwnerSharingRule,,,Partner Marketing Budget Owner Rule,Partner Marketing Budget Owner Rule,true,true,true,false,OwnerSharingRule,PartnerMarketingBudget,false,false,false,false,,false,false,false,true,,,false,false,false,false,false,,true,true,true,false,,false,,,,
PartnerRole,true,,Partner Role Value,Partner Role Value,false,false,false,false,,,false,false,false,false,,false,false,false,true,,,false,false,false,false,false,,true,false,true,false,,false,,,,
PartyConsent,true,0g8,Party Consent,Party Consents,true,true,true,false,,,true,false,false,false,,false,false,false,true,,,false,false,true,false,true,,true,true,true,true,true,true,,,true,
PartyConsentOwnerSharingRule,,,Party Consent Owner Rule,Party Consent Owner Rule,true,true,true,false,OwnerSharingRule,PartyConsent,false,false,false,false,,false,false,false,true,,,false,false,false,false,false,,true,true,true,false,,false,,,,
PartyCreditProfile,true,171,Party Credit Profile,Party Credit Profiles,true,true,true,false,,,true,false,false,false,,false,false,false,true,,,false,false,true,false,true,,true,true,true,false,true,true,,,,
PartyCreditProfileOwnerSharingRule,,,Party Credit Profile Owner Rule,Party Credit Profile Owner Rule,true,true,true,false,OwnerSharingRule,PartyCreditProfile,false,false,false,false,,false,false,false,true,,,false,false,false,false,false,,true,true,true,false,,false,,,,
PartyExpense,true,139,Party Expense,Party Expenses,true,true,true,false,,,true,false,false,false,,false,false,false,true,,,false,false,true,false,true,,true,true,true,true,true,true,,,true,
PartyExpenseOwnerSharingRule,,,Party Expense Owner Rule,Party Expense Owner Rule,true,true,true,false,OwnerSharingRule,PartyExpense,false,false,false,false,,false,false,false,true,,,false,false,false,false,false,,true,true,true,false,,false,,,,
PartyFinancialAsset,true,12M,Party Financial Asset,Party Financial Assets,true,true,true,false,,,true,false,false,false,,false,false,false,true,,,false,false,true,false,true,,true,true,true,true,true,true,,,true,
PartyFinancialAssetLien,true,1AC,Party Financial Asset Lien,Party Financial Asset Liens,true,true,true,false,,,true,false,false,false,,false,false,false,true,,,false,false,true,false,true,,true,true,true,true,true,true,,,true,
PartyFinancialAssetOwnerSharingRule,,,Party Financial Asset Owner Rule,Party Financial Asset Owner Rule,true,true,true,false,OwnerSharingRule,PartyFinancialAsset,false,false,false,false,,false,false,false,true,,,false,false,false,false,false,,true,true,true,false,,false,,,,
PartyFinancialLiability,true,170,Party Financial Liability,Party Financial Liabilities,true,true,true,false,,,true,false,false,false,,false,false,false,true,,,false,false,true,false,true,,true,true,true,true,true,true,,,true,
PartyFinancialLiabilityOwnerSharingRule,,,Party Financial Liability Owner Rule,Party Financial Liability Owner Rule,true,true,true,false,OwnerSharingRule,PartyFinancialLiability,false,false,false,false,,false,false,false,true,,,false,false,false,false,false,,true,true,true,false,,false,,,,
PartyFinclAssetAddlOwner,true,15y,Party Financial Asset Additional Owner,Party Financial Asset Additional Owners,false,false,false,false,,,true,false,false,false,,false,false,false,true,,,false,false,true,false,true,,true,true,true,true,true,false,,,true,
PartyFinclLiabAddlBrwr,true,17O,Party Fincl Liability Addl Borrower,Party Fincl Liability Addl Borrowers,false,false,false,false,,,true,false,false,false,,false,false,false,true,,,false,false,true,false,true,,true,true,true,true,true,false,,,true,
PartyIncome,true,2m3,Party Income,Party Incomes,true,true,true,false,,,true,false,false,false,,false,false,false,true,,,false,false,true,false,true,,true,true,true,true,true,true,,,true,
PartyIncomeOwnerSharingRule,,,Party Income Owner Rule,Party Income Owner Rule,true,true,true,false,OwnerSharingRule,PartyIncome,false,false,false,false,,false,false,false,true,,,false,false,false,false,false,,true,true,true,false,,false,,,,
PartyProfile,true,0xU,Party Profile,Party Profiles,true,true,true,false,,,true,false,false,false,,false,false,false,true,,,false,false,true,false,true,,true,true,true,true,true,true,,,true,
PartyProfileOwnerSharingRule,,,Party Profile Owner Rule,Party Profile Owner Rule,true,true,true,false,OwnerSharingRule,PartyProfile,false,false,false,false,,false,false,false,true,,,false,false,false,false,false,,true,true,true,false,,false,,,,
PartyRoleRelation,true,0zl,Party Role Relationship,Party Role Relationships,false,false,false,false,,,true,false,false,false,,false,false,false,true,,,false,false,true,false,true,,true,true,true,true,true,false,,,true,
PartyRoleRelationOwnerSharingRule,,,Party Role Relationship Owner Rule,Party Role Relationship Owner Rule,true,true,true,false,OwnerSharingRule,PartyRoleRelation,false,false,false,false,,false,false,false,true,,,false,false,false,false,false,,true,true,true,false,,false,,,,
PatientApiRecordLock,true,,,,,,,,,,,,,,,,,,,,,,,,,,,,,,,,,,,,
PatientHealthReaction,true,0j1,Patient Health Reaction,Patient Health Reactions,false,false,false,false,,,true,false,false,false,,false,false,false,true,,,false,false,true,false,true,,true,true,true,true,true,false,,,true,
PatientImmunization,true,0jK,Patient Immunization,Patient Immunizations,false,false,false,false,,,true,false,false,false,,false,false,false,true,,,false,false,true,false,true,,true,true,true,true,true,false,,,true,
PatientImmunizationOwnerSharingRule,,,Patient Immunization Owner Rule,Patient Immunization Owner Rule,true,true,true,false,OwnerSharingRule,PatientImmunization,false,false,false,false,,false,false,false,true,,,false,false,false,false,false,,true,true,true,false,,false,,,,
PatientImmunizationProtocol,true,0xB,Patient Immunization Protocol,Patient Immunization Protocols,true,true,true,false,,,true,false,false,false,,false,false,false,true,,,false,false,true,false,true,,true,true,true,true,true,true,,,true,
PatientImmunizationProtocolOwnerSharingRule,,,Patient Immunization Protocol Owner Rule,Patient Immunization Protocol Owner Rule,true,true,true,false,OwnerSharingRule,PatientImmunizationProtocol,false,false,false,false,,false,false,false,true,,,false,false,false,false,false,,true,true,true,false,,false,,,,
PatientMedicalProcedure,true,0jQ,Patient Medical Procedure,Patient Medical Procedures,false,false,false,false,,,true,false,false,false,,false,false,false,true,,,false,false,true,false,true,,true,true,true,true,true,false,,,true,
PatientMedicalProcedureDetail,true,0kC,Patient Medical Procedure Detail,Patient Medical Procedure Details,false,false,false,false,,,true,false,false,false,,false,false,false,true,,,false,false,true,false,true,,true,true,true,true,true,false,,,true,
PatientMedicalProcedureOwnerSharingRule,,,Patient Medical Procedure Owner Rule,Patient Medical Procedure Owner Rule,true,true,true,false,OwnerSharingRule,PatientMedicalProcedure,false,false,false,false,,false,false,false,true,,,false,false,false,false,false,,true,true,true,false,,false,,,,
PatientMedicationDosage,true,0j3,Patient Medication Dosage,Patient Medication Dosages,false,false,false,false,,,true,false,false,false,,false,false,false,true,,,false,false,true,false,true,,true,true,true,true,true,false,,,true,
Payment,true,0aQ,Payment,Payments,true,true,true,false,,,true,false,false,false,,false,false,false,true,,,false,false,true,false,true,,true,true,true,false,,true,,,,
PaymentAuthAdjustment,true,9tv,Payment Authorization Adjustment,Payment Authorization Adjustments,true,true,true,false,,,true,false,false,false,,false,false,false,true,,,false,false,true,false,true,,true,true,true,false,,true,,,,
PaymentAuthorization,true,0Xc,Payment Authorization,Payment Authorizations,true,true,true,false,,,true,false,false,false,,false,false,false,true,,,false,false,true,false,true,,true,true,true,false,,true,,,,
PaymentGateway,true,0b0,Payment Gateway,Payment Gateways,true,true,true,false,,,true,false,false,false,,false,false,false,true,,,false,false,true,false,true,,true,true,true,false,,true,,,,
PaymentGatewayLog,,0Xt,Payment Gateway Log,Payment Gateway Logs,true,true,true,false,,,true,false,false,false,,false,false,false,true,,,false,false,true,false,true,,true,true,true,false,,true,,,,
PaymentGatewayProvider,,0cJ,Payment Gateway Provider,Payment Gateway Providers,true,true,true,false,,,true,false,false,false,,false,false,false,true,,,false,false,true,false,true,,true,false,true,true,,false,,,,
PaymentGroup,true,9zx,Payment Group,Payment Groups,true,true,true,false,,,true,false,false,false,,false,false,false,true,,,false,false,true,false,false,,true,true,true,false,,true,,,,
PaymentInitiationSource,true,1KC,Payment Initiation Source,Payment Initiation Source,false,true,false,false,,,true,false,false,false,,false,false,false,true,,,false,false,true,false,true,,true,true,true,false,,false,,,,
PaymentIntent,true,0wp,Payment Intent,Payment Intents,false,true,false,false,,,true,false,false,false,,false,false,false,true,,,false,false,true,false,true,,true,true,true,false,,false,,,,
PaymentIntentEvent,,12i,Payment Intent Event,Payment Intent Events,false,false,false,false,,,false,false,false,false,,false,false,false,false,,,false,false,false,false,false,,false,false,false,false,true,false,,,,
PaymentLineInvoice,true,1PL,Payment Line Invoice,Payment Line Invoices,true,true,false,false,,,true,false,false,false,,false,false,false,true,,,false,false,true,false,true,,true,true,true,false,,false,,,,
PaymentLink,true,12f,Payment Link,Payment Links,true,true,true,false,,,true,false,false,false,,false,false,false,true,,,false,false,true,false,true,,true,true,true,true,true,true,,,true,
PaymentLinkEvent,,13E,Payment Link Event,Payment Link Events,false,false,false,false,,,false,false,false,false,,false,false,false,false,,,false,false,false,false,false,,false,false,false,false,true,false,,,,
PaymentLinkOwnerSharingRule,,,Payment Link Owner Rule,Payment Link Owner Rule,true,true,true,false,OwnerSharingRule,PaymentLink,false,false,false,false,,false,false,false,true,,,false,false,false,false,false,,true,true,true,false,,false,,,,
PaymentMandate,true,153,Payment Mandate,Payment Mandates,false,false,false,false,,,true,false,false,false,,false,false,false,true,,,false,false,true,false,true,,true,true,true,true,true,false,,,true,
PaymentMandateOwnerSharingRule,,,Payment Mandate Owner Rule,Payment Mandate Owner Rule,true,true,true,false,OwnerSharingRule,PaymentMandate,false,false,false,false,,false,false,false,true,,,false,false,false,false,false,,true,true,true,false,,false,,,,
PaymentMethod,true,0aa,Payment Method,Payment Methods,false,false,false,false,,,false,false,false,false,,false,false,false,true,AlternativePaymentMethod,CardPaymentMethod,DigitalWallet,,true,false,true,false,false,,true,false,true,false,,false,,,,
PaymentRequest,true,0t7,Payment Request,Payment Requests,true,true,true,false,,,true,false,false,false,,false,false,false,true,,,false,false,true,false,true,,true,true,true,true,true,true,,,true,
PaymentRequestLine,true,0t8,Payment Request Line,Payment Request Lines,true,true,true,false,,,true,false,false,false,,false,false,false,true,,,false,false,true,false,true,,true,true,true,true,true,true,,,true,
PaymentRequestOwnerSharingRule,,,Payment Request Owner Rule,Payment Request Owner Rule,true,true,true,false,OwnerSharingRule,PaymentRequest,false,false,false,false,,false,false,false,true,,,false,false,false,false,false,,true,true,true,false,,false,,,,
PcmtEmssnFctrSet,true,0pT,Procurement Emissions Factor Set,Procurement Emissions Factor Sets,false,false,false,false,,,true,false,false,false,,false,false,false,true,,,false,false,true,false,true,,true,true,true,true,true,false,,,true,
PcmtEmssnFctrSetItem,true,0pU,Procurement Emissions Factor Set Item,Procurement Emissions Factor Set Items,false,false,false,false,,,true,false,false,false,,false,false,false,true,,,false,false,true,false,true,,true,true,true,true,true,false,,,true,
PcmtEmssnFctrSetOwnerSharingRule,,,Procurement Emissions Factor Set Owner Rule,Procurement Emissions Factor Set Owner Rule,true,true,true,false,OwnerSharingRule,PcmtEmssnFctrSet,false,false,false,false,,false,false,false,true,,,false,false,false,false,false,,true,true,true,false,,false,,,,
PdfGenerationReadyEvent,,5Ch,PDF Generation Ready Event,PDF Generation Ready Events,false,false,false,false,,,false,false,false,false,,false,false,false,false,,,false,false,false,false,false,,false,false,false,false,true,false,,,,
PdfGenerationRequestEvent,,9By,PDF Generation Request Event,PDF Generation Request Events,false,false,false,false,,,false,false,false,false,,false,false,false,false,,,false,false,false,false,false,,false,false,false,false,true,false,,,,
PendingOrderSummary,,29s,Pending Order Summary,Pending Order Summaries,false,false,false,false,,,true,false,false,false,,false,false,false,true,,,false,false,true,false,false,,true,false,true,false,,false,,,,
PendingOrdSumProcEvent,,0rL,Pending Order Summary Processed Event,Pending Order Summary Processed Events,false,false,false,false,,,false,false,false,false,,false,false,false,false,,,false,false,false,false,false,,false,false,false,false,true,false,,,,
PendingServiceRouting,true,0JR,Pending Service Routing,Pending Service Routings,true,true,true,false,,,false,false,false,false,,false,false,false,true,,,false,false,false,false,false,,true,true,true,false,true,true,,,,
PendingServiceRoutingInteractionInfo,,0oq,Pending Service Routing Interaction Information,Pending Service Routing Interaction Information,false,false,false,false,,,false,false,false,false,,false,false,false,true,,,false,false,false,false,false,,true,true,true,false,,false,,,,
PendingServiceRoutingOwnerSharingRule,,,Pending Service Routing Owner Rule,Pending Service Routing Owner Rule,true,true,true,false,OwnerSharingRule,PendingServiceRouting,false,false,false,false,,false,false,false,true,,,false,false,false,false,false,,true,true,true,false,,false,,,,
PercentileBsdCareFeeAgreement,true,0tX,Percentile Based Care Fee Agreement,Percentile Based Care Fee Agreement,true,true,true,false,,,true,false,false,false,,false,false,false,true,,,false,false,true,false,true,,true,true,true,true,true,true,,,true,
Period,,026,Period,Period,false,false,false,false,,,false,false,false,false,,false,false,false,true,,,false,false,false,false,false,,true,true,true,false,,false,,,,
PermissionSet,,0PS,Permission Set,Permission Sets,true,true,true,false,,,false,false,false,false,,false,false,false,true,,,false,false,false,false,true,,true,false,true,true,,false,,,,
PermissionSetAssignment,,0Pa,Permission Set Assignment,Permission Set Assignments,true,true,true,false,,,false,false,false,false,,false,false,false,true,,,false,false,false,false,false,,true,false,true,false,,false,,,,
PermissionSetEvent,,0f3,Permission Set Event,Permission Set Events,false,false,false,false,,,false,false,false,false,,false,false,false,false,,,false,false,false,false,false,,false,false,false,false,,false,,,,
PermissionSetEventStore,,0f9,Permission Set Event Store ,Permission Set Event Stores,false,false,false,false,,,false,false,false,false,,false,false,false,false,,,false,false,false,false,false,,true,false,false,false,,false,,,,
PermissionSetGroup,,0PG,Permission Set Group,Permission Set Groups,true,true,true,false,,,false,false,false,false,,false,false,false,true,,,false,false,false,false,true,,true,false,true,false,,false,,,,
PermissionSetGroupComponent,,0PM,Permission Set Group Component,Permission Set Group Components,true,false,true,false,,,false,false,false,false,,false,false,false,true,,,false,false,false,false,false,,true,false,true,false,,false,,,,
PermissionSetLicense,,0PL,Permission Set License,Permission Set Licenses,false,false,false,false,,,true,false,false,false,,false,false,false,true,,,false,false,true,false,false,,true,false,true,false,,false,,,,
PermissionSetLicenseAssign,,2LA,Permission Set License Assignment,Permission Set License Assignments,true,true,true,false,,,false,false,false,false,,false,false,false,true,,,false,false,false,false,false,,true,false,true,false,,false,,,,
PermissionSetTabSetting,,01P,Permission Set Tab Setting,Permission Set Tab Setting,true,true,true,false,,,false,false,false,false,,false,false,false,true,,,false,false,false,false,false,,true,false,true,false,,false,,,,
PersonAccount,true,,,,,,,,,,,,,,,,,,,,,,,,,,,,,,,,,,,,
PersonAccountOwnerPowerUser,,1SW,Person Account Owner Power User,Person Account Owner Power Users,true,true,true,false,,,false,false,false,false,,false,false,false,true,,,false,false,false,false,false,,true,false,true,false,,false,,,,
PersonalizationDecision,,9pb,Personalization Decision,Personalization Decisions,false,false,false,false,,,true,false,false,false,,false,false,false,true,,,false,false,true,false,false,,true,true,true,false,true,false,,,,
PersonalizationObjective,,4FY,Personalization Objective,Personalization Objectives,false,false,false,false,,,true,false,false,false,,false,false,false,true,,,false,false,true,false,true,,true,true,true,false,true,false,,,,
PersonalizationPoint,,9pp,Personalization Point,Personalization Points,false,false,false,false,,,true,false,false,false,,false,false,false,true,,,false,false,true,false,true,,true,true,true,false,true,false,,,,
PersonalizationRecommender,true,0he,Recommender,Recommenders,false,false,false,false,,,true,false,false,false,,false,false,false,true,,,false,false,true,false,true,,true,true,true,false,,false,,,,
PersonalizationSchema,,9ps,Response Template,Response Templates,false,false,false,false,,,true,false,false,false,,false,false,false,true,,,false,false,true,false,true,,true,true,true,false,true,false,,,,
PersonalizationTargetInfo,,6At,Personalization Target Info,Personalization Target Info,false,false,false,false,,,false,false,false,false,,false,false,false,true,,,false,false,false,false,false,,true,false,true,false,,false,,,,
PersonEducation,true,0Sr,Person Education,Person Educations,true,true,true,false,,,true,false,false,false,,false,false,false,true,,,false,false,true,false,true,,true,true,true,true,true,true,,,true,
PersonEducationOwnerSharingRule,,,Person Education Owner Rule,Person Education Owner Rule,true,true,true,false,OwnerSharingRule,PersonEducation,false,false,false,false,,false,false,false,true,,,false,false,false,false,false,,true,true,true,false,,false,,,,
PersonEmployment,true,0St,Person Employment,Person Employments,true,true,true,false,,,true,false,false,false,,false,false,false,true,,,false,false,true,false,true,,true,true,true,true,true,true,,,true,
PersonEmploymentOwnerSharingRule,,,Person Employment Owner Rule,Person Employment Owner Rule,true,true,true,false,OwnerSharingRule,PersonEmployment,false,false,false,false,,false,false,false,true,,,false,false,false,false,false,,true,true,true,false,,false,,,,
PersonLanguage,true,0iS,Person Language,Person Languages,false,false,false,false,,,true,false,false,false,,false,false,false,true,,,false,false,true,false,true,,true,true,true,true,true,false,,,true,
PersonLanguageOwnerSharingRule,,,Person Language Owner Rule,Person Language Owner Rule,true,true,true,false,OwnerSharingRule,PersonLanguage,false,false,false,false,,false,false,false,true,,,false,false,false,false,false,,true,true,true,false,,false,,,,
PersonLifeEvent,true,0Yr,Person Life Event,Person Life Events,true,true,true,false,,,true,false,false,false,,false,false,false,true,,,false,false,true,false,true,,true,true,true,true,true,true,,,true,
PersonLifeEventOwnerSharingRule,,,Person Life Event Owner Rule,Person Life Event Owner Rule,true,true,true,false,OwnerSharingRule,PersonLifeEvent,false,false,false,false,,false,false,false,true,,,false,false,false,false,false,,true,true,true,false,,false,,,,
PersonName,true,0i3,Person Name,Person Names,false,false,false,false,,,true,false,false,false,,false,false,false,true,,,false,false,true,false,true,,true,true,true,true,true,false,,,true,
PersonNameOwnerSharingRule,,,Person Name Owner Rule,Person Name Owner Rule,true,true,true,false,OwnerSharingRule,PersonName,false,false,false,false,,false,false,false,true,,,false,false,false,false,false,,true,true,true,false,,false,,,,
PersonTraining,true,0hR,Person Training,Person Trainings,true,true,true,false,,,true,false,false,false,,false,false,false,true,,,false,false,true,false,false,,true,true,true,false,,true,,,,
PersonTrainingOwnerSharingRule,,,Person Training Owner Rule,Person Training Owner Rule,true,true,true,false,OwnerSharingRule,PersonTraining,false,false,false,false,,false,false,false,true,,,false,false,false,false,false,,true,true,true,false,,false,,,,
PgmBasedHlthRskAdjFctr,true,1Cn,Program Based Risk Health Adjustment Factor,Program Based Risk Health Adjustment Factors,false,false,false,false,,,true,false,false,false,,false,false,false,true,,,false,false,true,false,true,,true,true,true,true,true,false,,,true,
PgmBasedHlthRskAdjFctrOwnerSharingRule,,,Program Based Risk Health Adjustment Factor Owner Rule,Program Based Risk Health Adjustment Factor Owner Rule,true,true,true,false,OwnerSharingRule,PgmBasedHlthRskAdjFctr,false,false,false,false,,false,false,false,true,,,false,false,false,false,false,,true,true,true,false,,false,,,,
PgmRebateTypBnftMapping,true,0iM,Program Rebate Type Benefit Mapping,Program Rebate Type Benefit Mappings,true,true,true,false,,,true,false,false,false,,false,false,false,true,,,false,false,true,false,true,,true,true,true,true,true,true,,,true,
pi__AsyncRequest__c,true,a6s,AsyncRequest,AsyncRequests,true,true,true,false,,,true,true,false,false,,false,false,false,true,,,false,false,true,false,false,,true,true,true,true,true,true,,,true,
pi__AsyncRequest__OwnerSharingRule,,,Owner Rule: AsyncRequest,Owner Rule: AsyncRequest,true,true,true,false,OwnerSharingRule,pi__AsyncRequest__c,false,false,false,false,,false,false,false,true,,,false,false,false,false,false,,true,true,true,false,,false,,,,
pi__AsyncRequest_Settings__c,true,a6r,Public Setting for AsyncRequests,Public Setting for AsyncRequests,true,true,true,false,,,false,true,true,false,,false,false,false,true,,,false,false,true,false,false,,true,true,true,true,,true,,,true,
pi__AsyncRequest_Settings__OwnerSharingRule,,,Owner Rule: Public Setting for AsyncRequests,Owner Rule: Public Setting for AsyncRequests,true,true,true,false,OwnerSharingRule,pi__AsyncRequest_Settings__c,false,false,false,false,,false,false,false,true,,,false,false,false,false,false,,true,true,true,false,,false,,,,
pi__Category_Contact_Score__c,true,a6t,Pardot Category Score (Contact),Pardot Category Scores (Contact),true,true,true,false,,,true,true,false,false,,false,false,false,true,,,false,false,true,false,false,,true,true,true,true,true,true,,,true,
pi__Category_Lead_Score__c,true,a6u,Pardot Category Score (Lead),Pardot Category Scores (Lead),true,true,true,false,,,true,true,false,false,,false,false,false,true,,,false,false,true,false,false,,true,true,true,true,true,true,,,true,
pi__Demo_Settings__c,true,a6w,Demo Settings,Demo Settings,true,true,true,false,,,false,true,true,false,,false,false,false,true,,,false,false,true,false,false,,true,true,true,true,,true,,,true,
pi__Demo_Settings__OwnerSharingRule,,,Owner Rule: Demo Settings,Owner Rule: Demo Settings,true,true,true,false,OwnerSharingRule,pi__Demo_Settings__c,false,false,false,false,,false,false,false,true,,,false,false,false,false,false,,true,true,true,false,,false,,,,
pi__EngageCampaignRecipient__c,true,a6x,Engage Campaign Recipient,Engage Campaign Recipients,true,true,true,false,,,true,true,false,false,,false,false,false,true,,,false,false,true,false,false,,true,true,true,true,true,true,,,true,
pi__EngageCampaignRecipient__OwnerSharingRule,,,Owner Rule: Engage Campaign Recipient,Owner Rule: Engage Campaign Recipient,true,true,true,false,OwnerSharingRule,pi__EngageCampaignRecipient__c,false,false,false,false,,false,false,false,true,,,false,false,false,false,false,,true,true,true,false,,false,,,,
pi__LDFilter__c,true,a6z,Lead Deck Filter,Lead Deck Filters,true,true,true,false,,,true,true,false,false,,false,false,false,true,,,false,false,true,false,false,,true,true,true,true,true,true,,,true,
pi__LDFilter__OwnerSharingRule,,,Owner Rule: Lead Deck Filter,Owner Rule: Lead Deck Filter,true,true,true,false,OwnerSharingRule,pi__LDFilter__c,false,false,false,false,,false,false,false,true,,,false,false,false,false,false,,true,true,true,false,,false,,,,
pi__ObjectChangeLog__c,true,a70,ObjectChangeLog,ObjectChangeLogs,true,true,true,false,,,true,true,false,false,,false,false,false,true,,,false,false,true,false,false,,true,true,true,true,true,true,,,true,
pi__ObjectChangeLog__OwnerSharingRule,,,Owner Rule: ObjectChangeLog,Owner Rule: ObjectChangeLog,true,true,true,false,OwnerSharingRule,pi__ObjectChangeLog__c,false,false,false,false,,false,false,false,true,,,false,false,false,false,false,,true,true,true,false,,false,,,,
pi__Pardot_Scoring_Category__c,true,a75,Pardot Scoring Category,Pardot Scoring Categories,true,true,true,false,,,true,true,false,false,,false,false,false,true,,,false,false,true,false,false,,true,true,true,true,true,true,,,true,
pi__Pardot_Scoring_Category__OwnerSharingRule,,,Owner Rule: Pardot Scoring Category,Owner Rule: Pardot Scoring Category,true,true,true,false,OwnerSharingRule,pi__Pardot_Scoring_Category__c,false,false,false,false,,false,false,false,true,,,false,false,false,false,false,,true,true,true,false,,false,,,,
pi__PardotTask__c,true,a71,Pardot Task,Pardot Tasks,true,true,true,false,,,true,true,false,false,,false,false,false,true,,,false,false,true,false,false,,true,true,true,true,true,true,,,true,
pi__PardotTask__OwnerSharingRule,,,Owner Rule: Pardot Task,Owner Rule: Pardot Task,true,true,true,false,OwnerSharingRule,pi__PardotTask__c,false,false,false,false,,false,false,false,true,,,false,false,false,false,false,,true,true,true,false,,false,,,,
pi__Partner_Settings__c,true,a76,Partner Settings,Partner Settings,true,true,true,false,,,false,true,true,false,,false,false,false,true,,,false,false,true,false,false,,true,true,true,true,,true,,,true,
pi__Partner_Settings__OwnerSharingRule,,,Owner Rule: Partner Settings,Owner Rule: Partner Settings,true,true,true,false,OwnerSharingRule,pi__Partner_Settings__c,false,false,false,false,,false,false,false,true,,,false,false,false,false,false,,true,true,true,false,,false,,,,
pi__Trigger_Settings__c,true,a78,Public Setting for LogObjectTrigger,Public Setting for LogObjectTrigger,true,true,true,false,,,false,true,true,false,,false,false,false,true,,,false,false,true,false,false,,true,true,true,true,,true,,,true,
pi__Trigger_Settings__OwnerSharingRule,,,Owner Rule: Public Setting for LogObjectTrigger,Owner Rule: Public Setting for LogObjectTrigger,true,true,true,false,OwnerSharingRule,pi__Trigger_Settings__c,false,false,false,false,,false,false,false,true,,,false,false,false,false,false,,true,true,true,false,,false,,,,
PicklistValueInfo,,4pv,Picklist Value Info,Picklist Value Info,false,false,false,false,,,false,false,false,false,,false,false,false,false,,,false,false,false,false,false,,true,false,false,false,,false,,,,
PickTicket,true,0zP,Pick Ticket,Pick Tickets,true,true,true,false,,,true,false,false,false,,false,false,false,true,,,false,false,true,false,true,,true,true,true,true,true,true,,,true,
PickTicketAssignment,true,0zN,Pick Ticket Assignment,Pick Ticket Assignments,true,true,true,false,,,true,false,false,false,,false,false,false,true,,,false,false,true,false,false,,true,true,true,false,true,true,,,,
PickTicketOwnerSharingRule,,,Pick Ticket Owner Rule,Pick Ticket Owner Rule,true,true,true,false,OwnerSharingRule,PickTicket,false,false,false,false,,false,false,false,true,,,false,false,false,false,false,,true,true,true,false,,false,,,,
PickTicketProduct,true,0zW,Pick Ticket Product,Pick Ticket Products,true,true,true,false,,,true,false,false,false,,false,false,false,true,,,false,false,true,false,false,,true,true,true,false,true,true,,,,
PipelineInspectionListView,,4c2,Pipeline Inspection List View,Pipeline Inspection List Views,true,true,false,false,,,false,false,false,false,,false,false,false,true,,,false,false,false,false,false,,true,false,true,false,,false,,,,
PipelineInspectionSumField,,9xz,Pipeline Inspection Summary Field,Pipeline Inspection Summary Fields,true,true,true,false,,,false,false,false,false,,false,false,false,true,,,false,false,false,false,false,,true,false,true,false,,false,,,,
PipelineInspMetricConfig,,7FT,Pipeline Inspection Metric Configuration,Pipeline Inspection Metric Configurations,true,true,true,false,,,false,false,false,false,,false,false,false,true,,,false,false,false,false,false,,true,false,true,false,,false,,,,
PipelineInspMetricConfigLocalization,,,Translation,Translation,true,true,true,false,Localization,PipelineInspMetricConfig,false,false,false,false,,false,false,false,true,,,false,false,false,false,false,,true,true,true,false,,false,,,,
PlanBenefit,true,0TM,Plan Benefit,Plan Benefits,false,false,false,false,,,true,false,false,false,,false,false,false,true,,,false,false,true,false,true,,true,true,true,true,true,false,,,true,
PlanBenefitItem,true,0Sg,Plan Benefit Item,Plan Benefit Items,false,false,false,false,,,true,false,false,false,,false,false,false,true,,,false,false,true,false,true,,true,true,true,true,true,false,,,true,
PlanBenefitItemOwnerSharingRule,,,Plan Benefit Item Owner Rule,Plan Benefit Item Owner Rule,true,true,true,false,OwnerSharingRule,PlanBenefitItem,false,false,false,false,,false,false,false,true,,,false,false,false,false,false,,true,true,true,false,,false,,,,
PlanBenefitOwnerSharingRule,,,Plan Benefit Owner Rule,Plan Benefit Owner Rule,true,true,true,false,OwnerSharingRule,PlanBenefit,false,false,false,false,,false,false,false,true,,,false,false,false,false,false,,true,true,true,false,,false,,,,
PlatformAction,,0JV,Platform Action,Platform Actions,false,false,false,false,,,false,false,false,false,,false,false,false,true,,,false,false,false,false,false,,true,false,false,false,,false,,,,
PlatformCachePartition,,0Er,Platform Cache Partition,Platform Cache Partitions,true,true,true,false,,,false,false,false,false,,false,false,false,true,,,false,false,false,false,false,,true,false,true,false,,false,,,,
PlatformCachePartitionType,,0Ev,Platform Cache Partition Type,Platform Cache Partition Types,true,true,true,false,,,false,false,false,false,,false,false,false,true,,,false,false,false,false,false,,true,false,true,false,,false,,,,
PlatformEventUsageMetric,,8Kk,Platform Event Usage Metric,Platform Event Usage Metrics,false,false,false,false,,,false,false,false,false,,false,false,false,false,,,false,false,false,false,false,,true,false,false,false,,false,,,,
PlatformStatusAlertEvent,,0V2,Platform Status Alert Event,Platform Status Alert Events,false,false,false,false,,,false,false,false,false,,false,false,false,false,,,false,false,false,false,false,,false,false,false,false,true,false,,,,
PortalDelegablePermissionSet,,0cW,Portal Delegable Permission Set,Portal Delegable Permission Sets,true,true,true,false,,,false,false,false,false,,false,false,false,true,,,false,false,false,false,false,,true,false,true,false,,false,,,,
PresenceConfigDeclineReason,,0KP,Presence Configuration Decline Reason,Presence Configuration Decline Reasons,true,true,true,false,,,false,false,false,false,,false,false,false,true,,,false,false,false,false,false,,true,false,true,false,,false,,,,
PresenceDeclineReason,,0KR,Presence Decline Reason,Presence Decline Reasons,true,true,true,false,,,false,false,false,false,,false,false,false,true,,,false,false,false,false,false,,true,false,true,false,,false,,,,
PresenceUserConfig,,0Nd,Presence Configuration,Presence Configurations,true,true,true,false,,,false,false,false,false,,false,false,false,true,,,false,false,false,false,false,,true,false,true,false,,false,,,,
PresenceUserConfigProfile,,0Nf,Presence Configuration for Profile,Presence Configurations for Profiles,true,true,true,false,,,false,false,false,false,,false,false,false,true,,,false,false,false,false,false,,true,false,true,false,,false,,,,
PresenceUserConfigUser,,0Ne,Presence Configuration for User,Presence Configurations for Users,true,true,true,false,,,false,false,false,false,,false,false,false,true,,,false,false,false,false,false,,true,false,true,false,,false,,,,
PreventiveCareAgreement,true,0s4,Preventive Care Agreement,Preventive Care Agreements,true,true,true,false,,,true,false,false,false,,false,false,false,true,,,false,false,true,false,true,,true,true,true,true,true,true,,,true,
PriceAdjustmentSchedule,true,84X,Price Adjustment Schedule,Price Adjustment Schedules,true,true,true,false,,,true,false,false,false,,false,false,false,true,,,false,false,true,false,true,,true,true,true,true,true,true,,,true,
PriceAdjustmentScheduleOwnerSharingRule,,,Price Adjustment Schedule Owner Rule,Price Adjustment Schedule Owner Rule,true,true,true,false,OwnerSharingRule,PriceAdjustmentSchedule,false,false,false,false,,false,false,false,true,,,false,false,false,false,false,,true,true,true,false,,false,,,,
PriceAdjustmentTier,true,84Y,Price Adjustment Tier,Price Adjustment Tiers,true,true,true,false,,,true,false,false,false,,false,false,false,true,,,false,false,true,false,true,,true,true,true,true,true,true,,,true,
Pricebook2,true,01s,Price Book,Price Books,true,true,true,false,,,true,false,false,false,,false,false,false,true,,,false,false,true,false,true,,true,true,true,true,true,true,,,true,
PricebookEntry,true,01u,Price Book Entry,Price Book Entries,true,true,true,false,,,true,false,false,false,,false,false,false,true,,,false,false,true,false,true,,true,true,true,false,,false,,,,
PricebookEntryAdjustment,,84Z,Price Book Entry Adjustment,Price Book Entry Adjustments,true,true,true,false,,,false,false,false,false,,false,false,false,true,,,false,false,false,false,false,,true,true,true,false,,true,,,,
PrivacyHold,true,8PS,Privacy Hold,Privacy Holds,true,true,true,false,,,true,false,false,false,,false,false,false,true,,,false,false,true,false,true,,true,true,true,true,true,true,,,true,
PrivacyHoldOwnerSharingRule,,,Privacy Hold Owner Rule,Privacy Hold Owner Rule,true,true,true,false,OwnerSharingRule,PrivacyHold,false,false,false,false,,false,false,false,true,,,false,false,false,false,false,,true,true,true,false,,false,,,,
PrivacyHoldReason,true,9r4,Privacy Hold Reason,Privacy Hold Reasons,true,true,true,false,,,true,false,false,false,,false,false,false,true,,,false,false,true,false,true,,true,true,true,true,true,true,,,true,
PrivacyHoldReasonOwnerSharingRule,,,Privacy Hold Reason Owner Rule,Privacy Hold Reason Owner Rule,true,true,true,false,OwnerSharingRule,PrivacyHoldReason,false,false,false,false,,false,false,false,true,,,false,false,false,false,false,,true,true,true,false,,false,,,,
PrivacyJobSession,true,8sp,Privacy Job Session,Privacy Job Session,false,false,false,false,,,true,false,false,false,,false,false,false,true,,,false,false,true,false,false,,true,true,true,false,true,false,,,,
PrivacyJobSessionOwnerSharingRule,,,Privacy Job Session Owner Rule,Privacy Job Session Owner Rule,true,true,true,false,OwnerSharingRule,PrivacyJobSession,false,false,false,false,,false,false,false,true,,,false,false,false,false,false,,true,true,true,false,,false,,,,
PrivacyObjectSession,,8sq,Privacy Object Session,Privacy Object Session,false,false,false,false,,,false,false,false,false,,false,false,false,true,,,false,false,false,false,false,,true,true,true,false,true,false,,,,
PrivacyObjectSessionOwnerSharingRule,,,Privacy Object Session Owner Rule,Privacy Object Session Owner Rule,true,true,true,false,OwnerSharingRule,PrivacyObjectSession,false,false,false,false,,false,false,false,true,,,false,false,false,false,false,,true,true,true,false,,false,,,,
PrivacyPolicy,,8so,Privacy Policy,Privacy Policies,true,true,true,false,,,true,false,false,false,,false,false,false,true,,,false,false,true,false,true,,true,true,true,false,,true,,,,
PrivacyPolicyDefinition,,8sk,Privacy Policy Definition,Privacy Policy Definition,true,true,true,false,,,false,false,false,false,,false,false,false,true,,,false,false,false,false,false,,true,false,true,false,,false,,,,
PrivacyRequest,true,0si,Privacy Request,Privacy Requests,true,true,true,false,,,true,false,false,false,,false,false,false,true,,,false,false,true,false,true,,true,true,true,true,true,true,,,true,
PrivacyRequestOwnerSharingRule,,,Privacy Request Owner Rule,Privacy Request Owner Rule,true,true,true,false,OwnerSharingRule,PrivacyRequest,false,false,false,false,,false,false,false,true,,,false,false,false,false,false,,true,true,true,false,,false,,,,
PrivacyRTBFRequest,true,13q,Privacy RTBF Request,Privacy RTBF Request,true,true,true,false,,,true,false,false,false,,false,false,false,true,,,false,false,true,false,true,,true,true,true,true,true,true,,,true,
PrivacyRTBFRequestOwnerSharingRule,,,Privacy RTBF Request Owner Rule,Privacy RTBF Request Owner Rule,true,true,true,false,OwnerSharingRule,PrivacyRTBFRequest,false,false,false,false,,false,false,false,true,,,false,false,false,false,false,,true,true,true,false,,false,,,,
PrivacySessionRecordFailure,,138,Privacy Session Record Failure,Privacy Session Record Failure,false,false,false,false,,,false,false,false,false,,false,false,false,true,,,false,false,false,false,false,,true,true,true,false,true,false,,,,
PrivacySessionRecordFailureOwnerSharingRule,,,Privacy Session Record Failure Owner Rule,Privacy Session Record Failure Owner Rule,true,true,true,false,OwnerSharingRule,PrivacySessionRecordFailure,false,false,false,false,,false,false,false,true,,,false,false,false,false,false,,true,true,true,false,,false,,,,
Problem,true,0o2,Problem,Problems,true,true,true,false,,,true,false,false,false,,false,true,false,true,,,false,false,true,false,true,,true,true,true,true,true,true,,,true,
ProblemDefinition,true,118,Problem Definition,Problem Definitions,true,true,true,false,,,true,false,false,false,,false,false,false,true,,,false,false,true,false,true,,true,true,true,true,true,true,,,true,
ProblemDefinitionOwnerSharingRule,,,Problem Definition Owner Rule,Problem Definition Owner Rule,true,true,true,false,OwnerSharingRule,ProblemDefinition,false,false,false,false,,false,false,false,true,,,false,false,false,false,false,,true,true,true,false,,false,,,,
ProblemDefRelationship,true,4dr,Problem Definition Relationship,Problem Definition Relationships,true,true,true,false,,,true,false,false,false,,false,false,false,true,,,false,false,true,false,true,,true,true,true,true,true,true,,,true,
ProblemGoalDefinition,true,11S,Problem Goal Definition,Problem Goal Definitions,false,false,false,false,,,true,false,false,false,,false,false,false,true,,,false,false,true,false,true,,true,true,true,true,true,false,,,true,
ProblemGoalDefinitionOwnerSharingRule,,,Problem Goal Definition Owner Rule,Problem Goal Definition Owner Rule,true,true,true,false,OwnerSharingRule,ProblemGoalDefinition,false,false,false,false,,false,false,false,true,,,false,false,false,false,false,,true,true,true,false,,false,,,,
ProblemIncident,true,0oE,Related Problem and Incident,Related Problems and Incidents,true,true,true,false,,,true,false,false,false,,false,false,false,true,,,false,false,true,false,false,,true,true,true,false,true,true,,,,
ProblemOwnerSharingRule,,,Problem Owner Rule,Problem Owner Rule,true,true,true,false,OwnerSharingRule,Problem,false,false,false,false,,false,false,false,true,,,false,false,false,false,false,,true,true,true,false,,false,,,,
ProblemRelatedItem,true,0tB,Problem Related Item,Problem Related Items,true,true,true,false,,,true,false,false,false,,false,false,false,true,,,false,false,true,false,false,,true,true,true,false,true,true,,,,
ProcessDefinition,,04a,Process Definition,Process Definition,false,false,false,false,,,false,false,false,false,,false,false,false,true,,,false,false,false,false,true,,true,false,true,true,,false,,,,
ProcessException,true,2Pe,Process Exception,Process Exceptions,true,true,true,false,,,true,false,false,false,,false,false,false,true,,,false,false,true,false,true,,true,true,true,true,true,true,,,true,
ProcessExceptionEvent,,4v2,Process Exception Event,Process Exception Events,true,false,false,false,,,false,false,false,false,,false,false,false,false,,,false,false,false,false,false,,false,false,false,false,true,false,,,,
ProcessExceptionOwnerSharingRule,,,Process Exception Owner Rule,Process Exception Owner Rule,true,true,true,false,OwnerSharingRule,ProcessException,false,false,false,false,,false,false,false,true,,,false,false,false,false,false,,true,true,true,false,,false,,,,
ProcessFlowMigration,,11Q,Process Flow Migration,Process Flow Migration Objects,false,false,false,false,,,false,false,false,false,,false,false,false,true,,,false,false,false,false,false,,true,false,true,false,,false,,,,
ProcessInstance,,04g,Process Instance,Process Instance,false,false,false,false,,,false,false,false,false,,false,false,false,true,,,false,false,false,false,false,,true,false,true,false,,false,,,,
ProcessInstanceNode,,0OO,Process Instance Node,Process Instance Node,false,false,false,false,,,false,false,false,false,,false,false,false,true,,,false,false,false,false,false,,true,true,true,false,,false,,,,
ProcessInstanceStep,,04h,Process Instance Step,Process Instance Step,false,false,false,false,,,false,false,false,false,,false,false,false,true,,,false,false,false,false,false,,true,false,true,false,,false,,,,
ProcessInstanceWorkitem,,04i,Approval Request,Approval Requests,false,true,true,false,,,false,false,false,false,,false,false,false,true,,,false,false,false,false,false,,true,false,true,false,,false,,,,
ProcessNode,,04b,Process Node,Process Node,false,false,false,false,,,false,false,false,false,,false,false,false,true,,,false,false,false,false,false,,true,false,true,false,,false,,,,
Producer,true,0Yx,Producer,Producers,true,true,true,false,,,true,false,false,false,,false,false,false,true,,,false,false,true,false,true,,true,true,true,true,true,true,,,true,
ProducerCommission,true,0kA,Producer Commission,Producer Commissions,true,true,true,false,,,true,false,false,false,,false,false,false,true,,,false,false,true,false,true,,true,true,true,true,true,true,,,true,
ProducerCommissionOwnerSharingRule,,,Producer Commission Owner Rule,Producer Commission Owner Rule,true,true,true,false,OwnerSharingRule,ProducerCommission,false,false,false,false,,false,false,false,true,,,false,false,false,false,false,,true,true,true,false,,false,,,,
ProducerOwnerSharingRule,,,Producer Owner Rule,Producer Owner Rule,true,true,true,false,OwnerSharingRule,Producer,false,false,false,false,,false,false,false,true,,,false,false,false,false,false,,true,true,true,false,,false,,,,
Product_Inventory__c,true,a6p,Product Inventory,Product Inventories,true,true,true,false,,,true,true,false,false,,false,false,false,true,,,false,false,true,false,false,,true,true,true,false,true,true,,,,
Product_Inventory__OwnerSharingRule,,,Owner Rule: Product Inventory,Owner Rule: Product Inventory,true,true,true,false,OwnerSharingRule,Product_Inventory__c,false,false,false,false,,false,false,false,true,,,false,false,false,false,false,,true,true,true,false,,false,,,,
Product_Video__c,true,a6j,Product Video,Product Videos,true,true,true,false,,,true,true,false,false,,false,false,false,true,,,false,false,true,false,true,,true,true,true,true,true,true,,,true,
Product_Video__OwnerSharingRule,,,Owner Rule: Product Video,Owner Rule: Product Video,true,true,true,false,OwnerSharingRule,Product_Video__c,false,false,false,false,,false,false,false,true,,,false,false,false,false,false,,true,true,true,false,,false,,,,
Product_Video_I18N__c,true,a6i,Product Video I18N,Product Video I18Ns,true,true,true,false,,,true,true,false,false,,false,false,false,true,,,false,false,true,false,true,,true,true,true,true,true,true,,,true,
Product2,true,01t,Product,Products,true,true,true,false,,,true,false,false,false,,false,true,false,true,,,false,false,true,false,true,,true,true,true,true,true,true,,,true,true
Product2DataTranslation,,,Product Translation,Product Translation,true,true,true,false,DataTranslation,Product2,false,false,false,false,,false,false,false,true,,,false,false,false,false,false,,true,true,true,false,,true,,,,
ProductAttribute,true,0iU,Product Attribute,Product Attributes,true,true,true,false,,,true,false,false,false,,false,false,false,true,,,false,false,true,false,false,,true,true,true,false,true,true,,,,
ProductAttributeDefinition,true,0v7,Product Attribute Definition,Product Attribute Definitions,true,true,true,false,,,true,false,false,false,,false,false,false,true,,,false,false,true,false,true,,true,true,true,true,true,true,,,true,
ProductAttributeDefinitionOwnerSharingRule,,,Product Attribute Definition Owner Rule,Product Attribute Definition Owner Rule,true,true,true,false,OwnerSharingRule,ProductAttributeDefinition,false,false,false,false,,false,false,false,true,,,false,false,false,false,false,,true,true,true,false,,false,,,,
ProductAttributeSet,,0iY,Product Attribute Set,Product Attribute Sets,true,true,true,false,,,false,false,false,false,,false,false,false,true,,,false,false,false,false,false,,true,false,true,false,,false,,,,
ProductAttributeSetItem,,0iX,Product Attribute Set Item,Product Attribute Set Items,true,true,true,false,,,false,false,false,false,,false,false,false,true,,,false,false,false,false,false,,true,false,true,false,,false,,,,
ProductAttributeSetProduct,true,0iZ,Product Attribute Set Product,Product Attribute Set Products,true,true,true,false,,,true,false,false,false,,false,false,false,true,,,false,false,true,false,false,,true,true,true,false,true,true,,,,
ProductAvailabilityProjection,true,0fn,Product Availability Projection,Product Availability Projections,false,false,false,false,,,true,false,false,false,,false,false,false,true,,,false,false,true,false,true,,true,true,true,true,true,false,,,true,
ProductAvailabilityProjectionOwnerSharingRule,,,Product Availability Projection Owner Rule,Product Availability Projection Owner Rule,true,true,true,false,OwnerSharingRule,ProductAvailabilityProjection,false,false,false,false,,false,false,false,true,,,false,false,false,false,false,,true,true,true,false,,false,,,,
ProductCatalog,true,0ZS,Catalog,Catalogs,true,true,true,false,,,true,false,false,false,,false,false,false,true,,,false,false,true,false,true,,true,true,true,true,true,true,,,true,
ProductCatalogOwnerSharingRule,,,Catalog Owner Rule,Catalog Owner Rule,true,true,true,false,OwnerSharingRule,ProductCatalog,false,false,false,false,,false,false,false,true,,,false,false,false,false,false,,true,true,true,false,,false,,,,
ProductCategory,true,0ZG,Category,Categories,true,true,true,false,,,true,false,false,false,,false,false,false,true,,,false,false,true,false,true,,true,true,true,true,true,true,,,true,true
ProductCategoryDataTranslation,,,Category Translation,Category Translation,true,true,true,false,DataTranslation,ProductCategory,false,false,false,false,,false,false,false,true,,,false,false,false,false,false,,true,true,true,false,,true,,,,
ProductCategoryDisqual,true,15K,Product Category Disqualification,Product Category Disqualifications,true,true,true,false,,,true,false,false,false,,false,false,false,true,,,false,false,true,false,true,,true,true,true,true,true,true,,,true,
ProductCategoryDisqualOwnerSharingRule,,,Product Category Disqualification Owner Rule,Product Category Disqualification Owner Rule,true,true,true,false,OwnerSharingRule,ProductCategoryDisqual,false,false,false,false,,false,false,false,true,,,false,false,false,false,false,,true,true,true,false,,false,,,,
ProductCategoryMedia,true,0Oq,Category Media,Category Medias,true,true,true,false,,,true,false,false,false,,false,false,false,true,,ElectronicMediaUse,false,false,true,false,false,,true,true,true,false,true,true,,,,
ProductCategoryProduct,true,0ZR,Product Category Product,Product Category Products,true,true,true,false,,,true,false,false,false,,false,false,false,true,,,false,false,true,false,false,,true,true,true,false,true,true,,,,
ProductCategoryQualification,true,15L,Product Category Qualification,Product Category Qualifications,true,true,true,false,,,true,false,false,false,,false,false,false,true,,,false,false,true,false,true,,true,true,true,true,true,true,,,true,
ProductCategoryQualificationOwnerSharingRule,,,Product Category Qualification Owner Rule,Product Category Qualification Owner Rule,true,true,true,false,OwnerSharingRule,ProductCategoryQualification,false,false,false,false,,false,false,false,true,,,false,false,false,false,false,,true,true,true,false,,false,,,,
ProductClassification,true,11B,Product Classification,Product Classifications,true,true,true,false,,,true,false,false,false,,false,false,false,true,,,false,false,true,false,true,,true,true,true,true,true,true,,,true,
ProductClassificationAttr,true,11C,Product Classification Attribute,Product Classification Attributes,true,true,true,false,,,true,false,false,false,,false,false,false,true,,,false,false,true,false,true,,true,true,true,true,true,true,,,true,
ProductClassificationAttrOwnerSharingRule,,,Product Classification Attribute Owner Rule,Product Classification Attribute Owner Rule,true,true,true,false,OwnerSharingRule,ProductClassificationAttr,false,false,false,false,,false,false,false,true,,,false,false,false,false,false,,true,true,true,false,,false,,,,
ProductClassificationOwnerSharingRule,,,Product Classification Owner Rule,Product Classification Owner Rule,true,true,true,false,OwnerSharingRule,ProductClassification,false,false,false,false,,false,false,false,true,,,false,false,false,false,false,,true,true,true,false,,false,,,,
ProductComponentGroup,true,0y7,Product Component Group,Product Component Groups,true,true,true,false,,,true,false,false,false,,false,false,false,true,,,false,false,true,false,true,,true,true,true,true,true,true,,,true,
ProductComponentGroupOwnerSharingRule,,,Product Component Group Owner Rule,Product Component Group Owner Rule,true,true,true,false,OwnerSharingRule,ProductComponentGroup,false,false,false,false,,false,false,false,true,,,false,false,false,false,false,,true,true,true,false,,false,,,,
ProductComponentGrpOverride,true,14Y,Product Component Group Override,Product Component Group Overrides,true,true,true,false,,,true,false,false,false,,false,false,false,true,,,false,false,true,false,true,,true,true,true,false,true,true,,,,
ProductComponentGrpOverrideOwnerSharingRule,,,Product Component Group Override Owner Rule,Product Component Group Override Owner Rule,true,true,true,false,OwnerSharingRule,ProductComponentGrpOverride,false,false,false,false,,false,false,false,true,,,false,false,false,false,false,,true,true,true,false,,false,,,,
ProductConfigFlowAssignment,true,0sw,Product Configuration Flow Assignment,Product Configuration Flow Assignments,true,true,true,false,,,true,false,false,false,,false,false,false,true,,,false,false,true,false,true,,true,true,true,false,true,true,,,,
ProductConfigurationFlow,true,127,Product Configuration Flow,Product Configuration Flows,true,true,true,false,,,true,false,false,false,,false,false,false,true,,,false,false,true,false,true,,true,true,true,true,true,true,,,true,
ProductConfigurationFlowOwnerSharingRule,,,Product Configuration Flow Owner Rule,Product Configuration Flow Owner Rule,true,true,true,false,OwnerSharingRule,ProductConfigurationFlow,false,false,false,false,,false,false,false,true,,,false,false,false,false,false,,true,true,true,false,,false,,,,
ProductConsumed,true,0Gv,Product Consumed,Products Consumed,true,true,true,false,,,true,false,false,false,,false,false,false,true,,,false,false,true,false,true,,true,true,true,true,true,true,,,true,
ProductConsumedState,true,0pY,Product Consumed State,Product Consumed States,true,true,true,false,,,true,false,false,false,,false,false,false,true,,,false,false,true,false,false,,true,true,true,false,true,true,,,,
ProductConsumptionSchedule,true,0Mq,Product Consumption Schedule,Product Consumption Schedules,true,true,true,false,,,true,false,false,false,,false,false,false,true,,,false,false,true,false,false,,true,true,true,false,true,false,,,,
ProductDisqualification,true,13M,Product Disqualification,Product Disqualifications,true,true,true,false,,,true,false,false,false,,false,false,false,true,,,false,false,true,false,true,,true,true,true,true,true,true,,,true,
ProductDisqualificationOwnerSharingRule,,,Product Disqualification Owner Rule,Product Disqualification Owner Rule,true,true,true,false,OwnerSharingRule,ProductDisqualification,false,false,false,false,,false,false,false,true,,,false,false,false,false,false,,true,true,true,false,,false,,,,
ProductEmissionsFactor,true,0vl,Product Emissions Factor,Product Emissions Factors,false,false,false,false,,,true,false,false,false,,false,false,false,true,,,false,false,true,false,true,,true,true,true,true,true,false,,,true,
ProductEmissionsFactorOwnerSharingRule,,,Product Emissions Factor Owner Rule,Product Emissions Factor Owner Rule,true,true,true,false,OwnerSharingRule,ProductEmissionsFactor,false,false,false,false,,false,false,false,true,,,false,false,false,false,false,,true,true,true,false,,false,,,,
ProductEntitlementTemplate,,0E9,Product Entitlement Template,Product Entitlement Template,true,false,true,false,,,false,false,false,false,,false,false,false,true,,,false,false,false,false,false,,true,false,true,false,,false,,,,
ProductFaultCode,true,10h,Product Fault Code,Product Fault Codes,true,true,true,false,,,true,false,false,false,,false,false,false,true,,,false,false,true,false,true,,true,true,true,true,true,true,,,true,
ProductFeaturedProduct,true,,,,,,,,,,,,,,,,,,,,,,,,,,,,,,,,,,,,
ProductFee,true,16z,Product Fee,Product Fees,false,false,false,false,,,true,false,false,false,,false,false,false,true,,,false,false,true,false,true,,true,true,true,true,true,false,,,true,
ProductFeeOwnerSharingRule,,,Product Fee Owner Rule,Product Fee Owner Rule,true,true,true,false,OwnerSharingRule,ProductFee,false,false,false,false,,false,false,false,true,,,false,false,false,false,false,,true,true,true,false,,false,,,,
ProductFulfillmentLocation,true,0fK,Product Fulfillment Location,Product Fulfillment Locations,true,true,true,false,,,true,false,false,false,,false,false,false,true,,,false,false,true,false,true,,true,true,true,true,true,true,,,true,
ProductFulfillmentLocationOwnerSharingRule,,,Product Fulfillment Location Owner Rule,Product Fulfillment Location Owner Rule,true,true,true,false,OwnerSharingRule,ProductFulfillmentLocation,false,false,false,false,,false,false,false,true,,,false,false,false,false,false,,true,true,true,false,,false,,,,
ProductItem,true,0Co,Product Item,Product Items,true,true,true,false,,,true,false,false,false,,false,false,false,true,,,false,false,true,false,true,,true,true,true,true,true,true,,,true,
ProductItemOwnerSharingRule,,,Product Item Owner Rule,Product Item Owner Rule,true,true,true,false,OwnerSharingRule,ProductItem,false,false,false,false,,false,false,false,true,,,false,false,false,false,false,,true,true,true,false,,false,,,,
ProductItemTransaction,true,0TR,Product Item Transaction,Product Item Transactions,true,true,true,false,,,true,false,false,false,,false,false,false,true,,,false,false,true,false,true,,true,true,true,false,true,true,,,,
ProductLaborCode,true,11V,Product Labor Code,Product Labor Codes,true,true,true,false,,,true,false,false,false,,false,false,false,true,,,false,false,true,false,true,,true,true,true,true,true,true,,,true,
ProductListRate,true,16w,Product List Rate,Product List Rates,false,false,false,false,,,true,false,false,false,,false,false,false,true,,,false,false,true,false,true,,true,true,true,true,true,false,,,true,
ProductListRateOwnerSharingRule,,,Product List Rate Owner Rule,Product List Rate Owner Rule,true,true,true,false,OwnerSharingRule,ProductListRate,false,false,false,false,,false,false,false,true,,,false,false,false,false,false,,true,true,true,false,,false,,,,
ProductMedia,true,2pm,Product Media,Product Medias,true,true,true,false,,,true,false,false,false,,false,false,false,true,,ElectronicMediaUse,false,false,true,false,true,,true,true,true,false,true,true,,,,
ProductQualification,true,13C,Product Qualification,Product Qualifications,true,true,true,false,,,true,false,false,false,,false,false,false,true,,,false,false,true,false,true,,true,true,true,true,true,true,,,true,
ProductQualificationOwnerSharingRule,,,Product Qualification Owner Rule,Product Qualification Owner Rule,true,true,true,false,OwnerSharingRule,ProductQualification,false,false,false,false,,false,false,false,true,,,false,false,false,false,false,,true,true,true,false,,false,,,,
ProductQuantityRule,true,0lL,Product Quantity Rule,Product Quantity Rules,true,true,true,false,,,true,false,false,false,,false,false,false,true,,,false,false,true,false,false,,true,true,true,false,true,true,,,,
ProductRelatedComponent,true,0dS,Product Related Component,Product Related Components,true,true,true,false,,,true,false,false,false,,false,false,false,true,,,false,false,true,false,true,,true,true,true,false,,true,,,,
ProductRelatedMaterial,true,0sC,Product Related Material,Product Related Materials,false,false,false,false,,,true,false,false,false,,false,false,false,true,,,false,false,true,false,true,,true,true,true,true,true,false,,,true,
ProductRelatedMaterialOwnerSharingRule,,,Product Related Material Owner Rule,Product Related Material Owner Rule,true,true,true,false,OwnerSharingRule,ProductRelatedMaterial,false,false,false,false,,false,false,false,true,,,false,false,false,false,false,,true,true,true,false,,false,,,,
ProductRelationshipType,true,0yo,Product Relationship Type,Product Relationship Types,true,true,false,false,,,true,false,false,false,,false,false,false,true,,,false,false,true,false,true,,true,true,true,true,,false,,,true,
ProductRelComponentOverride,true,0y4,Product Related Component Override,Product Related Component Overrides,true,true,true,false,,,true,false,false,false,,false,false,false,true,,,false,false,true,false,true,,true,true,true,true,true,true,,,true,
ProductRelComponentOverrideOwnerSharingRule,,,Product Related Component Override Owner Rule,Product Related Component Override Owner Rule,true,true,true,false,OwnerSharingRule,ProductRelComponentOverride,false,false,false,false,,false,false,false,true,,,false,false,false,false,false,,true,true,true,false,,false,,,,
ProductRequest,true,0TS,Product Request,Product Requests,true,true,true,false,,,true,false,false,false,,false,false,false,true,,,false,false,true,false,true,,true,true,true,true,true,true,,,true,
ProductRequestLineItem,true,0Tw,Product Request Line Item,Product Request Line Items,true,true,true,false,,,true,false,false,false,,false,false,false,true,,,false,false,true,false,true,,true,true,true,true,true,true,,,true,
ProductRequestOwnerSharingRule,,,Product Request Owner Rule,Product Request Owner Rule,true,true,true,false,OwnerSharingRule,ProductRequest,false,false,false,false,,false,false,false,true,,,false,false,false,false,false,,true,true,true,false,,false,,,,
ProductRequired,true,0Gn,Product Required,Products Required,true,true,true,false,,,true,false,false,false,,false,false,false,true,,,false,false,true,false,true,,true,true,true,false,true,true,,,,
ProductSellingModel,true,0jP,Product Selling Model,Product Selling Models,true,true,true,false,,,true,false,false,false,,false,false,false,true,,,false,false,true,false,true,,true,true,true,true,true,true,,,true,true
ProductSellingModelDataTranslation,,,Product Selling Model Translation,Product Selling Model Translation,true,true,true,false,DataTranslation,ProductSellingModel,false,false,false,false,,false,false,false,true,,,false,false,false,false,false,,true,true,true,false,,true,,,,
ProductSellingModelOption,,0iO,Product Selling Model Option,Product Selling Model Options,true,true,true,false,,,true,false,false,false,,false,false,false,true,,,false,false,true,false,true,,true,true,true,true,,true,,,true,true
ProductSellingModelOptionDataTranslation,,3DT,Product Selling Model Option Translation,Product Selling Model Option Translation,true,true,true,false,,,false,false,false,false,,false,false,false,true,,,false,false,false,false,false,,true,true,true,false,,true,,,,
ProductServiceCampaign,true,0iR,Product Service Campaign,Product Service Campaigns,true,true,true,false,,,true,false,false,false,,false,false,false,true,,,false,false,true,false,true,,true,true,true,true,true,true,,,true,
ProductServiceCampaignItem,true,23N,Product Service Campaign Item,Product Service Campaign Items,true,true,true,false,,,true,false,false,false,,false,false,false,true,,,false,false,true,false,true,,true,true,true,true,true,true,,,true,
ProductServiceCampaignItemStatus,,,Product Service Campaign Item Status,Product Service Campaign Item Status,false,false,false,false,,,false,false,false,false,,false,false,false,true,,,false,false,false,false,false,,true,false,true,false,,false,,,,
ProductServiceCampaignOwnerSharingRule,,,Product Service Campaign Owner Rule,Product Service Campaign Owner Rule,true,true,true,false,OwnerSharingRule,ProductServiceCampaign,false,false,false,false,,false,false,false,true,,,false,false,false,false,false,,true,true,true,false,,false,,,,
ProductServiceCampaignStatus,,,Product Service Campaign Status,Product Service Campaign Status,false,false,false,false,,,false,false,false,false,,false,false,false,true,,,false,false,false,false,false,,true,false,true,false,,false,,,,
ProductSpecificationRecType,,12N,Product Specification Record Type,Product Specification Record Types,true,true,true,false,,,false,false,false,false,,false,false,false,true,,,false,false,false,false,false,,true,false,true,false,,false,,,,
ProductSpecificationType,,7zi,Product Specification Type,Product Specification Type,true,true,true,false,,,false,false,false,false,,false,false,false,true,,,false,false,false,false,false,,true,false,true,false,,false,,,,true
ProductSpecificationTypeLocalization,,,Translation,Translation,true,true,true,false,Localization,ProductSpecificationType,false,false,false,false,,false,false,false,true,,,false,false,false,false,false,,true,true,true,false,,false,,,,
ProductTransfer,true,0Lu,Product Transfer,Product Transfers,true,true,true,false,,,true,false,false,false,,false,false,false,true,,,false,false,true,false,true,,true,true,true,true,true,true,,,true,
ProductTransferOwnerSharingRule,,,Product Transfer Owner Rule,Product Transfer Owner Rule,true,true,true,false,OwnerSharingRule,ProductTransfer,false,false,false,false,,false,false,false,true,,,false,false,false,false,false,,true,true,true,false,,false,,,,
ProductTransferState,true,0nw,Product Transfer State,Product Transfer States,true,true,true,false,,,true,false,false,false,,false,false,false,true,,,false,false,true,false,false,,true,true,true,false,true,true,,,,
ProductWarrantyTerm,true,5Uj,Product Warranty Term,Product Warranty Terms,true,true,true,false,,,true,false,false,false,,false,false,false,true,,,false,false,true,false,true,,true,true,true,true,true,true,,,true,
Profile,,00e,Profile,Profiles,true,true,true,false,,,false,false,false,false,,false,false,false,true,,,false,false,false,false,true,,true,true,true,true,,false,,,,
ProfileCallLogQuickAction,,0ez,Profile Call Log Quick Action,Profile Call Log Quick Actions,false,false,false,false,,,false,false,false,false,,false,false,false,true,,,false,false,false,false,false,,true,false,true,false,,false,,,,
ProfileSkill,true,0Sk,Skill,Skills,true,true,true,false,,,true,false,false,false,,false,false,false,true,,,false,false,true,false,true,,true,true,true,true,true,true,,,true,
ProfileSkillEndorsement,true,0SE,Endorsement,Endorsements,true,true,true,false,,,true,false,false,false,,false,false,false,true,,,false,false,true,false,false,,true,true,true,true,true,true,,,true,
ProfileSkillOwnerSharingRule,,,Skill Owner Rule,Skill Owner Rule,true,true,true,false,OwnerSharingRule,ProfileSkill,false,false,false,false,,false,false,false,true,,,false,false,false,false,false,,true,true,true,false,,false,,,,
ProfileSkillUser,true,0SM,Skill User,Skill Users,true,true,true,false,,,true,false,false,false,,false,false,false,true,,,false,false,true,false,false,,true,true,true,true,true,true,,,true,
Program,true,11W,Program,Programs,true,true,true,false,,,true,false,false,false,,false,false,false,true,,,false,false,true,false,true,,true,true,true,true,true,true,,,true,
ProgramEnrollment,true,11X,Program Enrollment,Program Enrollments,true,true,true,false,,,true,false,false,false,,false,false,false,true,,,false,false,true,false,true,,true,true,true,true,true,true,,,true,
ProgramEnrollmentOwnerSharingRule,,,Program Enrollment Owner Rule,Program Enrollment Owner Rule,true,true,true,false,OwnerSharingRule,ProgramEnrollment,false,false,false,false,,false,false,false,true,,,false,false,false,false,false,,true,true,true,false,,false,,,,
ProgramInitiative,true,0mj,Program Initiative,Program Initiatives,false,false,false,false,,,true,false,false,false,,false,false,false,true,,,false,false,true,false,true,,true,true,true,true,true,false,,,true,
ProgramInitiativeOwnerSharingRule,,,Program Initiative Owner Rule,Program Initiative Owner Rule,true,true,true,false,OwnerSharingRule,ProgramInitiative,false,false,false,false,,false,false,false,true,,,false,false,false,false,false,,true,true,true,false,,false,,,,
ProgramOwnerSharingRule,,,Program Owner Rule,Program Owner Rule,true,true,true,false,OwnerSharingRule,Program,false,false,false,false,,false,false,false,true,,,false,false,false,false,false,,true,true,true,false,,false,,,,
ProgramRebateType,true,0hv,Program Rebate Type,Program Rebate Types,true,true,true,false,,,true,false,false,true,,false,false,false,true,,,false,false,true,false,true,,true,true,true,true,true,true,,,true,
ProgramRebateTypeBenefit,true,0hu,Program Rebate Type Benefit,Program Rebate Type Benefits,true,true,true,false,,,true,false,false,false,,false,false,false,true,,,false,false,true,false,true,,true,true,true,true,true,true,,,true,
ProgramRebateTypeFilter,true,0z9,Program Rebate Type Filter,Program Rebate Type Filters,true,true,true,false,,,true,false,false,false,,false,false,false,true,,,false,false,true,false,true,,true,true,true,true,true,true,,,true,
ProgramRebateTypeOwnerSharingRule,,,Program Rebate Type Owner Rule,Program Rebate Type Owner Rule,true,true,true,false,OwnerSharingRule,ProgramRebateType,false,false,false,false,,false,false,false,true,,,false,false,false,false,false,,true,true,true,false,,false,,,,
ProgramRebateTypePayout,true,0jA,Program Rebate Type Payout,Program Rebate Type Payouts,true,true,true,false,,,true,false,false,false,,false,false,false,true,,,false,false,true,false,true,,true,true,true,true,true,true,,,true,
ProgramRebateTypeProduct,true,0qC,Program Rebate Type Product,Program Rebate Type Products,true,true,true,false,,,true,false,false,false,,false,false,false,true,,,false,false,true,false,true,,true,true,true,true,true,true,,,true,
ProgramRebateTypeReference,true,0nI,Program Rebate Type Reference,Program Rebate Type References,true,true,true,false,,,true,false,false,false,,false,false,false,true,,,false,false,true,false,true,,true,true,true,false,true,true,,,,
ProgramRebateTypeReferenceOwnerSharingRule,,,Program Rebate Type Reference Owner Rule,Program Rebate Type Reference Owner Rule,true,true,true,false,OwnerSharingRule,ProgramRebateTypeReference,false,false,false,false,,false,false,false,true,,,false,false,false,false,false,,true,true,true,false,,false,,,,
ProgramRebateTypPayoutSrc,true,0jB,Program Rebate Type Payout Source,Program Rebate Type Payout Sources,true,true,true,false,,,true,false,false,false,,false,false,false,true,,,false,false,true,false,true,,true,true,true,true,true,true,,,true,
Promotion,true,0c8,Promotion,Promotions,true,true,true,false,,,true,false,false,false,,false,false,false,true,,,false,false,true,false,true,,true,true,true,true,true,true,,,true,true
PromotionDataTranslation,,,Promotion Translation,Promotion Translation,true,true,true,false,DataTranslation,Promotion,false,false,false,false,,false,false,false,true,,,false,false,false,false,false,,true,true,true,false,,true,,,,
PromotionLineItemRule,true,13F,Promotion Line Item Rule,Promotion Line Item Rules,true,true,true,false,,,false,false,false,false,,false,false,false,true,,,false,false,false,false,false,,true,true,true,false,true,true,,,,
PromotionLineItemRuleOwnerSharingRule,,,Promotion Line Item Rule Owner Rule,Promotion Line Item Rule Owner Rule,true,true,true,false,OwnerSharingRule,PromotionLineItemRule,false,false,false,false,,false,false,false,true,,,false,false,false,false,false,,true,true,true,false,,false,,,,
PromotionLoyaltyPtnrProdt,true,0lf,Promotion Loyalty Partner Product,Promotion Loyalty Partner Products,true,true,true,false,,,true,false,false,false,,false,false,false,true,,,false,false,true,false,true,,true,true,true,false,true,true,,,,
PromotionMarketSegment,true,5CF,Promotion Market Segment,Promotion Market Segments,true,true,true,false,,,true,false,false,false,,false,false,false,true,,,false,false,true,false,true,,true,true,true,true,true,true,,,true,
PromotionOwnerSharingRule,,,Promotion Owner Rule,Promotion Owner Rule,true,true,true,false,OwnerSharingRule,Promotion,false,false,false,false,,false,false,false,true,,,false,false,false,false,false,,true,true,true,false,,false,,,,
PromotionPartyUsage,true,167,Promotion Party Usage,Promotion Party Usages,true,true,true,false,,,true,false,false,false,,false,false,false,true,,,false,false,true,false,true,,true,true,true,true,true,true,,,true,
PromotionQualifier,true,0kU,Promotion Qualifier,Promotion Qualifiers,true,true,true,false,,,true,false,false,false,,false,false,false,true,,,false,false,true,false,true,,true,true,true,false,true,true,,,,
PromotionRuleTemplate,,14N,Promotion Rule Template,Promotion Rule Templates,false,false,false,false,,,false,false,false,false,,false,false,false,false,,,false,false,false,false,false,,true,false,false,false,,false,,,,
PromotionSegment,true,0kw,Promotion Segment,Promotion Segments,true,true,true,false,,,true,false,false,false,,false,false,false,true,,,false,false,true,false,true,,true,true,true,true,true,true,,,true,
PromotionSegmentBuyerGroup,true,0kq,Promotion Segment Buyer Group,Promotion Segment Buyer Groups,true,true,true,false,,,true,false,false,false,,false,false,false,true,,,false,false,true,false,true,,true,true,true,false,true,true,,,,
PromotionSegmentOwnerSharingRule,,,Promotion Segment Owner Rule,Promotion Segment Owner Rule,true,true,true,false,OwnerSharingRule,PromotionSegment,false,false,false,false,,false,false,false,true,,,false,false,false,false,false,,true,true,true,false,,false,,,,
PromotionSegmentSalesStore,true,0kp,Promotion Segment Sales Store,Promotion Segment Sales Stores,true,true,true,false,,,true,false,false,false,,false,false,false,true,,,false,false,true,false,true,,true,true,true,false,true,true,,,,
PromotionStage,true,12k,Promotion Stage,Promotion Stages,true,true,true,false,,,true,false,false,false,,false,false,false,true,,,false,false,true,false,true,,true,true,true,true,true,true,,,true,
PromotionStageEmailTemplate,true,11r,Promotion Stage Email Template,Promotion Stage Email Templates,true,true,true,false,,,true,false,false,false,,false,false,false,true,,,false,false,true,false,true,,true,true,true,true,true,true,,,true,
PromotionStageTemplate,true,1As,Promotion Stage Template,Promotion Stage Templates,true,true,true,false,,,true,false,false,false,,false,false,false,true,,,false,false,true,false,true,,true,true,true,false,true,true,,,,
PromotionTarget,true,2Pt,Promotion Target,Promotion Targets,true,true,true,false,,,true,false,false,false,,false,false,false,true,,,false,false,true,false,true,,true,true,true,false,true,true,,,,
PromotionTemplate,true,1Aq,Promotion Template,Promotion Templates,true,true,true,false,,,true,false,false,false,,false,false,false,true,,,false,false,true,false,true,,true,true,true,false,true,true,,,,
PromotionTemplateOwnerSharingRule,,,Promotion Template Owner Rule,Promotion Template Owner Rule,true,true,true,false,OwnerSharingRule,PromotionTemplate,false,false,false,false,,false,false,false,true,,,false,false,false,false,false,,true,true,true,false,,false,,,,
PromotionTier,true,0zG,Promotion Tier,Promotion Tiers,true,true,true,false,,,true,false,false,false,,false,false,false,true,,,false,false,true,false,true,,true,true,true,false,true,true,,,,
Prompt,,0bs,Prompt,Prompts,true,true,true,false,,,false,false,false,false,,false,false,false,true,,,false,false,false,false,false,,true,false,true,true,,false,,,,
PromptAction,true,0bu,Prompt Action,Prompt Actions,true,true,true,false,,,false,false,false,false,,false,false,false,true,,,false,false,false,false,false,,true,true,true,false,true,false,,,,
PromptActionOwnerSharingRule,,,Prompt Action Owner Rule,Prompt Action Owner Rule,true,true,true,false,OwnerSharingRule,PromptAction,false,false,false,false,,false,false,false,true,,,false,false,false,false,false,,true,true,true,false,,false,,,,
PromptError,true,4Dr,Prompt Error,Prompt Errors,true,true,true,false,,,false,false,false,false,,false,false,false,true,,,false,false,false,false,false,,true,true,true,false,true,false,,,,
PromptErrorOwnerSharingRule,,,Prompt Error Owner Rule,Prompt Error Owner Rule,true,true,true,false,OwnerSharingRule,PromptError,false,false,false,false,,false,false,false,true,,,false,false,false,false,false,,true,true,true,false,,false,,,,
PromptLocalization,,,Translation,Translation,true,true,true,false,Localization,Prompt,false,false,false,false,,false,false,false,true,,,false,false,false,false,false,,true,true,true,false,,false,,,,
PromptVersion,,0bt,Prompt Version,Prompt Versions,true,true,true,false,,,false,false,false,false,,false,false,false,true,,,false,false,false,false,false,,true,false,true,true,,false,,,,
PromptVersionLocalization,,,Translation,Translation,true,true,true,false,Localization,PromptVersion,false,false,false,false,,false,false,false,true,,,false,false,false,false,false,,true,true,true,false,,false,,,,
PromStageCommChannelTmpl,true,1Nh,Promotion Stage Communication Channel Template,Promotion Stage Communication Channel Templates,true,true,true,false,,,true,false,false,false,,false,false,false,true,,,false,false,true,false,true,,true,true,true,true,true,true,,,true,
PromTmplExtdRewardDef,true,,,,,,,,,,,,,,,,,,,,,,,,,,,,,,,,,,,,
ProrationPolicy,,0mu,Proration Policy,Proration Policies,true,false,false,false,,,true,false,false,false,,false,false,false,true,,,false,false,true,false,true,,true,true,true,true,,false,,,true,
Prospect,true,1GG,Prospect,Prospects,true,true,true,false,,,true,false,false,false,,false,false,false,true,,,false,false,true,false,true,,true,true,true,true,,true,,,true,
ProviderNetworkContract,true,0mw,Provider Network Contract,Provider Network Contracts,true,true,true,false,,,true,false,false,false,,false,false,false,true,,,false,false,true,false,true,,true,true,true,true,true,true,,,true,
ProviderNetworkTier,true,0nu,Provider Network Tier,Provider Network Tiers,true,true,true,false,,,true,false,false,false,,false,false,false,true,,,false,false,true,false,true,,true,true,true,true,true,true,,,true,
ProviderSearchSyncLog,,0hT,Provider Search Sync Log,Provider Search Sync Logs,false,false,true,false,,,true,false,false,false,,false,false,false,true,,,false,false,true,false,true,,true,true,true,true,,true,,,true,
ProviderSearchSyncLogOwnerSharingRule,,,Provider Search Sync Log Owner Rule,Provider Search Sync Log Owner Rule,true,true,true,false,OwnerSharingRule,ProviderSearchSyncLog,false,false,false,false,,false,false,false,true,,,false,false,false,false,false,,true,true,true,false,,false,,,,
PSBulkActionConfig__c,true,a0K,PSBulkActionConfig,PSBulkActionConfig,true,true,true,false,,,true,true,false,false,,false,false,false,true,,,false,false,true,false,true,,true,true,true,true,true,true,,,true,
PSBulkActionConfig__OwnerSharingRule,,,Owner Rule: PSBulkActionConfig,Owner Rule: PSBulkActionConfig,true,true,true,false,OwnerSharingRule,PSBulkActionConfig__c,false,false,false,false,,false,false,false,true,,,false,false,false,false,false,,true,true,true,false,,false,,,,
Ptnr_Onbd_Fmwk__Onboarding__c,true,a7K,Onboarding Template,Onboarding Templates,true,true,true,false,,,true,true,false,false,,false,false,false,true,,,false,false,true,false,true,,true,true,true,true,true,true,,,true,
Ptnr_Onbd_Fmwk__Onboarding__OwnerSharingRule,,,Owner Rule: Onboarding Template,Owner Rule: Onboarding Template,true,true,true,false,OwnerSharingRule,Ptnr_Onbd_Fmwk__Onboarding__c,false,false,false,false,,false,false,false,true,,,false,false,false,false,false,,true,true,true,false,,false,,,,
Ptnr_Onbd_Fmwk__Onboarding_Tasks__c,true,a7J,Onboarding Task,Onboarding Tasks,true,true,true,false,,,true,true,false,false,,false,false,false,true,,,false,false,true,false,false,,true,true,true,true,true,true,,,true,
Ptnr_Onbd_Fmwk__Planned_Onboarding_Tasks__c,true,a7L,Contact Onboarding Task,Contact Onboarding Tasks,true,true,true,false,,,true,true,false,false,,false,false,false,true,,,false,false,true,false,false,,true,true,true,true,true,true,,,true,
Publisher,,4pb,Publisher,Publishers,false,false,false,false,,,false,false,false,false,,false,false,false,false,,,false,false,false,false,false,,true,false,false,false,,false,,,,
PurchaseQuantityRule,true,0lK,Quantity Rule,Quantity Rules,true,true,true,false,,,true,false,false,false,,false,false,false,true,,,false,false,true,false,true,,true,true,true,true,true,true,,,true,
PurchaseQuantityRuleOwnerSharingRule,,,Quantity Rule Owner Rule,Quantity Rule Owner Rule,true,true,true,false,OwnerSharingRule,PurchaseQuantityRule,false,false,false,false,,false,false,false,true,,,false,false,false,false,false,,true,true,true,false,,false,,,,
PurchaserPlan,true,0Sb,Purchaser Plan,Purchaser Plans,false,false,false,false,,,true,false,false,false,,false,false,false,true,,,false,false,true,false,true,,true,true,true,true,true,false,,,true,
PurchaserPlanAssn,true,0SK,Purchaser Plan Association,Purchaser Plan Associations,false,false,false,false,,,true,false,false,false,,false,false,false,true,,,false,false,true,false,true,,true,true,true,true,true,false,,,true,
PurchaserPlanAssnOwnerSharingRule,,,Purchaser Plan Association Owner Rule,Purchaser Plan Association Owner Rule,true,true,true,false,OwnerSharingRule,PurchaserPlanAssn,false,false,false,false,,false,false,false,true,,,false,false,false,false,false,,true,true,true,false,,false,,,,
PurchaserPlanOwnerSharingRule,,,Purchaser Plan Owner Rule,Purchaser Plan Owner Rule,true,true,true,false,OwnerSharingRule,PurchaserPlan,false,false,false,false,,false,false,false,true,,,false,false,false,false,false,,true,true,true,false,,false,,,,
PushTopic,,0IF,Push Topic,Push Topics,true,true,true,false,,,false,false,false,false,,false,false,false,true,,,false,false,false,false,false,,true,false,true,false,,false,,,,
Q2C_Demo_Settings__c,true,a6e,Q2C Demo Settings,Q2C Demo Settings,true,true,true,false,,,false,true,true,false,,false,false,false,true,,,false,false,true,false,false,,true,true,true,true,,true,,,true,
Q2C_Demo_Settings__OwnerSharingRule,,,Owner Rule: Q2C Demo Settings,Owner Rule: Q2C Demo Settings,true,true,true,false,OwnerSharingRule,Q2C_Demo_Settings__c,false,false,false,false,,false,false,false,true,,,false,false,false,false,false,,true,true,true,false,,false,,,,
QLabs__mdt,true,m03,QLabs,QLabs,false,false,false,false,,,false,true,false,false,,false,false,false,true,,,false,false,true,false,true,,true,false,true,false,,false,,,,
QueueRoutingConfig,,0K9,Routing Configuration,Routing Configurations,true,true,true,false,,,false,false,false,false,,false,false,false,true,,,false,false,false,false,false,,true,false,true,false,,false,,,,
QueueSobject,,03g,Queue sObject,Queue sObjects,true,false,true,false,,,false,false,false,false,,false,false,false,true,,,false,false,false,false,false,,true,true,true,false,,false,,,,
QuickText,true,574,Quick Text,Quick Text,true,true,true,false,,,true,false,false,false,,false,false,false,true,,,false,false,true,false,true,,true,true,true,true,true,true,,,true,
QuickTextOwnerSharingRule,,,Quick Text Owner Rule,Quick Text Owner Rule,true,true,true,false,OwnerSharingRule,QuickText,false,false,false,false,,false,false,false,true,,,false,false,false,false,false,,true,true,true,false,,false,,,,
QuickTextUsage,true,5QL,Quick Text Usage,Quick Text Usages,false,false,false,false,,,false,false,false,false,,false,false,false,true,,,false,false,false,false,false,,true,true,true,false,true,false,,,,
QuickTextUsageOwnerSharingRule,,,Quick Text Usage Owner Rule,Quick Text Usage Owner Rule,true,true,true,false,OwnerSharingRule,QuickTextUsage,false,false,false,false,,false,false,false,true,,,false,false,false,false,false,,true,true,true,false,,false,,,,
Quota__c,true,a84,Quota__c,Quota__c,true,true,true,false,,,true,true,false,false,,false,false,false,true,,,false,false,true,false,false,,true,true,true,false,true,true,,,,
Quota__OwnerSharingRule,,,Owner Rule: Quota__c,Owner Rule: Quota__c,true,true,true,false,OwnerSharingRule,Quota__c,false,false,false,false,,false,false,false,true,,,false,false,false,false,false,,true,true,true,false,,false,,,,
Quote,true,0Q0,Quote,Quotes,true,true,true,false,,,true,false,false,false,,false,false,false,true,,,false,false,true,false,true,,true,true,true,true,true,true,,,true,
QuoteAction,true,7oc,Quote Action,Quote Actions,true,true,true,false,,,true,false,false,false,,false,false,false,true,,,false,false,true,false,true,,true,true,true,false,,true,,,,
QuoteDocument,,0QD,Quote PDF,Quote PDFs,true,true,true,false,,,false,false,false,false,,false,false,false,true,,,false,false,false,false,false,,true,true,true,false,,true,,,,
QuoteLineItem,true,0QL,Quote Line Item,Quote Line Items,true,true,true,false,,,true,false,false,false,,false,false,false,true,,,false,false,true,false,true,,true,true,true,false,true,true,,,,
QuoteLineItemGroupClass,true,0rP,Quote Line Item Group Class,Quote Line Item Group Class,true,true,true,false,,,true,false,false,false,,false,false,false,true,,,false,false,true,false,true,,true,true,true,true,true,true,,,true,
QuoteOwnerSharingRule,,,Quote Owner Rule,Quote Owner Rule,true,true,true,false,OwnerSharingRule,Quote,false,false,false,false,,false,false,false,true,,,false,false,false,false,false,,true,true,true,false,,false,,,,
QuoteTemplateRichTextData,,0QR,Quote Template Rich Text Data,Quote Template Rich Text Data,false,false,false,false,,,false,false,false,false,,false,false,false,true,,,false,false,false,false,false,,false,true,false,false,,false,,,,
RagFileUDMO__dlm,,qBl,RagFileUDMO,RagFileUDMO,false,false,false,false,,,false,false,false,false,,false,false,false,true,,,false,false,false,false,false,,true,false,false,false,,false,,,,
RebateClaim,true,0ru,Rebate Claim,Rebate Claims,true,true,true,false,,,true,false,false,false,,false,false,false,true,,,false,false,true,false,true,,true,true,true,true,true,true,,,true,
RebateClaimOwnerSharingRule,,,Rebate Claim Owner Rule,Rebate Claim Owner Rule,true,true,true,false,OwnerSharingRule,RebateClaim,false,false,false,false,,false,false,false,true,,,false,false,false,false,false,,true,true,true,false,,false,,,,
RebateMemberAggregateItem,true,0rn,Rebate Member Aggregate Item,Rebate Member Aggregate Items,true,true,true,false,,,true,false,false,false,,false,false,false,true,,,false,false,true,false,true,,true,true,true,true,true,true,,,true,
RebateMemberAggregateItemOwnerSharingRule,,,Rebate Member Aggregate Item Owner Rule,Rebate Member Aggregate Item Owner Rule,true,true,true,false,OwnerSharingRule,RebateMemberAggregateItem,false,false,false,false,,false,false,false,true,,,false,false,false,false,false,,true,true,true,false,,false,,,,
RebateMemberProductAggregate,true,0zx,Rebate Member Product Aggregate,Rebate Member Product Aggregates,true,true,true,false,,,true,false,false,false,,false,false,false,true,,,false,false,true,false,true,,true,true,true,true,true,true,,,true,
RebateMemberProductAggregateOwnerSharingRule,,,Rebate Member Product Aggregate Owner Rule,Rebate Member Product Aggregate Owner Rule,true,true,true,false,OwnerSharingRule,RebateMemberProductAggregate,false,false,false,false,,false,false,false,true,,,false,false,false,false,false,,true,true,true,false,,false,,,,
RebatePayment,true,0iD,Rebate Payment,Rebate Payments,true,true,true,false,,,true,false,false,false,,false,false,false,true,,,false,false,true,false,true,,true,true,true,true,true,true,,,true,
RebatePaymentOwnerSharingRule,,,Rebate Payment Owner Rule,Rebate Payment Owner Rule,true,true,true,false,OwnerSharingRule,RebatePayment,false,false,false,false,,false,false,false,true,,,false,false,false,false,false,,true,true,true,false,,false,,,,
RebatePayoutAdjustment,true,0i2,Rebate Payout Adjustment,Rebate Payout Adjustments,true,true,true,false,,,true,false,false,false,,false,false,false,true,,,false,false,true,false,true,,true,true,true,true,true,true,,,true,
RebateProgram,true,0i8,Rebate Program,Rebate Programs,true,true,true,false,,,true,false,false,true,,false,false,false,true,,,false,false,true,false,true,,true,true,true,true,true,true,,,true,
RebateProgramMember,true,0i9,Rebate Program Member,Rebate Program Members,true,true,true,false,,,true,false,false,false,,false,false,false,true,,,false,false,true,false,true,,true,true,true,true,true,true,,,true,
RebateProgramMemberOwnerSharingRule,,,Rebate Program Member Owner Rule,Rebate Program Member Owner Rule,true,true,true,false,OwnerSharingRule,RebateProgramMember,false,false,false,false,,false,false,false,true,,,false,false,false,false,false,,true,true,true,false,,false,,,,
RebateProgramMemberPayout,true,0i6,Rebate Program Member Payout,Rebate Program Member Payouts,true,true,true,false,,,true,false,false,false,,false,false,false,true,,,false,false,true,false,true,,true,true,true,true,true,true,,,true,
RebateProgramOwnerSharingRule,,,Rebate Program Owner Rule,Rebate Program Owner Rule,true,true,true,false,OwnerSharingRule,RebateProgram,false,false,false,false,,false,false,false,true,,,false,false,false,false,false,,true,true,true,false,,false,,,,
RebateProgramPayoutPeriod,true,0i7,Rebate Program Payout Period,Rebate Program Payout Periods,true,true,true,false,,,true,false,false,false,,false,false,false,true,,,false,false,true,false,true,,true,true,true,true,true,true,,,true,
RecAlrtDataSrcExpSetDef,,0yn,Record Alert Data Source Expression Set Definition,Record Alert Data Source Expression Set Definitions,true,true,true,false,,,true,false,false,false,,false,false,false,true,,,false,false,true,false,true,,true,false,true,false,,false,,,,
ReceivedDocument,true,0io,Received Document,Received Documents,true,true,true,false,,,true,false,false,false,,false,false,false,true,,,false,false,true,false,true,,true,true,true,true,true,true,,,true,
ReceivedDocumentOwnerSharingRule,,,Received Document Owner Rule,Received Document Owner Rule,true,true,true,false,OwnerSharingRule,ReceivedDocument,false,false,false,false,,false,false,false,true,,,false,false,false,false,false,,true,true,true,false,,false,,,,
ReceivedDocumentType,true,0s0,Received Document Type,Received Document Types,true,true,true,false,,,true,false,false,false,,false,false,false,true,,,false,false,true,false,true,,true,true,true,true,true,true,,,true,
RecentFieldChange,,0l4,Recent Field Change,Recent Field Change,false,false,false,false,,,false,false,false,false,,false,false,false,true,,,false,false,false,false,false,,true,false,false,false,,false,,,,
RecentlyViewed,,,Recently Viewed,Recently Viewed,false,true,false,false,,,false,false,false,false,,false,false,false,true,,,false,false,false,false,false,,true,false,false,false,,false,,,,
RecipeFiscalConfiguration,,7y8,Recipe Fiscal Configuration,Recipe Fiscal Configurations,true,true,true,false,,,false,false,false,false,,false,false,false,true,,,false,false,false,false,false,,true,false,true,false,,false,,,,
Recommendation,true,0pr,Recommendation,Recommendations,true,true,true,false,,,true,false,false,false,,false,false,false,true,,,false,false,true,false,true,NetworkId,true,true,true,true,true,false,,,true,
RecommendationResponse,,0rr,Recommendation Response,Recommendation Responses,true,false,true,false,,,false,false,false,false,,false,false,false,true,,,false,false,false,false,false,NetworkId,true,true,true,false,true,false,,,,
RecommenderStatusChgEvent,,12E,Personalization Recommender Status Change Event,Personalization Recommender Status Change Events,false,false,false,false,,,false,false,false,false,,false,false,false,false,,,false,false,false,false,false,,false,false,false,false,true,false,,,,
RecordAction,true,0Rw,RecordAction,RecordActions,true,true,true,false,,,false,false,false,false,,false,false,false,true,,,false,false,false,false,false,,true,true,true,false,true,true,,,,
RecordActnSelItemExtrc,true,1CU,Record Action Selectable Item Extract,Record Action Selectable Item Extracts,true,true,true,false,,,false,false,false,false,,false,false,false,true,,,false,false,false,false,false,,true,true,true,false,,true,,,,
RecordActnSelItemExtrcOwnerSharingRule,,,Record Action Selectable Item Extract Owner Rule,Record Action Selectable Item Extract Owner Rule,true,true,true,false,OwnerSharingRule,RecordActnSelItemExtrc,false,false,false,false,,false,false,false,true,,,false,false,false,false,false,,true,true,true,false,,false,,,,
RecordAggregationDefinition,,16y,Record Aggregation Definition,Record Aggregation Definitions,true,true,true,false,,,false,false,false,false,,false,false,false,true,,,false,false,false,false,false,,true,false,true,false,,false,,,,
RecordAggregationJoinCondition,,16Z,Record Aggregation Join Condition,Record Aggregation Join Conditions,true,true,true,false,,,false,false,false,false,,false,false,false,true,,,false,false,false,false,false,,true,false,true,false,,false,,,,
RecordAggregationObject,,16X,Record Aggregation Object,Record Aggregation Objects,true,true,true,false,,,false,false,false,false,,false,false,false,true,,,false,false,false,false,false,,true,false,true,false,,false,,,,
RecordAggregationObjectFilter,,16Y,Record Aggregation Object Filter,Record Aggregation Object Filters,true,true,true,false,,,false,false,false,false,,false,false,false,true,,,false,false,false,false,false,,true,false,true,false,,false,,,,
RecordAlert,true,0qZ,Record Alert,Record Alerts,true,true,true,false,,,true,false,false,false,,false,false,false,true,,,false,false,true,false,true,,true,true,true,true,true,true,,,true,true
RecordAlertActionableTarget,true,1KR,Record Alert Actionable Target,Record Alert Actionable Targets,true,true,true,false,,,true,false,false,false,,false,false,false,true,,,false,false,true,false,true,,true,true,true,true,true,true,,,true,
RecordAlertCategory,,0qX,Record Alert Category,Record Alert Categories,false,false,false,false,,,true,false,false,false,,false,false,false,true,,,false,false,true,false,true,,true,false,true,false,,false,,,true,
RecordAlertCategoryLocalization,,,Translation,Translation,true,true,true,false,Localization,RecordAlertCategory,false,false,false,false,,false,false,false,true,,,false,false,false,false,false,,true,true,true,false,,false,,,,
RecordAlertDataSource,,0rN,Record Alert Data Source,Record Alert Data Sources,false,false,false,false,,,false,false,false,false,,false,false,false,true,,,false,false,false,false,true,,true,false,true,false,,false,,,,
RecordAlertDataTranslation,,,Record Alert Translation,Record Alert Translation,true,true,true,false,DataTranslation,RecordAlert,false,false,false,false,,false,false,false,true,,,false,false,false,false,false,,true,true,true,false,,true,,,,
RecordAlertOwnerSharingRule,,,Record Alert Owner Rule,Record Alert Owner Rule,true,true,true,false,OwnerSharingRule,RecordAlert,false,false,false,false,,false,false,false,true,,,false,false,false,false,false,,true,true,true,false,,false,,,,
RecordAlertTemplate,,2qZ,Record Alert Template,Record Alert Templates,true,true,true,false,,,true,false,false,false,,false,false,false,true,,,false,false,true,false,true,,true,false,true,false,,false,,,,
RecordAlertTemplateLocalization,,,Translation,Translation,true,true,true,false,Localization,RecordAlertTemplate,false,false,false,false,,false,false,false,true,,,false,false,false,false,false,,true,true,true,false,,false,,,,
RecordDisplayLookup,,0KW,Dimension Record Display Lookup,Dimension Record Display Lookups,true,true,true,false,,,false,false,false,false,,false,false,false,true,,,false,false,false,false,false,,true,false,true,false,,false,,,,
RecordMergeHistory,true,,,,,,,,,,,,,,,,,,,,,,,,,,,,,,,,,,,,
RecordsetFilterCriteria,true,0hr,Recordset Filter Criteria,Recordset Filter Criteria,true,true,true,false,,,true,false,false,false,,false,false,false,true,,,false,false,true,false,true,,true,true,true,true,true,true,,,true,
RecordsetFilterCriteriaOwnerSharingRule,,,Recordset Filter Criteria Owner Rule,Recordset Filter Criteria Owner Rule,true,true,true,false,OwnerSharingRule,RecordsetFilterCriteria,false,false,false,false,,false,false,false,true,,,false,false,false,false,false,,true,true,true,false,,false,,,,
RecordsetFilterCriteriaRule,true,0hK,Recordset Filter Criteria Rule,Recordset Filter Criteria Rules,true,true,true,false,,,true,false,false,false,,false,false,false,true,,,false,false,true,false,true,,true,true,true,true,true,true,,,true,
RecordsetFltrCritMonitor,true,0yH,Recordset Filter Criteria Monitor,Recordset Filter Criteria Monitors,true,true,true,false,,,true,false,false,false,,false,false,false,true,,,false,false,true,false,true,,true,true,true,true,true,true,,,true,
RecordType,,012,Record Type,Record Types,true,true,false,false,,,false,false,false,false,,false,false,false,true,,,false,false,false,false,true,,true,true,true,false,,false,,,,
RecordTypeLocalization,,,Translation,Translation,true,true,true,false,Localization,RecordType,false,false,false,false,,false,false,false,true,,,false,false,false,false,false,,true,true,true,false,,false,,,,
RecurrenceSchedule,true,0v9,Recurrence Schedule,Recurrence Schedule,true,true,true,false,,,false,false,false,false,,false,false,false,true,,,false,false,false,false,false,,true,true,true,false,true,true,,,,
RecurrenceScheduleOwnerSharingRule,,,Recurrence Schedule Owner Rule,Recurrence Schedule Owner Rule,true,true,true,false,OwnerSharingRule,RecurrenceSchedule,false,false,false,false,,false,false,false,true,,,false,false,false,false,false,,true,true,true,false,,false,,,,
RedirectWhitelistUrl,,9V6,Allow URL for Redirects,Allow URLs for Redirects,true,true,true,false,,,false,false,false,false,,false,false,false,true,,,false,false,false,false,false,,true,false,true,false,,false,,,,
ReferenceDataLoadLog,true,18E,Reference Data Load Log,Reference Data Load Logs,false,false,false,false,,,true,false,false,false,,false,false,false,true,,,false,false,true,false,true,,true,true,true,true,true,false,,,true,
ReferenceDataLoadLogOwnerSharingRule,,,Reference Data Load Log Owner Rule,Reference Data Load Log Owner Rule,true,true,true,false,OwnerSharingRule,ReferenceDataLoadLog,false,false,false,false,,false,false,false,true,,,false,false,false,false,false,,true,true,true,false,,false,,,,
RefrigerantEmssnFctr,true,0qL,Refrigerant Emissions Factor,Refrigerant Emissions Factors,false,false,false,false,,,true,false,false,false,,false,false,false,true,,,false,false,true,false,true,,true,true,true,true,true,false,,,true,
RefrigerantEmssnFctrOwnerSharingRule,,,Refrigerant Emissions Factor Owner Rule,Refrigerant Emissions Factor Owner Rule,true,true,true,false,OwnerSharingRule,RefrigerantEmssnFctr,false,false,false,false,,false,false,false,true,,,false,false,false,false,false,,true,true,true,false,,false,,,,
Refund,true,0cb,Refund,Refunds,true,true,true,false,,,true,false,false,false,,false,false,false,true,,,false,false,true,false,true,,true,true,true,false,,true,,,,
RefundLinePayment,true,0dR,Refund Line Payment,Refund Line Payments,true,true,false,false,,,true,false,false,false,,false,false,false,true,,,false,false,true,false,false,,true,true,true,false,,false,,,,
RegisteredExternalService,,1uu,Registered External Service,Registered External Services,true,true,true,false,,,false,false,false,false,,false,false,false,true,,,false,false,false,false,false,,true,false,true,false,,false,,,,
RegulatoryAuthApplication,,0f4,Regulatory Authorization Application,Regulatory Authorization Applications,false,false,false,false,,,false,false,false,false,,false,false,false,true,IndividualApplication,,true,false,false,false,false,,false,false,false,false,,false,,,,
RelatedListColumnDefinition,,0rc,Related List Column Definition,Related List Column Definition,false,false,false,false,,,false,false,false,false,,false,false,false,false,,,false,false,false,false,false,,true,false,false,false,,false,,,,
RelatedListDefinition,,0rl,Related List Definition,Related List Definition,false,false,false,false,,,false,false,false,false,,false,false,false,false,,,false,false,false,false,false,,true,false,false,false,,false,,,,
RelatedObjectPartySrchDef,,4Ad,Related Object Party Search Definition,Related Object Party Search Definitions,true,true,true,false,,,false,false,false,false,,false,false,false,true,,,false,false,false,false,false,,true,false,true,false,,false,,,,
RelationshipDomain,,0Jv,Relationship Domain,Relationship Domains,false,false,false,false,,,false,false,false,false,,false,false,false,false,,,false,false,false,false,false,,true,false,false,false,,false,,,,
RelationshipGraphView,true,,,,,,,,,,,,,,,,,,,,,,,,,,,,,,,,,,,,
RelationshipInfo,,0Ju,Relationship,Relationships,false,false,false,false,,,false,false,false,false,,false,false,false,false,,,false,false,false,false,false,,true,false,false,false,,false,,,,
RentalCarEmssnFctr,true,0pV,Rental Car Emissions Factor,Rental Car Emissions Factors,false,false,false,false,,,true,false,false,false,,false,false,false,true,,,false,false,true,false,true,,true,true,true,true,true,false,,,true,
RentalCarEmssnFctrOwnerSharingRule,,,Rental Car Emissions Factor Owner Rule,Rental Car Emissions Factor Owner Rule,true,true,true,false,OwnerSharingRule,RentalCarEmssnFctr,false,false,false,false,,false,false,false,true,,,false,false,false,false,false,,true,true,true,false,,false,,,,
RentalCarEnrgyUse,true,0pX,Rental Car Energy Use,Rental Car Energy Use,false,false,false,false,,,true,false,false,false,,false,false,false,true,,,false,false,true,false,true,,true,true,true,true,true,false,,,true,
RentalCarEnrgyUseOwnerSharingRule,,,Rental Car Energy Use Owner Rule,Rental Car Energy Use Owner Rule,true,true,true,false,OwnerSharingRule,RentalCarEnrgyUse,false,false,false,false,,false,false,false,true,,,false,false,false,false,false,,true,true,true,false,,false,,,,
Reply_Rec_Demo_Helper__c,true,a3Q,Reply Rec Demo Helper,Reply Rec Demo Helpers,true,true,true,false,,,true,true,false,false,,false,false,false,true,,,false,false,true,false,true,,true,true,true,true,true,true,,,true,
Reply_Rec_Demo_Helper__OwnerSharingRule,,,Owner Rule: Reply Rec Demo Helper,Owner Rule: Reply Rec Demo Helper,true,true,true,false,OwnerSharingRule,Reply_Rec_Demo_Helper__c,false,false,false,false,,false,false,false,true,,,false,false,false,false,false,,true,true,true,false,,false,,,,
Reply_Rec_Demo_Helper_QuickText__c,true,a3P,Reply Rec Demo Helper QuickText,Reply Rec Demo Helper QuickTexts,true,true,true,false,,,true,true,false,false,,false,false,false,true,,,false,false,true,false,true,,true,true,true,true,true,true,,,true,
Reply_Rec_Demo_Helper_QuickText__OwnerSharingRule,,,Owner Rule: Reply Rec Demo Helper QuickText,Owner Rule: Reply Rec Demo Helper QuickText,true,true,true,false,OwnerSharingRule,Reply_Rec_Demo_Helper_QuickText__c,false,false,false,false,,false,false,false,true,,,false,false,false,false,false,,true,true,true,false,,false,,,,
ReplyEmailSettings,,20l,Generic Reply Email Setting Result,Generic Reply Email Setting Results,true,true,false,false,,,false,false,false,false,,false,false,false,true,,,false,false,false,false,false,,true,false,true,false,,false,,,,
ReplyText,,8My,Reply Candidate,Reply Candidates,false,true,true,false,,,true,false,false,false,,false,false,false,true,,,false,false,true,false,false,,true,true,true,true,,false,,,true,
Report,,00O,Report,Reports,false,false,false,false,,,false,false,false,false,,false,false,false,true,,,false,false,false,false,true,,true,false,true,true,,false,,,true,
ReportAnomalyEvent,,0Yv,Report Anomaly Event,Report Anomaly Events,false,false,false,false,,,false,false,false,false,,false,false,false,false,,,false,false,false,false,false,,false,false,false,false,,false,,,,
ReportAnomalyEventStore,true,0Z7,Report Anomaly Event Store,Report Anomaly Event Stores,false,false,false,false,,,true,false,false,false,,false,false,false,true,,,false,false,true,false,true,,true,true,false,false,,false,,,,
ReportEvent,,0Qu,Report Event,Report Events,false,false,false,false,,,false,false,false,false,,false,false,false,false,,,false,false,false,false,false,,true,false,false,false,,false,,,,
ReportEventStream,,0Ol,Report Event Stream,Report Event Streams,false,false,false,false,,,false,false,false,false,,false,false,false,false,,,false,false,false,false,false,,false,false,false,false,,false,,,,
ReputationLevel,,0NU,Reputation Level,Reputation Levels,false,false,false,false,,,false,false,false,false,,false,false,false,true,,,false,false,false,false,false,,true,false,true,false,,false,,,,
ReputationLevelLocalization,,,Translation,Translation,true,true,true,false,Localization,ReputationLevel,false,false,false,false,,false,false,false,true,,,false,false,false,false,false,,true,true,true,false,,false,,,,
ReputationPointsRule,,0NV,Reputation Points Rule,Reputation Points Rules,false,false,false,false,,,false,false,false,false,,false,false,false,true,,,false,false,false,false,false,,true,false,true,false,,false,,,,
RequestsForAccessSIQ,true,,,,,,,,,,,,,,,,,,,,,,,,,,,,,,,,,,,,
ResidentialLoanApplication,true,0cd,Residential Loan Application,Residential Loan Applications,false,false,false,false,,,true,false,false,false,,false,false,false,true,,,false,false,true,false,true,,true,true,true,true,true,false,,,true,
ResidentialLoanApplicationOwnerSharingRule,,,Residential Loan Application Owner Rule,Residential Loan Application Owner Rule,true,true,true,false,OwnerSharingRule,ResidentialLoanApplication,false,false,false,false,,false,false,false,true,,,false,false,false,false,false,,true,true,true,false,,false,,,,
ResourceAbsence,true,0Hw,Resource Absence,Resource Absences,true,true,true,false,,,true,false,false,false,,false,false,false,true,,,false,false,true,false,true,,true,true,true,true,true,false,,,true,
ResourcePreference,true,0Kz,Resource Preference,Resource Preferences,true,true,true,false,,,true,false,false,false,,false,false,false,true,,,false,false,true,false,true,,true,true,true,false,true,false,,,,
RetrievalSummaryDefField,,15l,Retrieval Summary Definition Field,Retrieval Summary Definition Fields,true,true,true,false,,,false,false,false,false,,false,false,false,true,,,false,false,false,false,false,,true,false,true,false,,false,,,,
RetrievalSummaryDefinition,,9FK,Retrieval Summary Definition,Retrieval Summary Definitions,true,true,true,false,,,false,false,false,false,,false,false,false,true,,,false,false,false,false,false,,true,false,true,false,,false,,,,
RetrievalSummaryDefObject,,9EK,Retrieval Summary Definition Object,Retrieval Summary Definition Objects,true,true,true,false,,,false,false,false,false,,false,false,false,true,,,false,false,false,false,false,,true,false,true,false,,false,,,,
ReturnOrder,true,2oN,Return Order,Return Orders,true,true,true,false,,,true,false,false,false,,false,false,false,true,,,false,false,true,false,true,,true,true,true,true,true,true,,,true,
ReturnOrderItemAdjustment,true,7FH,Return Order Item Adjustment,Return Order Item Adjustments,true,true,true,false,,,true,false,false,false,,false,false,false,true,,,false,false,true,false,false,,true,true,true,false,,false,,,,
ReturnOrderItemTax,true,9Jj,Return Order Item Tax,Return Order Item Taxes,true,true,true,false,,,true,false,false,false,,false,false,false,true,,,false,false,true,false,false,,true,true,true,false,,false,,,,
ReturnOrderLineItem,true,0Sn,Return Order Line Item,Return Order Line Items,true,true,true,false,,,true,false,false,false,,false,true,false,true,,,false,false,true,false,true,,true,true,true,true,true,true,,,true,
ReturnOrderOwnerSharingRule,,,Return Order Owner Rule,Return Order Owner Rule,true,true,true,false,OwnerSharingRule,ReturnOrder,false,false,false,false,,false,false,false,true,,,false,false,false,false,false,,true,true,true,false,,false,,,,
RevenueAsyncOperation,true,95T,Revenue Async Operation,Revenue Async Operations,false,false,true,false,,,true,false,false,false,,false,false,false,true,,,false,false,true,false,true,,true,true,true,false,true,false,,,,
RevenueTransactionErrorLog,true,0nY,Revenue Transaction Error Log,Revenue Transaction Error Logs,false,false,false,false,,,true,false,false,false,,false,false,false,true,,,false,false,true,false,false,,true,true,true,false,,false,,,,
RevenueTransactionErrorLogOwnerSharingRule,,,Revenue Transaction Error Log Owner Rule,Revenue Transaction Error Log Owner Rule,true,true,true,false,OwnerSharingRule,RevenueTransactionErrorLog,false,false,false,false,,false,false,false,true,,,false,false,false,false,false,,true,true,true,false,,false,,,,
RuleLibrary,true,9Qs,Rule Library,Rule Libraries,true,true,true,false,,,true,false,false,false,,false,false,false,true,,,false,false,true,false,true,,true,true,true,true,,true,,,true,
RuleLibraryDefinition,,9Qv,Rule Library Definition,Rule Library Definitions,true,true,true,false,,,false,false,false,false,,false,false,false,true,,,false,false,false,false,false,,true,false,true,false,,false,,,,
RuleLibraryDefVersion,,9Qz,Rule Library Definition Version,Rule Library Definition Versions,true,true,true,false,,,false,false,false,false,,false,false,false,true,,,false,false,false,false,false,,true,false,true,false,,false,,,,
RuleLibraryOwnerSharingRule,,,Rule Library Owner Rule,Rule Library Owner Rule,true,true,true,false,OwnerSharingRule,RuleLibrary,false,false,false,false,,false,false,false,true,,,false,false,false,false,false,,true,true,true,false,,false,,,,
RuleLibraryVersion,true,9Q1,Rule Library Version,Rule Library Versions,true,true,true,false,,,true,false,false,false,,false,false,false,true,,,false,false,true,false,false,,true,true,true,false,,true,,,,
RuleTerritory2Association,,0N4,Rule Territory Association,Rule Territory Associations,true,true,true,false,,,false,false,false,false,,false,false,false,true,,,false,false,false,false,false,,true,true,true,false,,false,,,,
SA_Prediction_Model__dlm,,qCR,SA_Prediction_Model,SA_Prediction_Model,false,false,false,false,,,false,false,false,false,,false,false,false,true,,,false,false,false,false,false,,true,false,false,false,,false,,,,
SalesAIScoreCycle,,7D5,Sales AI Score Cycle,Sales AI Score Cycles,false,false,false,false,,,false,false,false,false,,false,false,false,true,,,false,false,false,false,false,,true,true,true,false,,false,,,,
SalesAIScoreModelFactor,,1tF,Sales AI Score Model Factor,Sales AI Score Model Factors,false,false,false,false,,,false,false,false,false,,false,false,false,true,,,false,false,false,false,false,,true,true,true,false,,false,,,,
SalesChannel,true,0bI,Sales Channel,Sales Channels,true,true,true,false,,,true,false,false,false,,false,false,false,true,,,false,false,true,false,true,,true,true,true,true,,true,,,true,
SalesChannelOwnerSharingRule,,,Sales Channel Owner Rule,Sales Channel Owner Rule,true,true,true,false,OwnerSharingRule,SalesChannel,false,false,false,false,,false,false,false,true,,,false,false,false,false,false,,true,true,true,false,,false,,,,
Salesforce_Rewind_History_Record__c,true,a02,Salesforce Rewind History Record,Salesforce Rewind History Records,true,true,true,false,,,true,true,false,false,,false,false,false,true,,,false,false,true,false,true,,true,true,true,true,true,true,,,true,
Salesforce_Rewind_History_Record__OwnerSharingRule,,,Owner Rule: Salesforce Rewind History Record,Owner Rule: Salesforce Rewind History Record,true,true,true,false,OwnerSharingRule,Salesforce_Rewind_History_Record__c,false,false,false,false,,false,false,false,true,,,false,false,false,false,false,,true,true,true,false,,false,,,,
SalesStore,true,0aH,Sales Store,Sales Stores,false,false,false,false,,,false,false,false,false,,false,false,false,true,WebStore,,true,false,false,false,false,,true,false,true,false,,false,,,,
SalesStoreCatalog,true,0ak,Sales Store Catalog,Sales Store Catalogs,false,false,false,false,,,false,false,false,false,,false,false,false,true,WebStoreCatalog,,true,false,false,false,false,,true,false,true,false,,false,,,,
SalesTransactionItemShape,true,,,,,,,,,,,,,,,,,,,,,,,,,,,,,,,,,,,,
SalesTransactionShape,true,,,,,,,,,,,,,,,,,,,,,,,,,,,,,,,,,,,,
SalesWorkQueueSettings,,0mV,SalesWorkQueueSettings,SalesWorkQueueSettings,true,true,true,false,,,false,false,false,false,,false,false,false,true,,,false,false,false,false,false,,true,false,true,false,,false,,,,
SamlSsoConfig,,0LE,SAML Single Sign-On Setting,SAML Single Sign-On Settings,false,false,false,false,,,false,false,false,false,,false,false,false,true,,,false,false,false,false,false,,true,false,true,false,,false,,,,
SavedPaymentMethod,true,12q,Saved Payment Method,Saved Payment Methods,false,false,true,false,,,true,false,false,false,,false,false,false,true,,,false,false,true,false,true,,true,true,true,false,true,true,,,,
SavedPaymentMethodEvent,,12j,Saved Payment Method Event,Saved Payment Method Events,false,false,false,false,,,false,false,false,false,,false,false,false,false,,,false,false,false,false,false,,false,false,false,false,true,false,,,,
sbaa__Approval__c,true,a6Z,Approval,Approvals,true,true,true,false,,,true,true,false,false,,false,false,false,true,,,false,false,true,false,false,,true,true,true,true,true,true,,,true,
sbaa__Approval__OwnerSharingRule,,,Owner Rule: Approval,Owner Rule: Approval,true,true,true,false,OwnerSharingRule,sbaa__Approval__c,false,false,false,false,,false,false,false,true,,,false,false,false,false,false,,true,true,true,false,,false,,,,
sbaa__ApprovalChain__c,true,a6T,Approval Chain,Approval Chains,true,true,true,false,,,true,true,false,false,,false,false,false,true,,,false,false,true,false,true,,true,true,true,true,true,true,,,true,
sbaa__ApprovalChain__OwnerSharingRule,,,Owner Rule: Approval Chain,Owner Rule: Approval Chain,true,true,true,false,OwnerSharingRule,sbaa__ApprovalChain__c,false,false,false,false,,false,false,false,true,,,false,false,false,false,false,,true,true,true,false,,false,,,,
sbaa__ApprovalCondition__c,true,a6U,Approval Condition,Approval Condition,true,true,true,false,,,true,true,false,false,,false,false,false,true,,,false,false,true,false,false,,true,true,true,true,true,true,,,true,
sbaa__ApprovalRule__c,true,a6V,Approval Rule,Approval Rules,true,true,true,false,,,true,true,false,false,,false,false,false,true,,,false,false,true,false,true,,true,true,true,true,true,true,,,true,
sbaa__ApprovalRule__OwnerSharingRule,,,Owner Rule: Approval Rule,Owner Rule: Approval Rule,true,true,true,false,OwnerSharingRule,sbaa__ApprovalRule__c,false,false,false,false,,false,false,false,true,,,false,false,false,false,false,,true,true,true,false,,false,,,,
sbaa__ApprovalSettings__c,true,a6W,Approval Settings,Approval Settings,true,true,true,false,,,false,true,true,false,,false,false,false,true,,,false,false,true,false,false,,true,true,true,true,,true,,,true,
sbaa__ApprovalSettings__OwnerSharingRule,,,Owner Rule: Approval Settings,Owner Rule: Approval Settings,true,true,true,false,OwnerSharingRule,sbaa__ApprovalSettings__c,false,false,false,false,,false,false,false,true,,,false,false,false,false,false,,true,true,true,false,,false,,,,
sbaa__ApprovalSnapshot__c,true,a6X,Approval Snapshot,Approval Snapshots,true,true,true,false,,,true,true,false,false,,false,false,false,true,,,false,false,true,false,false,,true,true,true,true,true,true,,,true,
sbaa__ApprovalVariable__c,true,a6Y,Approval Variable,Approval Variables,true,true,true,false,,,true,true,false,false,,false,false,false,true,,,false,false,true,false,true,,true,true,true,true,true,true,,,true,
sbaa__ApprovalVariable__OwnerSharingRule,,,Owner Rule: Approval Variable,Owner Rule: Approval Variable,true,true,true,false,OwnerSharingRule,sbaa__ApprovalVariable__c,false,false,false,false,,false,false,false,true,,,false,false,false,false,false,,true,true,true,false,,false,,,,
sbaa__Approver__c,true,a6a,Approver,Approvers,true,true,true,false,,,true,true,false,false,,false,false,false,true,,,false,false,true,false,true,,true,true,true,true,true,true,,,true,
sbaa__Approver__OwnerSharingRule,,,Owner Rule: Approver,Owner Rule: Approver,true,true,true,false,OwnerSharingRule,sbaa__Approver__c,false,false,false,false,,false,false,false,true,,,false,false,false,false,false,,true,true,true,false,,false,,,,
sbaa__EmailTemplate__c,true,a6b,Email Template,Email Templates,true,true,true,false,,,true,true,false,false,,false,false,false,true,,,false,false,true,false,true,,true,true,true,true,true,true,,,true,
sbaa__EmailTemplate__OwnerSharingRule,,,Owner Rule: Email Template,Owner Rule: Email Template,true,true,true,false,OwnerSharingRule,sbaa__EmailTemplate__c,false,false,false,false,,false,false,false,true,,,false,false,false,false,false,,true,true,true,false,,false,,,,
sbaa__TrackedField__c,true,a6c,Tracked Field,Tracked Fields,true,true,true,false,,,true,true,false,false,,false,false,false,true,,,false,false,true,false,false,,true,true,true,true,true,true,,,true,
sbaa__TrackedField__OwnerSharingRule,,,Owner Rule: Tracked Field,Owner Rule: Tracked Field,true,true,true,false,OwnerSharingRule,sbaa__TrackedField__c,false,false,false,false,,false,false,false,true,,,false,false,false,false,false,,true,true,true,false,,false,,,,
sbaa__TrackedValue__c,true,a6d,Tracked Value,Tracked Values,true,true,true,false,,,true,true,false,false,,false,false,false,true,,,false,false,true,false,false,,true,true,true,true,true,true,,,true,
sbaa__TrackedValue__OwnerSharingRule,,,Owner Rule: Tracked Value,Owner Rule: Tracked Value,true,true,true,false,OwnerSharingRule,sbaa__TrackedValue__c,false,false,false,false,,false,false,false,true,,,false,false,false,false,false,,true,true,true,false,,false,,,,
SBQQ__AttributeSet__c,true,a44,Attribute Set,Attribute Sets,true,true,true,false,,,true,true,false,false,,false,false,false,true,,,false,false,true,false,true,,true,true,true,true,true,true,,,true,
SBQQ__AttributeSet__OwnerSharingRule,,,Owner Rule: Attribute Set,Owner Rule: Attribute Set,true,true,true,false,OwnerSharingRule,SBQQ__AttributeSet__c,false,false,false,false,,false,false,false,true,,,false,false,false,false,false,,true,true,true,false,,false,,,,
SBQQ__AttributeValue__c,true,a45,Attribute Value,Attribute Values,true,true,true,false,,,true,true,false,false,,false,false,false,true,,,false,false,true,false,false,,true,true,true,false,true,true,,,,
SBQQ__BlockPrice__c,true,a46,Block Price,Block Prices,true,true,true,false,,,true,true,false,false,,false,false,false,true,,,false,false,true,false,false,,true,true,true,true,true,true,,,true,
SBQQ__BlockPrice__OwnerSharingRule,,,Owner Rule: Block Price,Owner Rule: Block Price,true,true,true,false,OwnerSharingRule,SBQQ__BlockPrice__c,false,false,false,false,,false,false,false,true,,,false,false,false,false,false,,true,true,true,false,,false,,,,
SBQQ__ColumnMetadata__c,true,a48,Column Metadata,Columns Metadata,true,true,true,false,,,true,true,false,false,,false,false,false,true,,,false,false,true,false,true,,true,true,true,true,true,true,,,true,
SBQQ__ConfigurationAttribute__c,true,a49,Configuration Attribute,Configuration Attributes,true,true,true,false,,,true,true,false,false,,false,false,false,true,,,false,false,true,false,true,,true,true,true,false,true,true,,,,
SBQQ__ConfigurationAttribute__OwnerSharingRule,,,Owner Rule: Configuration Attribute,Owner Rule: Configuration Attribute,true,true,true,false,OwnerSharingRule,SBQQ__ConfigurationAttribute__c,false,false,false,false,,false,false,false,true,,,false,false,false,false,false,,true,true,true,false,,false,,,,
SBQQ__ConfigurationRule__c,true,a4A,Configuration Rule,Configuration Rules,true,true,true,false,,,true,true,false,false,,false,false,false,true,,,false,false,true,false,false,,true,true,true,false,true,true,,,,
SBQQ__ContractedPrice__c,true,a4B,Contracted Price,Contracted Prices,true,true,true,false,,,true,true,false,false,,false,false,false,true,,,false,false,true,false,false,,true,true,true,false,true,true,,,,
SBQQ__Cost__c,true,a4C,Cost,Costs,true,true,true,false,,,true,true,false,false,,false,false,false,true,,,false,false,true,false,false,,true,true,true,false,true,true,,,,
SBQQ__Cost__OwnerSharingRule,,,Owner Rule: Cost,Owner Rule: Cost,true,true,true,false,OwnerSharingRule,SBQQ__Cost__c,false,false,false,false,,false,false,false,true,,,false,false,false,false,false,,true,true,true,false,,false,,,,
SBQQ__CustomAction__c,true,a4E,Custom Action,Custom Actions,true,true,true,false,,,true,true,false,false,,false,false,false,true,,,false,false,true,false,true,,true,true,true,false,true,true,,,,
SBQQ__CustomAction__OwnerSharingRule,,,Owner Rule: Custom Action,Owner Rule: Custom Action,true,true,true,false,OwnerSharingRule,SBQQ__CustomAction__c,false,false,false,false,,false,false,false,true,,,false,false,false,false,false,,true,true,true,false,,false,,,,
SBQQ__CustomActionCondition__c,true,a4D,Custom Action Condition,Custom Action Conditions,true,true,true,false,,,true,true,false,false,,false,false,false,true,,,false,false,true,false,false,,true,true,true,false,true,true,,,,
SBQQ__CustomScript__c,true,a4G,Custom Script,Custom Scripts,true,true,true,false,,,true,true,false,false,,false,false,false,true,,,false,false,true,false,true,,true,true,true,false,true,true,,,,
SBQQ__CustomScript__OwnerSharingRule,,,Owner Rule: Custom Script,Owner Rule: Custom Script,true,true,true,false,OwnerSharingRule,SBQQ__CustomScript__c,false,false,false,false,,false,false,false,true,,,false,false,false,false,false,,true,true,true,false,,false,,,,
SBQQ__Dimension__c,true,a4H,Price Dimension,Price Dimensions,true,true,true,false,,,true,true,false,false,,false,false,false,true,,,false,false,true,false,false,,true,true,true,false,true,true,,,,
SBQQ__Dimension__OwnerSharingRule,,,Owner Rule: Price Dimension,Owner Rule: Price Dimension,true,true,true,false,OwnerSharingRule,SBQQ__Dimension__c,false,false,false,false,,false,false,false,true,,,false,false,false,false,false,,true,true,true,false,,false,,,,
SBQQ__DiscountCategory__c,true,a4I,Discount Category,Discount Categories,true,true,true,false,,,true,true,false,false,,false,false,false,true,,,false,false,true,false,true,,true,true,true,false,true,true,,,,
SBQQ__DiscountCategory__OwnerSharingRule,,,Owner Rule: Discount Category,Owner Rule: Discount Category,true,true,true,false,OwnerSharingRule,SBQQ__DiscountCategory__c,false,false,false,false,,false,false,false,true,,,false,false,false,false,false,,true,true,true,false,,false,,,,
SBQQ__DiscountSchedule__c,true,a4K,Discount Schedule,Discount Schedules,true,true,true,false,,,true,true,false,false,,false,false,false,true,,,false,false,true,false,true,,true,true,true,true,true,true,,,true,
SBQQ__DiscountSchedule__OwnerSharingRule,,,Owner Rule: Discount Schedule,Owner Rule: Discount Schedule,true,true,true,false,OwnerSharingRule,SBQQ__DiscountSchedule__c,false,false,false,false,,false,false,false,true,,,false,false,false,false,false,,true,true,true,false,,false,,,,
SBQQ__DiscountTier__c,true,a4L,Discount Tier,Discount Tiers,true,true,true,false,,,true,true,false,false,,false,false,false,true,,,false,false,true,false,false,,true,true,true,false,true,true,,,,
SBQQ__ErrorCondition__c,true,a4M,Error Condition,Error Conditions,true,true,true,false,,,true,true,false,false,,false,false,false,true,,,false,false,true,false,false,,true,true,true,true,true,true,,,true,
SBQQ__Favorite__c,true,a4P,Favorite,Favorites,true,true,true,false,,,true,true,false,false,,false,false,false,true,,,false,false,true,false,true,,true,true,true,false,true,true,,,,
SBQQ__Favorite__OwnerSharingRule,,,Owner Rule: Favorite,Owner Rule: Favorite,true,true,true,false,OwnerSharingRule,SBQQ__Favorite__c,false,false,false,false,,false,false,false,true,,,false,false,false,false,false,,true,true,true,false,,false,,,,
SBQQ__FavoriteProduct__c,true,a4N,Favorite Product,Favorite Product,true,true,true,false,,,true,true,false,false,,false,false,false,true,,,false,false,true,false,false,,true,true,true,false,true,true,,,,
SBQQ__FavoriteShare__c,true,a4O,Favorite Share,Favorite Shares,true,true,true,false,,,true,true,false,false,,false,false,false,true,,,false,false,true,false,false,,true,true,true,false,true,true,,,,
SBQQ__FieldMetadata__c,true,a4Q,Field Metadata,Field Metadata,true,true,true,false,,,false,true,true,false,,false,false,false,true,,,false,false,true,false,false,,true,true,true,true,,true,,,true,
SBQQ__FieldMetadata__OwnerSharingRule,,,Owner Rule: Field Metadata,Owner Rule: Field Metadata,true,true,true,false,OwnerSharingRule,SBQQ__FieldMetadata__c,false,false,false,false,,false,false,false,true,,,false,false,false,false,false,,true,true,true,false,,false,,,,
SBQQ__FieldSetMetadata__c,true,a4R,FieldSet Metadata,FieldSets Metadata,true,true,true,false,,,true,true,false,false,,false,false,false,true,,,false,false,true,false,true,,true,true,true,true,true,true,,,true,
SBQQ__FieldSetMetadata__OwnerSharingRule,,,Owner Rule: FieldSet Metadata,Owner Rule: FieldSet Metadata,true,true,true,false,OwnerSharingRule,SBQQ__FieldSetMetadata__c,false,false,false,false,,false,false,false,true,,,false,false,false,false,false,,true,true,true,false,,false,,,,
SBQQ__ImportColumn__c,true,a4U,Import Column,Import Columns,true,true,true,false,,,true,true,false,false,,false,false,false,true,,,false,false,true,false,false,,true,true,true,false,true,true,,,,
SBQQ__ImportFormat__c,true,a4V,Import Format,Import Formats,true,true,true,false,,,true,true,false,false,,false,false,false,true,,,false,false,true,false,true,,true,true,true,false,true,true,,,,
SBQQ__ImportFormat__OwnerSharingRule,,,Owner Rule: Import Format,Owner Rule: Import Format,true,true,true,false,OwnerSharingRule,SBQQ__ImportFormat__c,false,false,false,false,,false,false,false,true,,,false,false,false,false,false,,true,true,true,false,,false,,,,
SBQQ__InstallProcessorLog__c,true,a4W,Install Processor Log,Install Processor Logs,true,true,true,false,,,true,true,false,false,,false,false,false,true,,,false,false,true,false,true,,true,true,true,false,true,true,,,,
SBQQ__InstallProcessorLog__OwnerSharingRule,,,Owner Rule: Install Processor Log,Owner Rule: Install Processor Log,true,true,true,false,OwnerSharingRule,SBQQ__InstallProcessorLog__c,false,false,false,false,,false,false,false,true,,,false,false,false,false,false,,true,true,true,false,,false,,,,
SBQQ__LineColumn__c,true,a4X,Line Column,Line Columns,true,true,true,false,,,true,true,false,false,,false,false,false,true,,,false,false,true,false,false,,true,true,true,false,true,true,,,,
SBQQ__Localization__c,true,a4Y,Localization,Localizations,true,true,true,false,,,true,true,false,false,,false,false,false,true,,,false,false,true,false,true,,true,true,true,true,true,true,,,true,
SBQQ__Localization__OwnerSharingRule,,,Owner Rule: Localization,Owner Rule: Localization,true,true,true,false,OwnerSharingRule,SBQQ__Localization__c,false,false,false,false,,false,false,false,true,,,false,false,false,false,false,,true,true,true,false,,false,,,,
SBQQ__LookupData__c,true,a4Z,Lookup Data,Lookup Data,true,true,true,false,,,true,true,false,false,,false,false,false,true,,,false,false,true,false,false,,true,true,true,false,true,true,,,,
SBQQ__LookupData__OwnerSharingRule,,,Owner Rule: Lookup Data,Owner Rule: Lookup Data,true,true,true,false,OwnerSharingRule,SBQQ__LookupData__c,false,false,false,false,,false,false,false,true,,,false,false,false,false,false,,true,true,true,false,,false,,,,
SBQQ__LookupQuery__c,true,a4a,Lookup Query,Lookup Queries,true,true,true,false,,,true,true,false,false,,false,false,false,true,,,false,false,true,false,false,,true,true,true,false,true,true,,,,
SBQQ__LookupQuery__OwnerSharingRule,,,Owner Rule: Lookup Query,Owner Rule: Lookup Query,true,true,true,false,OwnerSharingRule,SBQQ__LookupQuery__c,false,false,false,false,,false,false,false,true,,,false,false,false,false,false,,true,true,true,false,,false,,,,
SBQQ__OptionConstraint__c,true,a4b,Option Constraint,Option Constraints,true,true,true,false,,,true,true,false,false,,false,false,false,true,,,false,false,true,false,false,,true,true,true,true,true,true,,,true,
SBQQ__OrderItemConsumptionRate__c,true,a4c,Order Product Consumption Rate,Order Product Consumption Rates,true,true,true,false,,,true,true,false,false,,false,false,false,true,,,false,false,true,false,false,,true,true,true,true,true,true,,,true,
SBQQ__OrderItemConsumptionSchedule__c,true,a4d,Order Product Consumption Schedule,Order Product Consumption Schedules,true,true,true,false,,,true,true,false,false,,false,false,false,true,,,false,false,true,false,false,,true,true,true,true,true,true,,,true,
SBQQ__OrderItemConsumptionSchedule__OwnerSharingRule,,,Owner Rule: Order Product Consumption Schedule,Owner Rule: Order Product Consumption Schedule,true,true,true,false,OwnerSharingRule,SBQQ__OrderItemConsumptionSchedule__c,false,false,false,false,,false,false,false,true,,,false,false,false,false,false,,true,true,true,false,,false,,,,
SBQQ__PriceAction__c,true,a4e,Price Action,Price Actions,true,true,true,false,,,true,true,false,false,,false,false,false,true,,,false,false,true,false,false,,true,true,true,false,true,true,,,,
SBQQ__PriceCondition__c,true,a4f,Price Condition,Price Conditions,true,true,true,false,,,true,true,false,false,,false,false,false,true,,,false,false,true,false,false,,true,true,true,false,true,true,,,,
SBQQ__PriceRule__c,true,a4g,Price Rule,Price Rules,true,true,true,false,,,true,true,false,false,,false,false,false,true,,,false,false,true,false,true,,true,true,true,true,true,true,,,true,
SBQQ__PriceRule__OwnerSharingRule,,,Owner Rule: Price Rule,Owner Rule: Price Rule,true,true,true,false,OwnerSharingRule,SBQQ__PriceRule__c,false,false,false,false,,false,false,false,true,,,false,false,false,false,false,,true,true,true,false,,false,,,,
SBQQ__PriceSchedule__c,true,a4h,Price Schedule,Price Schedules,true,true,true,false,,,true,true,false,false,,false,false,false,true,,,false,false,true,false,true,,true,true,true,true,true,true,,,true,
SBQQ__PriceSchedule__OwnerSharingRule,,,Owner Rule: Price Schedule,Owner Rule: Price Schedule,true,true,true,false,OwnerSharingRule,SBQQ__PriceSchedule__c,false,false,false,false,,false,false,false,true,,,false,false,false,false,false,,true,true,true,false,,false,,,,
SBQQ__PriceTier__c,true,a4i,Price Tier,Price Tiers,true,true,true,false,,,true,true,false,false,,false,false,false,true,,,false,false,true,false,false,,true,true,true,false,true,true,,,,
SBQQ__PricingGuidance__c,true,a4k,Pricing Guidance,Pricing Guidance,true,true,true,false,,,true,true,false,false,,false,false,false,true,,,false,false,true,false,true,,true,true,true,true,true,true,,,true,
SBQQ__PricingGuidance__OwnerSharingRule,,,Owner Rule: Pricing Guidance,Owner Rule: Pricing Guidance,true,true,true,false,OwnerSharingRule,SBQQ__PricingGuidance__c,false,false,false,false,,false,false,false,true,,,false,false,false,false,false,,true,true,true,false,,false,,,,
SBQQ__PricingGuidanceTier__c,true,a4j,Pricing Guidance Tier,Pricing Guidance Tiers,true,true,true,false,,,true,true,false,false,,false,false,false,true,,,false,false,true,false,false,,true,true,true,false,true,true,,,,
SBQQ__ProcessInput__c,true,a4n,Process Input,Process Inputs,true,true,true,false,,,true,true,false,false,,false,false,false,true,,,false,false,true,false,false,,true,true,true,false,true,true,,,,
SBQQ__ProcessInputCondition__c,true,a4l,Process Input Condition,Process Input Conditions,true,true,true,false,,,true,true,false,false,,false,false,false,true,,,false,false,true,false,false,,true,true,true,false,true,true,,,,
SBQQ__ProcessInputValue__c,true,a4m,Process Input Values,Process Input Values,true,true,true,false,,,true,true,false,false,,false,false,false,true,,,false,false,true,false,false,,true,true,true,false,true,true,,,,
SBQQ__ProcessInputValue__OwnerSharingRule,,,Owner Rule: Process Input Values,Owner Rule: Process Input Values,true,true,true,false,OwnerSharingRule,SBQQ__ProcessInputValue__c,false,false,false,false,,false,false,false,true,,,false,false,false,false,false,,true,true,true,false,,false,,,,
SBQQ__ProductAction__c,true,a4o,Product Action,Product Actions,true,true,true,false,,,true,true,false,false,,false,false,false,true,,,false,false,true,false,false,,true,true,true,false,true,true,,,,
SBQQ__ProductAttribute__c,true,a4q,Attribute Item,Attribute Items,true,true,true,false,,,true,true,false,false,,false,false,false,true,,,false,false,true,false,false,,true,true,true,false,true,true,,,,
SBQQ__ProductAttributeSet__c,true,a4p,Product Attribute Set,Product Attribute Sets,true,true,true,false,,,true,true,false,false,,false,false,false,true,,,false,false,true,false,false,,true,true,true,false,true,true,,,,
SBQQ__ProductAttributeSet__OwnerSharingRule,,,Owner Rule: Product Attribute Set,Owner Rule: Product Attribute Set,true,true,true,false,OwnerSharingRule,SBQQ__ProductAttributeSet__c,false,false,false,false,,false,false,false,true,,,false,false,false,false,false,,true,true,true,false,,false,,,,
SBQQ__ProductFeature__c,true,a4r,Product Feature,Product Features,true,true,true,false,,,true,true,false,false,,false,false,false,true,,,false,false,true,false,false,,true,true,true,true,true,true,,,true,
SBQQ__ProductFeature__OwnerSharingRule,,,Owner Rule: Product Feature,Owner Rule: Product Feature,true,true,true,false,OwnerSharingRule,SBQQ__ProductFeature__c,false,false,false,false,,false,false,false,true,,,false,false,false,false,false,,true,true,true,false,,false,,,,
SBQQ__ProductOption__c,true,a4s,Product Option,Product Options,true,true,true,false,,,true,true,false,false,,false,false,false,true,,,false,false,true,false,false,,true,true,true,true,true,true,,,true,
SBQQ__ProductOption__OwnerSharingRule,,,Owner Rule: Product Option,Owner Rule: Product Option,true,true,true,false,OwnerSharingRule,SBQQ__ProductOption__c,false,false,false,false,,false,false,false,true,,,false,false,false,false,false,,true,true,true,false,,false,,,,
SBQQ__ProductRule__c,true,a4t,Product Rule,Product Rules,true,true,true,false,,,true,true,false,false,,false,false,false,true,,,false,false,true,false,true,,true,true,true,false,true,true,,,,
SBQQ__ProductRule__OwnerSharingRule,,,Owner Rule: Product Rule,Owner Rule: Product Rule,true,true,true,false,OwnerSharingRule,SBQQ__ProductRule__c,false,false,false,false,,false,false,false,true,,,false,false,false,false,false,,true,true,true,false,,false,,,,
SBQQ__Quote__c,true,a53,Quote,Quotes,true,true,true,false,,,true,true,false,false,,false,true,false,true,,,false,false,true,false,true,,true,true,true,true,true,true,,,true,
SBQQ__Quote__OwnerSharingRule,,,Owner Rule: Quote,Owner Rule: Quote,true,true,true,false,OwnerSharingRule,SBQQ__Quote__c,false,false,false,false,,false,false,false,true,,,false,false,false,false,false,,true,true,true,false,,false,,,,
SBQQ__QuoteDocument__c,true,a4u,Quote Document,Quote Documents,true,true,true,false,,,true,true,false,false,,false,false,false,true,,,false,false,true,false,false,,true,true,true,true,true,true,,,true,
SBQQ__QuoteLine__c,true,a4z,Quote Line,Quote Lines,true,true,true,false,,,true,true,false,false,,false,false,false,true,,,false,false,true,false,false,,true,true,true,true,true,true,,,true,
SBQQ__QuoteLineConsumptionRate__c,true,a4v,Quote Line Consumption Rate,Quote Line Consumption Rates,true,true,true,false,,,true,true,false,false,,false,false,false,true,,,false,false,true,false,false,,true,true,true,true,true,true,,,true,
SBQQ__QuoteLineConsumptionSchedule__c,true,a4w,Quote Line Consumption Schedule,Quote Line Consumption Schedules,true,true,true,false,,,true,true,false,false,,false,false,false,true,,,false,false,true,false,false,,true,true,true,true,true,true,,,true,
SBQQ__QuoteLineGroup__c,true,a4x,Quote Line Group,Quote Line Groups,true,true,true,false,,,true,true,false,false,,false,false,false,true,,,false,false,true,false,false,,true,true,true,false,true,true,,,,
SBQQ__QuoteLinePricingGuidance__c,true,a4y,Quote Line Pricing Guidance,Quote Line Pricing Guidance,true,true,true,false,,,true,true,false,false,,false,false,false,true,,,false,false,true,false,false,,true,true,true,false,true,true,,,,
SBQQ__QuoteProcess__c,true,a50,Quote Process,Quote Processes,true,true,true,false,,,true,true,false,false,,false,false,false,true,,,false,false,true,false,true,,true,true,true,true,true,true,,,true,
SBQQ__QuoteProcess__OwnerSharingRule,,,Owner Rule: Quote Process,Owner Rule: Quote Process,true,true,true,false,OwnerSharingRule,SBQQ__QuoteProcess__c,false,false,false,false,,false,false,false,true,,,false,false,false,false,false,,true,true,true,false,,false,,,,
SBQQ__QuoteTemplate__c,true,a51,Quote Template,Quote Templates,true,true,true,false,,,true,true,false,false,,false,false,false,true,,,false,false,true,false,true,,true,true,true,true,true,true,,,true,
SBQQ__QuoteTemplate__OwnerSharingRule,,,Owner Rule: Quote Template,Owner Rule: Quote Template,true,true,true,false,OwnerSharingRule,SBQQ__QuoteTemplate__c,false,false,false,false,,false,false,false,true,,,false,false,false,false,false,,true,true,true,false,,false,,,,
SBQQ__QuoteTerm__c,true,a52,Quote Term,Quote Terms,true,true,true,false,,,true,true,false,false,,false,false,false,true,,,false,false,true,false,true,,true,true,true,true,true,true,,,true,
SBQQ__QuoteTerm__OwnerSharingRule,,,Owner Rule: Quote Term,Owner Rule: Quote Term,true,true,true,false,OwnerSharingRule,SBQQ__QuoteTerm__c,false,false,false,false,,false,false,false,true,,,false,false,false,false,false,,true,true,true,false,,false,,,,
SBQQ__RecordJob__c,true,a54,Record Job,Record Jobs,true,true,true,false,,,true,true,false,false,,false,false,false,true,,,false,false,true,false,false,,true,true,true,false,true,true,,,,
SBQQ__RecordJob__OwnerSharingRule,,,Owner Rule: Record Job,Owner Rule: Record Job,true,true,true,false,OwnerSharingRule,SBQQ__RecordJob__c,false,false,false,false,,false,false,false,true,,,false,false,false,false,false,,true,true,true,false,,false,,,,
SBQQ__RelatedContent__c,true,a56,Additional Document,Additional Documents,true,true,true,false,,,true,true,false,false,,false,false,false,true,,,false,false,true,false,false,,true,true,true,true,true,true,,,true,
SBQQ__RelatedContent__OwnerSharingRule,,,Owner Rule: Additional Document,Owner Rule: Additional Document,true,true,true,false,OwnerSharingRule,SBQQ__RelatedContent__c,false,false,false,false,,false,false,false,true,,,false,false,false,false,false,,true,true,true,false,,false,,,,
SBQQ__SearchFilter__c,true,a58,Search Filter,Search Filters,true,true,true,false,,,true,true,false,false,,false,false,false,true,,,false,false,true,false,true,,true,true,true,true,true,true,,,true,
SBQQ__SearchFilter__OwnerSharingRule,,,Owner Rule: Search Filter,Owner Rule: Search Filter,true,true,true,false,OwnerSharingRule,SBQQ__SearchFilter__c,false,false,false,false,,false,false,false,true,,,false,false,false,false,false,,true,true,true,false,,false,,,,
SBQQ__SearchIndex__c,true,a59,Search Index,Search Index,true,true,true,false,,,true,true,false,false,,false,false,false,true,,,false,false,true,false,false,,true,true,true,true,true,true,,,true,
SBQQ__SearchIndex__OwnerSharingRule,,,Owner Rule: Search Index,Owner Rule: Search Index,true,true,true,false,OwnerSharingRule,SBQQ__SearchIndex__c,false,false,false,false,,false,false,false,true,,,false,false,false,false,false,,true,true,true,false,,false,,,,
SBQQ__SolutionGroup__c,true,a5A,Solution Group,Solution Groups,true,true,true,false,,,true,true,false,false,,false,false,false,true,,,false,false,true,false,true,,true,true,true,true,true,true,,,true,
SBQQ__SolutionGroup__OwnerSharingRule,,,Owner Rule: Solution Group,Owner Rule: Solution Group,true,true,true,false,OwnerSharingRule,SBQQ__SolutionGroup__c,false,false,false,false,,false,false,false,true,,,false,false,false,false,false,,true,true,true,false,,false,,,,
SBQQ__SubscribedAsset__c,true,a5B,Subscribed Asset,Subscribed Assets,true,true,true,false,,,true,true,false,false,,false,false,false,true,,,false,false,true,false,false,,true,true,true,false,true,true,,,,
SBQQ__SubscribedQuoteLine__c,true,a5C,Subscribed Quote Line,Subscribed Quote Lines,true,true,true,false,,,true,true,false,false,,false,false,false,true,,,false,false,true,false,false,,true,true,true,false,true,true,,,,
SBQQ__SubscribedQuoteLine__OwnerSharingRule,,,Owner Rule: Subscribed Quote Line,Owner Rule: Subscribed Quote Line,true,true,true,false,OwnerSharingRule,SBQQ__SubscribedQuoteLine__c,false,false,false,false,,false,false,false,true,,,false,false,false,false,false,,true,true,true,false,,false,,,,
SBQQ__Subscription__c,true,a5F,Subscription,Subscriptions,true,true,true,false,,,true,true,false,false,,false,false,false,true,,,false,false,true,false,false,,true,true,true,false,true,true,,,,
SBQQ__Subscription__OwnerSharingRule,,,Owner Rule: Subscription,Owner Rule: Subscription,true,true,true,false,OwnerSharingRule,SBQQ__Subscription__c,false,false,false,false,,false,false,false,true,,,false,false,false,false,false,,true,true,true,false,,false,,,,
SBQQ__SubscriptionConsumptionRate__c,true,a5D,Subscription Consumption Rate,Subscription Consumption Rates,true,true,true,false,,,true,true,false,false,,false,false,false,true,,,false,false,true,false,false,,true,true,true,true,true,true,,,true,
SBQQ__SubscriptionConsumptionSchedule__c,true,a5E,Subscription Consumption Schedule,Subscription Consumption Schedules,true,true,true,false,,,true,true,false,false,,false,false,false,true,,,false,false,true,false,false,,true,true,true,true,true,true,,,true,
SBQQ__SummaryVariable__c,true,a5G,Summary Variable,Summary Variables,true,true,true,false,,,true,true,false,false,,false,false,false,true,,,false,false,true,false,true,,true,true,true,true,true,true,,,true,
SBQQ__SummaryVariable__OwnerSharingRule,,,Owner Rule: Summary Variable,Owner Rule: Summary Variable,true,true,true,false,OwnerSharingRule,SBQQ__SummaryVariable__c,false,false,false,false,,false,false,false,true,,,false,false,false,false,false,,true,true,true,false,,false,,,,
SBQQ__TaxExemptionCertificate__c,true,a5H,Tax Exemption Certificate,Tax Exemption Certificates,true,true,true,false,,,true,true,false,false,,false,false,false,true,,,false,false,true,false,false,,true,true,true,true,true,true,,,true,
SBQQ__TemplateContent__c,true,a5I,Template Content,Template Content,true,true,true,false,,,true,true,false,false,,false,false,false,true,,,false,false,true,false,true,,true,true,true,false,true,true,,,,
SBQQ__TemplateContent__OwnerSharingRule,,,Owner Rule: Template Content,Owner Rule: Template Content,true,true,true,false,OwnerSharingRule,SBQQ__TemplateContent__c,false,false,false,false,,false,false,false,true,,,false,false,false,false,false,,true,true,true,false,,false,,,,
SBQQ__TemplateSection__c,true,a5J,Template Section,Template Sections,true,true,true,false,,,true,true,false,false,,false,false,false,true,,,false,false,true,false,false,,true,true,true,false,true,true,,,,
SBQQ__TermCondition__c,true,a5K,Term Condition,Term Conditions,true,true,true,false,,,true,true,false,false,,false,false,false,true,,,false,false,true,false,false,,true,true,true,false,true,true,,,,
SBQQ__Theme__c,true,a5L,Theme,Themes,true,true,true,false,,,true,true,false,false,,false,false,false,true,,,false,false,true,false,true,,true,true,true,false,true,true,,,,
SBQQ__Theme__OwnerSharingRule,,,Owner Rule: Theme,Owner Rule: Theme,true,true,true,false,OwnerSharingRule,SBQQ__Theme__c,false,false,false,false,,false,false,false,true,,,false,false,false,false,false,,true,true,true,false,,false,,,,
SBQQ__TimingLog__c,true,a5M,Timing Log,Timing Logs,true,true,true,false,,,true,true,false,false,,false,false,false,true,,,false,false,true,false,false,,true,true,true,false,true,true,,,,
SBQQ__TimingLog__OwnerSharingRule,,,Owner Rule: Timing Log,Owner Rule: Timing Log,true,true,true,false,OwnerSharingRule,SBQQ__TimingLog__c,false,false,false,false,,false,false,false,true,,,false,false,false,false,false,,true,true,true,false,,false,,,,
SBQQ__UpgradeSource__c,true,a5N,Upgrade Source,Upgrade Sources,true,true,true,false,,,true,true,false,false,,false,false,false,true,,,false,false,true,false,false,,true,true,true,false,true,true,,,,
SBQQ__UpgradeSource__OwnerSharingRule,,,Owner Rule: Upgrade Source,Owner Rule: Upgrade Source,true,true,true,false,OwnerSharingRule,SBQQ__UpgradeSource__c,false,false,false,false,,false,false,false,true,,,false,false,false,false,false,,true,true,true,false,,false,,,,
SBQQ__WebQuote__c,true,a5P,Web Quote,Web Quotes,true,true,true,false,,,true,true,false,false,,false,false,false,true,,,false,false,true,false,true,,true,true,true,true,true,true,,,true,
SBQQ__WebQuote__OwnerSharingRule,,,Owner Rule: Web Quote,Owner Rule: Web Quote,true,true,true,false,OwnerSharingRule,SBQQ__WebQuote__c,false,false,false,false,,false,false,false,true,,,false,false,false,false,false,,true,true,true,false,,false,,,,
SBQQ__WebQuoteLine__c,true,a5O,Web Quote Line,Web Quote Lines,true,true,true,false,,,true,true,false,false,,false,false,false,true,,,false,false,true,false,false,,true,true,true,false,true,true,,,,
ScheduleBrdcstApptResource,true,18Z,Schedule Broadcast Appointment Resource,Schedule Broadcast Appointment Resources,false,false,false,false,,,true,false,false,false,,false,false,false,true,,,false,false,true,false,true,,true,true,true,true,true,false,,,true,
ScheduleBrdcstApptResourceOwnerSharingRule,,,Schedule Broadcast Appointment Resource Owner Rule,Schedule Broadcast Appointment Resource Owner Rule,true,true,true,false,OwnerSharingRule,ScheduleBrdcstApptResource,false,false,false,false,,false,false,false,true,,,false,false,false,false,false,,true,true,true,false,,false,,,,
ScheduleBroadcast,true,18U,Schedule Broadcast,Schedule Broadcasts,false,false,false,false,,,true,false,false,false,,false,false,false,true,,,false,false,true,false,true,,true,true,true,true,true,false,,,true,
ScheduleBroadcastAppointment,true,18Y,Schedule Broadcast Appointment,Schedule Broadcast Appointments,false,false,false,false,,,true,false,false,false,,false,false,false,true,,,false,false,true,false,true,,true,true,true,true,true,false,,,true,
ScheduleBroadcastAppointmentOwnerSharingRule,,,Schedule Broadcast Appointment Owner Rule,Schedule Broadcast Appointment Owner Rule,true,true,true,false,OwnerSharingRule,ScheduleBroadcastAppointment,false,false,false,false,,false,false,false,true,,,false,false,false,false,false,,true,true,true,false,,false,,,,
ScheduleBroadcastOwnerSharingRule,,,Schedule Broadcast Owner Rule,Schedule Broadcast Owner Rule,true,true,true,false,OwnerSharingRule,ScheduleBroadcast,false,false,false,false,,false,false,false,true,,,false,false,false,false,false,,true,true,true,false,,false,,,,
ScheduleBroadcastTerritory,true,18X,Schedule Broadcast Territory,Schedule Broadcast Territories,false,false,false,false,,,true,false,false,false,,false,false,false,true,,,false,false,true,false,true,,true,true,true,true,true,false,,,true,
ScheduledTSDetails__c,true,a41,ScheduledTSDetails,ScheduledTSDetails,true,true,true,false,,,true,true,false,false,,false,false,false,true,,,false,false,true,false,false,,true,true,true,false,true,true,,,,
ScheduledTSDetails__OwnerSharingRule,,,Owner Rule: ScheduledTSDetails,Owner Rule: ScheduledTSDetails,true,true,true,false,OwnerSharingRule,ScheduledTSDetails__c,false,false,false,false,,false,false,false,true,,,false,false,false,false,false,,true,true,true,false,,false,,,,
SchedulingConstraint,true,0hA,Scheduling Constraint,Scheduling Constraints,true,true,true,false,,,true,false,false,false,,false,false,false,true,,,false,false,true,false,true,,true,true,true,false,,false,,,,
SchedulingConstraintOwnerSharingRule,,,Scheduling Constraint Owner Rule,Scheduling Constraint Owner Rule,true,true,true,false,OwnerSharingRule,SchedulingConstraint,false,false,false,false,,false,false,false,true,,,false,false,false,false,false,,true,true,true,false,,false,,,,
SchedulingObjective,,0no,Scheduling Objective,Scheduling Objectives,true,true,true,false,,,true,false,false,false,,false,false,false,true,,,false,false,true,false,true,,true,false,true,false,,false,,,,
SchedulingObjectiveParameter,,0np,Scheduling Objective Parameter,Scheduling Objective Parameters,true,true,true,false,,,false,false,false,false,,false,false,false,true,,,false,false,false,false,false,,true,false,true,false,,false,,,,
SchedulingRule,,0Md,Scheduling Rule,Scheduling Rules,true,true,true,false,,,true,false,false,false,,false,false,false,true,,,false,false,true,false,true,,true,false,true,false,,false,,,,
SchedulingRuleParameter,,0hm,Scheduling Rule Parameter,Scheduling Rule Parameters,true,true,true,false,,,false,false,false,false,,false,false,false,true,,,false,false,false,false,false,,true,false,true,false,,false,,,,
SchedulingWorkspace,true,19D,Scheduling Workspace,Scheduling Workspaces,true,true,true,false,,,true,false,false,false,,false,false,false,true,,,false,false,true,false,true,,true,true,true,true,true,true,,,true,
SchedulingWorkspaceOwnerSharingRule,,,Scheduling Workspace Owner Rule,Scheduling Workspace Owner Rule,true,true,true,false,OwnerSharingRule,SchedulingWorkspace,false,false,false,false,,false,false,false,true,,,false,false,false,false,false,,true,true,true,false,,false,,,,
SchedulingWorkspaceTerritory,true,19E,Scheduling Workspace Territory,Scheduling Workspace Territories,true,true,true,false,,,true,false,false,false,,false,false,false,true,,,false,false,true,false,true,,true,true,true,true,true,true,,,true,
Scontrol,,01N,Custom S-Control,Custom S-Controls,false,true,true,false,,,false,false,false,false,,false,false,false,true,,,false,false,false,false,false,,true,true,true,false,,false,,,,
ScontrolLocalization,,,Scontrol Localization,Scontrol Localization,true,true,true,false,Localization,Scontrol,false,false,false,false,,false,false,false,true,,,false,false,false,false,false,,true,true,true,false,,false,,,,
Scope3CrbnFtprnt,true,0pa,Scope 3 Carbon Footprint,Scope 3 Carbon Footprints,false,false,false,false,,,true,false,false,false,,false,false,false,true,,,false,false,true,false,true,,true,true,true,true,true,false,,,true,
Scope3CrbnFtprntOwnerSharingRule,,,Scope 3 Carbon Footprint Owner Rule,Scope 3 Carbon Footprint Owner Rule,true,true,true,false,OwnerSharingRule,Scope3CrbnFtprnt,false,false,false,false,,false,false,false,true,,,false,false,false,false,false,,true,true,true,false,,false,,,,
Scope3EmssnSrc,true,0pc,Scope 3 Emissions Source,Scope 3 Emissions Sources,false,false,false,false,,,true,false,false,false,,false,false,false,true,,,false,false,true,false,true,,true,true,true,true,true,false,,,true,
Scope3EmssnSrcOwnerSharingRule,,,Scope 3 Emissions Source Owner Rule,Scope 3 Emissions Source Owner Rule,true,true,true,false,OwnerSharingRule,Scope3EmssnSrc,false,false,false,false,,false,false,false,true,,,false,false,false,false,false,,true,true,true,false,,false,,,,
Scope3PcmtItem,true,0pd,Scope 3 Procurement Item,Scope 3 Procurement Items,false,false,false,false,,,true,false,false,false,,false,false,false,true,,,false,false,true,false,true,,true,true,true,true,true,false,,,true,
Scope3PcmtSummary,true,0pe,Scope 3 Procurement Summary,Scope 3 Procurement Summaries,false,false,false,false,,,true,false,false,false,,false,false,false,true,,,false,false,true,false,true,,true,true,true,true,true,false,,,true,
Scope3PcmtSummaryOwnerSharingRule,,,Scope 3 Procurement Summary Owner Rule,Scope 3 Procurement Summary Owner Rule,true,true,true,false,OwnerSharingRule,Scope3PcmtSummary,false,false,false,false,,false,false,false,true,,,false,false,false,false,false,,true,true,true,false,,false,,,,
Scorecard,true,01f,Scorecard,Scorecards,true,true,true,false,,,true,false,false,false,,false,false,false,true,,,false,false,true,false,true,,true,true,true,false,,true,,,,
ScorecardAssociation,true,0Qn,Scorecard Association,Scorecard Associations,true,true,true,false,,,true,false,false,false,,false,false,false,true,,,false,false,true,false,true,,true,true,false,false,,true,,,,
ScorecardMetric,true,0Om,Scorecard Metric,Scorecard Metrics,true,true,true,false,,,true,false,false,false,,false,false,false,true,,,false,false,true,false,false,,true,true,true,false,,true,,,,
ScorecardOwnerSharingRule,,,Scorecard Owner Rule,Scorecard Owner Rule,true,true,true,false,OwnerSharingRule,Scorecard,false,false,false,false,,false,false,false,true,,,false,false,false,false,false,,true,true,true,false,,false,,,,
ScoreCategory,,0gz,Score Category,Score Categories,true,true,true,false,,,false,false,false,false,,false,false,false,true,,,false,false,false,false,false,,true,false,true,false,,false,,,,
ScoreCategoryCalcInsight,,0sB,Score Category Calculated Insight,Score Category Calculated Insights,true,true,true,false,,,false,false,false,false,,false,false,false,true,,,false,false,false,false,false,,true,false,true,false,,false,,,,
ScoreRangeClassification,,0hj,Score Range Classification,Score Range Classifications,true,true,true,false,,,false,false,false,false,,false,false,false,true,,,false,false,false,false,false,,true,false,true,false,,false,,,,
ScratchOrgInfo,true,2SR,Scratch Org Info,Scratch Org Infos,true,true,true,false,,,true,false,false,false,,false,false,false,true,,,false,false,true,false,true,,true,true,true,false,true,false,,,,
ScratchOrgInfoOwnerSharingRule,,,Scratch Org Info Owner Rule,Scratch Org Info Owner Rule,true,true,true,false,OwnerSharingRule,ScratchOrgInfo,false,false,false,false,,false,false,false,true,,,false,false,false,false,false,,true,true,true,false,,false,,,,
scrubDemo_Interaction_Analysis__c,true,a3b,Interaction Analysis,Interaction Analyses,true,true,true,false,,,true,true,false,false,,false,false,false,true,,,false,false,true,false,false,,true,true,true,false,true,true,,,,
SDO_B2BCommerce_CustomContent__c,true,a6q,B2BLE Custom Content,B2BLE Custom Content,true,true,true,false,,,true,true,false,false,,false,false,false,true,,,false,false,true,false,false,,true,true,true,true,true,true,,,true,
SDO_B2BCommerce_CustomContent__OwnerSharingRule,,,Owner Rule: B2BLE Custom Content,Owner Rule: B2BLE Custom Content,true,true,true,false,OwnerSharingRule,SDO_B2BCommerce_CustomContent__c,false,false,false,false,,false,false,false,true,,,false,false,false,false,false,,true,true,true,false,,false,,,,
SDO_B2BCommerce_Tier_Voucher_Rule__c,true,a6f,Tier Voucher Rule,Tier Voucher Rules,true,true,true,false,,,true,true,false,false,,false,false,false,true,,,false,false,true,false,true,,true,true,true,true,true,true,,,true,
SDO_B2BCommerce_Tier_Voucher_Rule__OwnerSharingRule,,,Owner Rule: Tier Voucher Rule,Owner Rule: Tier Voucher Rule,true,true,true,false,OwnerSharingRule,SDO_B2BCommerce_Tier_Voucher_Rule__c,false,false,false,false,,false,false,false,true,,,false,false,false,false,false,,true,true,true,false,,false,,,,
SDO_C360_Address__c,true,a3I,C360 Address,C360 Addresses,true,true,true,false,,,true,true,false,false,,false,false,false,true,,,false,false,true,false,false,,true,true,true,true,true,true,,,true,
SDO_C360_Address__OwnerSharingRule,,,Owner Rule: C360 Address,Owner Rule: C360 Address,true,true,true,false,OwnerSharingRule,SDO_C360_Address__c,false,false,false,false,,false,false,false,true,,,false,false,false,false,false,,true,true,true,false,,false,,,,
SDO_ChannelPartner_Certification__c,true,a1T,Certification,Certifications,true,true,true,false,,,true,true,false,false,,false,true,false,true,,,false,false,true,false,true,,true,true,true,true,true,true,,,true,
SDO_Community_Course_Enrollment__c,true,a1M,Course Enrollment,Course Enrollments,true,true,true,false,,,true,true,false,false,,false,false,false,true,,,false,false,true,false,true,,true,true,true,true,true,true,,,true,
SDO_Community_Idea_Issues__c,true,a1N,Idea Issue,Idea Issues,true,true,true,false,,,true,true,false,false,,false,false,false,true,,,false,false,true,false,false,,true,true,true,true,true,true,,,true,
SDO_Community_Idea_Team__c,true,a1O,Idea Team,Idea Team,true,true,true,false,,,true,true,false,false,,false,false,false,true,,,false,false,true,false,false,,true,true,true,true,true,true,,,true,
SDO_Community_Ideas_Projects__c,true,a1P,Idea in Action,Ideas in Action,true,true,true,false,,,true,true,false,false,,false,false,false,true,,,false,false,true,false,false,,true,true,true,true,true,true,,,true,
SDO_Community_Ideas_Projects__OwnerSharingRule,,,Owner Rule: Idea in Action,Owner Rule: Idea in Action,true,true,true,false,OwnerSharingRule,SDO_Community_Ideas_Projects__c,false,false,false,false,,false,false,false,true,,,false,false,false,false,false,,true,true,true,false,,false,,,,
SDO_Community_Related_Idea__c,true,a1Q,Related Idea,Related Ideas,true,true,true,false,,,true,true,false,false,,false,false,false,true,,,false,false,true,false,false,,true,true,true,true,true,true,,,true,
SDO_Community_Related_Idea__OwnerSharingRule,,,Owner Rule: Related Idea,Owner Rule: Related Idea,true,true,true,false,OwnerSharingRule,SDO_Community_Related_Idea__c,false,false,false,false,,false,false,false,true,,,false,false,false,false,false,,true,true,true,false,,false,,,,
SDO_Community_Training_Course__c,true,a1R,Training Course,Training Courses,true,true,true,false,,,true,true,false,false,,false,true,false,true,,,false,false,true,false,true,,true,true,true,true,true,true,,,true,
SDO_Community_Training_Course__OwnerSharingRule,,,Owner Rule: Training Course,Owner Rule: Training Course,true,true,true,false,OwnerSharingRule,SDO_Community_Training_Course__c,false,false,false,false,,false,false,false,true,,,false,false,false,false,false,,true,true,true,false,,false,,,,
SDO_Customer360_Custom_Activity__c,true,a3J,Custom Activity,Custom Activities,true,true,true,false,,,true,true,false,false,,false,false,false,true,,,false,false,true,false,false,,true,true,true,true,true,true,,,true,
SDO_Customer360_Custom_Activity__OwnerSharingRule,,,Owner Rule: Custom Activity,Owner Rule: Custom Activity,true,true,true,false,OwnerSharingRule,SDO_Customer360_Custom_Activity__c,false,false,false,false,,false,false,false,true,,,false,false,false,false,false,,true,true,true,false,,false,,,,
SDO_Einstein_Customer_Profile__c,true,a42,Customer Profile,Customer Profile,true,true,true,false,,,true,true,false,false,,false,false,false,true,,,false,false,true,false,true,,true,true,true,true,true,true,,,true,
SDO_Einstein_Customer_Profile__OwnerSharingRule,,,Owner Rule: Customer Profile,Owner Rule: Customer Profile,true,true,true,false,OwnerSharingRule,SDO_Einstein_Customer_Profile__c,false,false,false,false,,false,false,false,true,,,false,false,false,false,false,,true,true,true,false,,false,,,,
SDO_Experience_ContentArticle__c,true,a1K,Content Article,Content Article,true,true,true,false,,,true,true,false,false,,false,false,false,true,,,false,false,true,false,true,,true,true,true,true,true,true,,,true,
SDO_Experience_ContentArticle__OwnerSharingRule,,,Owner Rule: Content Article,Owner Rule: Content Article,true,true,true,false,OwnerSharingRule,SDO_Experience_ContentArticle__c,false,false,false,false,,false,false,false,true,,,false,false,false,false,false,,true,true,true,false,,false,,,,
SDO_Experience_ContentCollection__c,true,a1L,Content Collection,Content Collections,true,true,true,false,,,true,true,false,false,,false,false,false,true,,,false,false,true,false,true,,true,true,true,true,true,true,,,true,
SDO_Experience_ContentCollection__OwnerSharingRule,,,Owner Rule: Content Collection,Owner Rule: Content Collection,true,true,true,false,OwnerSharingRule,SDO_Experience_ContentCollection__c,false,false,false,false,,false,false,false,true,,,false,false,false,false,false,,true,true,true,false,,false,,,,
SDO_OMS_Export_FOI__c,true,a7E,Export_FOI,Export_FOIs,true,true,true,false,,,true,true,false,false,,false,false,false,true,,,false,false,true,false,false,,true,true,true,false,true,true,,,,
SDO_OMS_Export_FOI__OwnerSharingRule,,,Owner Rule: Export_FOI,Owner Rule: Export_FOI,true,true,true,false,OwnerSharingRule,SDO_OMS_Export_FOI__c,false,false,false,false,,false,false,false,true,,,false,false,false,false,false,,true,true,true,false,,false,,,,
SDO_OMS_Link_Order_Summary__c,true,a7F,Link Order Summary,Link Order Summaries,true,true,true,false,,,true,true,false,false,,false,false,false,true,,,false,false,true,false,false,,true,true,true,false,true,true,,,,
SDO_Platform_Events_Button__c,true,a0L,Platform Events Button,Platform Events Buttons,true,true,true,false,,,true,true,false,false,,false,false,false,true,,,false,false,true,false,false,,true,true,true,true,true,true,,,true,
SDO_Platform_Events_Page__c,true,a0M,Platform Events Page,Platform Events Pages,true,true,true,false,,,true,true,false,false,,false,false,false,true,,,false,false,true,false,false,,true,true,true,true,true,true,,,true,
SDO_Platform_Events_Page__OwnerSharingRule,,,Owner Rule: Platform Events Page,Owner Rule: Platform Events Page,true,true,true,false,OwnerSharingRule,SDO_Platform_Events_Page__c,false,false,false,false,,false,false,false,true,,,false,false,false,false,false,,true,true,true,false,,false,,,,
SDO_Sales_ChannelPlan_Objective__c,true,a7N,Objective,Objectives,true,true,true,false,,,true,true,false,false,,false,false,false,true,,,false,false,true,false,false,,true,true,true,true,true,true,,,true,
SDO_Sales_ChannelPlan_Objective__OwnerSharingRule,,,Owner Rule: Objective,Owner Rule: Objective,true,true,true,false,OwnerSharingRule,SDO_Sales_ChannelPlan_Objective__c,false,false,false,false,,false,false,false,true,,,false,false,false,false,false,,true,true,true,false,,false,,,,
SDO_Sales_ChannelTeam__c,true,a7O,Channel Team,Channel Team,true,true,true,false,,,true,true,false,false,,false,false,false,true,,,false,false,true,false,false,,true,true,true,true,true,true,,,true,
SDO_Sales_ChannelTeam__OwnerSharingRule,,,Owner Rule: Channel Team,Owner Rule: Channel Team,true,true,true,false,OwnerSharingRule,SDO_Sales_ChannelTeam__c,false,false,false,false,,false,false,false,true,,,false,false,false,false,false,,true,true,true,false,,false,,,,
SDO_Sales_Invoice_Example__c,true,a1S,Invoice,Invoice,true,true,true,false,,,true,true,false,false,,false,true,false,true,,,false,false,true,false,true,,true,true,true,true,true,true,,,true,
SDO_SCOM_Auction__c,true,a8A,Auction,Auctions,true,true,true,false,,,true,true,false,false,,false,false,false,true,,,false,false,true,false,true,,true,true,true,true,true,true,,,true,
SDO_SCOM_Auction__OwnerSharingRule,,,Owner Rule: Auction,Owner Rule: Auction,true,true,true,false,OwnerSharingRule,SDO_SCOM_Auction__c,false,false,false,false,,false,false,false,true,,,false,false,false,false,false,,true,true,true,false,,false,,,,
SDO_SCOM_Auction_Bid__c,true,a89,Auction Bid,Auction Bids,true,true,true,false,,,true,true,false,false,,false,false,false,true,,,false,false,true,false,true,,true,true,true,true,true,true,,,true,
SDO_SCOM_Auction_Bid__OwnerSharingRule,,,Owner Rule: Auction Bid,Owner Rule: Auction Bid,true,true,true,false,OwnerSharingRule,SDO_SCOM_Auction_Bid__c,false,false,false,false,,false,false,false,true,,,false,false,false,false,false,,true,true,true,false,,false,,,,
SDO_SCOM_Customer_Review__c,true,a86,SDO_SCOM_Customer_Review,SDO_SCOM_Customer_Reviews,true,true,true,false,,,true,true,false,false,,false,false,false,true,,,false,false,true,false,false,,true,true,true,false,true,true,,,,
SDO_SCOM_Customer_Review__OwnerSharingRule,,,Owner Rule: SDO_SCOM_Customer_Review,Owner Rule: SDO_SCOM_Customer_Review,true,true,true,false,OwnerSharingRule,SDO_SCOM_Customer_Review__c,false,false,false,false,,false,false,false,true,,,false,false,false,false,false,,true,true,true,false,,false,,,,
SDO_SCOM_OOA_Approved_Domain__c,true,a7p,Approved Domain,Approved Domains,true,true,true,false,,,true,true,false,false,,false,false,false,true,,,false,false,true,false,true,,true,true,true,true,true,true,,,true,
SDO_SCOM_OOA_Approved_Domain__OwnerSharingRule,,,Owner Rule: Approved Domain,Owner Rule: Approved Domain,true,true,true,false,OwnerSharingRule,SDO_SCOM_OOA_Approved_Domain__c,false,false,false,false,,false,false,false,true,,,false,false,false,false,false,,true,true,true,false,,false,,,,
SDO_SCOM_OOA_Commerce_Approval_Requests__c,true,a7q,Commerce Approval Request,Commerce Approval Requests,true,true,true,false,,,true,true,false,false,,false,false,false,true,,,false,false,true,false,true,,true,true,true,true,true,true,,,true,
SDO_SCOM_OOA_Commerce_Approval_Requests__OwnerSharingRule,,,Owner Rule: Commerce Approval Request,Owner Rule: Commerce Approval Request,true,true,true,false,OwnerSharingRule,SDO_SCOM_OOA_Commerce_Approval_Requests__c,false,false,false,false,,false,false,false,true,,,false,false,false,false,false,,true,true,true,false,,false,,,,
SDO_SCOM_OOA_Commerce_User_Requests__c,true,a7r,Commerce User Request,Commerce User Requests,true,true,true,false,,,true,true,false,false,,false,false,false,true,,,false,false,true,false,true,,true,true,true,true,true,true,,,true,
SDO_SCOM_OOA_Commerce_User_Requests__OwnerSharingRule,,,Owner Rule: Commerce User Request,Owner Rule: Commerce User Request,true,true,true,false,OwnerSharingRule,SDO_SCOM_OOA_Commerce_User_Requests__c,false,false,false,false,,false,false,false,true,,,false,false,false,false,false,,true,true,true,false,,false,,,,
SDO_SCOM_Replacement_Parts__c,true,a88,Replacement Part,Replacement Parts,true,true,true,false,,,true,true,false,false,,false,false,false,true,,,false,false,true,false,false,,true,true,true,true,true,true,,,true,
SDO_SCOM_Replacement_Parts__OwnerSharingRule,,,Owner Rule: Replacement Part,Owner Rule: Replacement Part,true,true,true,false,OwnerSharingRule,SDO_SCOM_Replacement_Parts__c,false,false,false,false,,false,false,false,true,,,false,false,false,false,false,,true,true,true,false,,false,,,,
SDO_Service_Appointment__c,true,a3R,Appointment,Appointments,true,true,true,false,,,true,true,false,false,,false,true,false,true,,,false,false,true,false,false,,true,true,true,true,true,true,,,true,
SDO_Service_Appointment__OwnerSharingRule,,,Owner Rule: Appointment,Owner Rule: Appointment,true,true,true,false,OwnerSharingRule,SDO_Service_Appointment__c,false,false,false,false,,false,false,false,true,,,false,false,false,false,false,,true,true,true,false,,false,,,,
SDO_Service_Bot_Message__c,true,a3S,Bot Message,Bot Messages,true,true,true,false,,,true,true,false,false,,false,false,false,true,,,false,false,true,false,true,,true,true,true,true,true,true,,,true,
SDO_Service_Bot_Message__OwnerSharingRule,,,Owner Rule: Bot Message,Owner Rule: Bot Message,true,true,true,false,OwnerSharingRule,SDO_Service_Bot_Message__c,false,false,false,false,,false,false,false,true,,,false,false,false,false,false,,true,true,true,false,,false,,,,
SDO_Service_Case_Pipeline_Snapshot__c,true,a3U,Case Pipeline Snapshot,Case Pipeline Snapshots,true,true,true,false,,,true,true,false,false,,false,false,false,true,,,false,false,true,false,false,,true,true,true,true,true,true,,,true,
SDO_Service_Case_Pipeline_Snapshot__OwnerSharingRule,,,Owner Rule: Case Pipeline Snapshot,Owner Rule: Case Pipeline Snapshot,true,true,true,false,OwnerSharingRule,SDO_Service_Case_Pipeline_Snapshot__c,false,false,false,false,,false,false,false,true,,,false,false,false,false,false,,true,true,true,false,,false,,,,
SDO_Service_CaseArticle__c,true,a3T,CaseArticle__c,CaseArticle__c,true,true,true,false,,,true,true,false,false,,false,false,false,true,,,false,false,true,false,false,,true,true,true,false,true,true,,,,
SDO_Service_CaseArticle__OwnerSharingRule,,,Owner Rule: CaseArticle__c,Owner Rule: CaseArticle__c,true,true,true,false,OwnerSharingRule,SDO_Service_CaseArticle__c,false,false,false,false,,false,false,false,true,,,false,false,false,false,false,,true,true,true,false,,false,,,,
SDO_Service_Conversation_Helper__c,true,a3V,Conversation Helper,Conversation Helpers,true,true,true,false,,,true,true,false,false,,false,false,false,true,,,false,false,true,false,true,,true,true,true,true,true,true,,,true,
SDO_Service_Conversation_Helper__OwnerSharingRule,,,Owner Rule: Conversation Helper,Owner Rule: Conversation Helper,true,true,true,false,OwnerSharingRule,SDO_Service_Conversation_Helper__c,false,false,false,false,,false,false,false,true,,,false,false,false,false,false,,true,true,true,false,,false,,,,
SDO_Service_Custom_Debit_Card__c,true,a3W,Credit Account,Credit Accounts,true,true,true,false,,,true,true,false,false,,false,false,false,true,,,false,false,true,false,false,,true,true,true,true,true,true,,,true,
SDO_Service_Custom_Debit_Card__OwnerSharingRule,,,Owner Rule: Credit Account,Owner Rule: Credit Account,true,true,true,false,OwnerSharingRule,SDO_Service_Custom_Debit_Card__c,false,false,false,false,,false,false,false,true,,,false,false,false,false,false,,true,true,true,false,,false,,,,
SDO_Service_Einstein_Agent_Helper__c,true,a3X,Einstein Agent Helper,Einstein Agent Helpers,true,true,true,false,,,true,true,false,false,,false,false,false,true,,,false,false,true,false,true,,true,true,true,true,true,true,,,true,
SDO_Service_Einstein_Agent_Helper__OwnerSharingRule,,,Owner Rule: Einstein Agent Helper,Owner Rule: Einstein Agent Helper,true,true,true,false,OwnerSharingRule,SDO_Service_Einstein_Agent_Helper__c,false,false,false,false,,false,false,false,true,,,false,false,false,false,false,,true,true,true,false,,false,,,,
SDO_Service_openCTIconfig__c,true,a3H,Lightning CTI Config,Lightning CTI Configs,true,true,true,false,,,true,true,false,false,,false,false,false,true,,,false,false,true,false,true,,true,true,true,true,true,true,,,true,
SDO_Service_openCTIconfig__OwnerSharingRule,,,Owner Rule: Lightning CTI Config,Owner Rule: Lightning CTI Config,true,true,true,false,OwnerSharingRule,SDO_Service_openCTIconfig__c,false,false,false,false,,false,false,false,true,,,false,false,false,false,false,,true,true,true,false,,false,,,,
SDO_Service_Queue_Stat__c,true,a1Z,Queue Stat,Queue Stats,true,true,true,false,,,true,true,false,false,,false,false,false,true,,,false,false,true,false,true,,true,true,true,true,true,true,,,true,
SDO_Service_Queue_Stat__OwnerSharingRule,,,Owner Rule: Queue Stat,Owner Rule: Queue Stat,true,true,true,false,OwnerSharingRule,SDO_Service_Queue_Stat__c,false,false,false,false,,false,false,false,true,,,false,false,false,false,false,,true,true,true,false,,false,,,,
SDO_Service_Workforce_Case_History__c,true,a3Y,*Case History,*Case History,true,true,true,false,,,true,true,false,false,,false,false,false,true,,,false,false,true,false,true,,true,true,true,true,true,true,,,true,
SDO_Service_Workforce_Case_History__OwnerSharingRule,,,Owner Rule: *Case History,Owner Rule: *Case History,true,true,true,false,OwnerSharingRule,SDO_Service_Workforce_Case_History__c,false,false,false,false,,false,false,false,true,,,false,false,false,false,false,,true,true,true,false,,false,,,,
SDO_Service_Workforce_Chat_History__c,true,a3Z,*Chat Transcript History,*Chat Transcript History,true,true,true,false,,,true,true,false,false,,false,false,false,true,,,false,false,true,false,true,,true,true,true,true,true,true,,,true,
SDO_Service_Workforce_Chat_History__OwnerSharingRule,,,Owner Rule: *Chat Transcript History,Owner Rule: *Chat Transcript History,true,true,true,false,OwnerSharingRule,SDO_Service_Workforce_Chat_History__c,false,false,false,false,,false,false,false,true,,,false,false,false,false,false,,true,true,true,false,,false,,,,
SDO_Service_Workforce_VoiceCall_History__c,true,a3a,*Voice Call History,*Voice Call History,true,true,true,false,,,true,true,false,false,,false,false,false,true,,,false,false,true,false,true,,true,true,true,true,true,true,,,true,
SDO_Service_Workforce_VoiceCall_History__OwnerSharingRule,,,Owner Rule: *Voice Call History,Owner Rule: *Voice Call History,true,true,true,false,OwnerSharingRule,SDO_Service_Workforce_VoiceCall_History__c,false,false,false,false,,false,false,false,true,,,false,false,false,false,false,,true,true,true,false,,false,,,,
SDO_SFS_Field_Capacity__c,true,a7S,Field Capacity,Field Capacity,true,true,true,false,,,true,true,false,false,,false,false,false,true,,,false,false,true,false,false,,true,true,true,false,true,true,,,,
SDO_SFS_Field_Capacity__OwnerSharingRule,,,Owner Rule: Field Capacity,Owner Rule: Field Capacity,true,true,true,false,OwnerSharingRule,SDO_SFS_Field_Capacity__c,false,false,false,false,,false,false,false,true,,,false,false,false,false,false,,true,true,true,false,,false,,,,
SDO_SFS_Field_Capacity_Transfer__c,true,a7T,Field Capacity Transfer,Field Capacity Transfers,true,true,true,false,,,true,true,false,false,,false,false,false,true,,,false,false,true,false,false,,true,true,true,false,true,true,,,,
SDO_SFS_Field_Capacity_Transfer__OwnerSharingRule,,,Owner Rule: Field Capacity Transfer,Owner Rule: Field Capacity Transfer,true,true,true,false,OwnerSharingRule,SDO_SFS_Field_Capacity_Transfer__c,false,false,false,false,,false,false,false,true,,,false,false,false,false,false,,true,true,true,false,,false,,,,
SDO_SFS_Vehicle_Inspection__c,true,a3c,Vehicle Inspection,Vehicle Inspections,true,true,true,false,,,true,true,false,false,,false,false,false,true,,,false,false,true,false,true,,true,true,true,true,true,true,,,true,
SDO_SFS_Vehicle_Inspection__OwnerSharingRule,,,Owner Rule: Vehicle Inspection,Owner Rule: Vehicle Inspection,true,true,true,false,OwnerSharingRule,SDO_SFS_Vehicle_Inspection__c,false,false,false,false,,false,false,false,true,,,false,false,false,false,false,,true,true,true,false,,false,,,,
SDO_SFS_Work_Order_Volume__c,true,a7U,Work Order Volume,Work Order Volumes,true,true,true,false,,,true,true,false,false,,false,false,false,true,,,false,false,true,false,false,,true,true,true,false,true,true,,,,
SDO_SFS_Work_Order_Volume__OwnerSharingRule,,,Owner Rule: Work Order Volume,Owner Rule: Work Order Volume,true,true,true,false,OwnerSharingRule,SDO_SFS_Work_Order_Volume__c,false,false,false,false,,false,false,false,true,,,false,false,false,false,false,,true,true,true,false,,false,,,,
SDO_Tool_SalesforceRewind__c,true,a01,Salesforce Rewind,Salesforce Rewind,true,true,true,false,,,false,true,true,false,,false,false,false,true,,,false,false,true,false,false,,true,true,true,true,,true,,,true,
SDO_Tool_SalesforceRewind__OwnerSharingRule,,,Owner Rule: Salesforce Rewind,Owner Rule: Salesforce Rewind,true,true,true,false,OwnerSharingRule,SDO_Tool_SalesforceRewind__c,false,false,false,false,,false,false,false,true,,,false,false,false,false,false,,true,true,true,false,,false,,,,
SearchableReferenceDocument,true,1B9,Searchable Reference Document,Searchable Reference Documents,false,false,false,false,,,true,false,false,false,,false,false,false,true,,,false,false,true,false,true,,true,true,true,true,true,false,,,true,
SearchableReferenceDocumentOwnerSharingRule,,,Searchable Reference Document Owner Rule,Searchable Reference Document Owner Rule,true,true,true,false,OwnerSharingRule,SearchableReferenceDocument,false,false,false,false,,false,false,false,true,,,false,false,false,false,false,,true,true,true,false,,false,,,,
SearchActivity,,0JO,SearchActivity,Knowledge Search Activity,false,false,false,false,,,false,false,false,false,,false,false,false,true,,,false,false,false,false,false,,true,true,true,false,,false,,,,
SearchIndexJobStatusEvent,,1BG,Search Index Job Changed Event,Search Index Job Changed Event,false,false,false,false,,,false,false,false,false,,false,false,false,false,,,false,false,false,false,false,,false,false,false,false,true,false,,,,
SearchLayout,,4co,Search Layout,Search Layouts,false,false,false,false,,,false,false,false,false,,false,false,false,false,,,false,false,false,false,false,,true,false,false,false,,false,,,,
SearchPromotionRule,,0MD,Promoted Search Term,Promoted Search Terms,true,true,true,false,,,false,false,false,false,,false,false,false,true,,,false,false,true,false,false,,true,true,true,false,,true,,,,
SecuritiesHolding,true,0eX,Securities Holding,Securities Holdings,true,true,true,false,,,true,false,false,false,,false,false,false,true,,,false,false,true,false,true,,true,true,true,true,true,true,,,true,
SecuritiesHoldingOwnerSharingRule,,,Securities Holding Owner Rule,Securities Holding Owner Rule,true,true,true,false,OwnerSharingRule,SecuritiesHolding,false,false,false,false,,false,false,false,true,,,false,false,false,false,false,,true,true,true,false,,false,,,,
SecurityCustomBaseline,,09v,Security Custom Baseline,Security Custom Baselines,true,true,true,false,,,false,false,false,false,,false,false,false,true,,,false,false,false,false,false,,true,false,true,false,,false,,,,
Seller,true,0q6,Seller,Sellers,true,true,true,false,,,true,false,false,false,,false,false,false,true,,,false,false,true,false,true,,true,true,true,true,true,true,,,true,
SellerOwnerSharingRule,,,Seller Owner Rule,Seller Owner Rule,true,true,true,false,OwnerSharingRule,Seller,false,false,false,false,,false,false,false,true,,,false,false,false,false,false,,true,true,true,false,,false,,,,
SenderEmailAddress,true,35a,Sender Email Address,Sender Email Addresses,true,true,true,false,,,false,false,false,false,,false,false,false,true,,,false,false,false,false,false,,true,true,true,false,true,true,,,,
SenderEmailAddressOwnerSharingRule,,,Sender Email Address Owner Rule,Sender Email Address Owner Rule,true,true,true,false,OwnerSharingRule,SenderEmailAddress,false,false,false,false,,false,false,false,true,,,false,false,false,false,false,,true,true,true,false,,false,,,,
SerializedProduct,true,0jR,Serialized Product,Serialized Products,true,true,true,false,,,true,false,false,false,,false,false,false,true,,,false,false,true,false,true,,true,true,true,true,true,true,,,true,
SerializedProductOwnerSharingRule,,,Serialized Product Owner Rule,Serialized Product Owner Rule,true,true,true,false,OwnerSharingRule,SerializedProduct,false,false,false,false,,false,false,false,true,,,false,false,false,false,false,,true,true,true,false,,false,,,,
SerializedProductTransaction,true,0jM,Serialized Product Transaction,Serialized Product Transactions,false,false,false,false,,,true,false,false,false,,false,false,false,true,,,false,false,true,false,true,,true,true,true,true,true,false,,,true,
ServiceAgentCopilotEvents__dlm,,qCJ,Service Agent Copilot Events,Service Agent Copilot Events,false,false,false,false,,,false,false,false,false,,false,false,false,true,,,false,false,false,false,false,,true,false,false,false,,false,,,,
ServiceAgentSessionEngagement__dlm,,qCH,Service Agent Session Engagement,Service Agent Session Engagement,false,false,false,false,,,false,false,false,false,,false,false,false,true,,,false,false,false,false,false,,true,false,false,false,,false,,,,
ServiceAppointment,true,08p,Service Appointment,Service Appointments,true,true,true,false,,,true,false,false,false,,false,true,false,true,,,false,false,true,false,true,,true,true,true,true,true,true,,,true,
ServiceAppointmentAttendee,true,17y,Service Appointment Attendee,Service Appointment Attendees,true,true,true,false,,,true,false,false,false,,false,false,false,true,,,false,false,true,false,true,,true,true,true,true,true,true,,,true,
ServiceAppointmentAttendeeOwnerSharingRule,,,Service Appointment Attendee Owner Rule,Service Appointment Attendee Owner Rule,true,true,true,false,OwnerSharingRule,ServiceAppointmentAttendee,false,false,false,false,,false,false,false,true,,,false,false,false,false,false,,true,true,true,false,,false,,,,
ServiceAppointmentCapacityUsage,true,0VR,Service Appointment Capacity Usage,Service Appointment Capacity Usages,false,false,false,false,,,true,false,false,false,,false,false,false,true,,,false,false,true,false,true,,true,true,true,false,,false,,,,
ServiceAppointmentEvent,,155,Service Appointment Event,Service Appointment Event,false,false,false,false,,,false,false,false,false,,false,false,false,false,,,false,false,false,false,false,,false,false,false,false,true,false,,,,
ServiceAppointmentOwnerSharingRule,,,Service Appointment Owner Rule,Service Appointment Owner Rule,true,true,true,false,OwnerSharingRule,ServiceAppointment,false,false,false,false,,false,false,false,true,,,false,false,false,false,false,,true,true,true,false,,false,,,,
ServiceAppointmentStatus,,,Service Appointment Status Value,Service Appointment Status Value,false,false,false,false,,,false,false,false,false,,false,false,false,true,,,false,false,false,false,false,,true,false,true,false,,false,,,,
ServiceChannel,,0N9,Service Channel,Service Channels,true,true,true,false,,,false,false,false,false,,false,false,false,true,,,false,false,false,false,false,,true,false,true,false,,false,,,,
ServiceChannelFieldPriority,,0dV,Service Channel Field Priority,Service Channel Field Priorities,true,true,true,false,,,false,false,false,false,,false,false,false,true,,,false,false,false,false,false,,true,false,true,false,,false,,,,
ServiceChannelStatus,,0NC,Service Channel Status,Service Channel Statuses,true,true,true,false,,,false,false,false,false,,false,false,false,true,,,false,false,false,false,false,,true,false,true,false,,false,,,,
ServiceContract,true,810,Service Contract,Service Contracts,true,true,true,false,,,true,false,false,false,,false,false,false,true,,,false,false,true,false,true,,true,true,true,true,true,true,,,true,
ServiceContractOwnerSharingRule,,,Service Contract Owner Rule,Service Contract Owner Rule,true,true,true,false,OwnerSharingRule,ServiceContract,false,false,false,false,,false,false,false,true,,,false,false,false,false,false,,true,true,true,false,,false,,,,
ServiceCrew,true,1cr,Service Crew,Service Crews,true,true,true,false,,,true,false,false,false,,false,false,false,true,,,false,false,true,false,true,,true,true,true,true,true,true,,,true,
ServiceCrewMember,true,1cm,Service Crew Member,Service Crew Members,true,true,true,false,,,true,false,false,false,,false,false,false,true,,,false,false,true,false,true,,true,true,true,true,true,true,,,true,
ServiceCrewOwnerSharingRule,,,Service Crew Owner Rule,Service Crew Owner Rule,true,true,true,false,OwnerSharingRule,ServiceCrew,false,false,false,false,,false,false,false,true,,,false,false,false,false,false,,true,true,true,false,,false,,,,
ServicePresenceStatus,,0N5,Service Presence Status,Service Presence Statuses,true,true,false,false,,,false,false,false,false,,false,false,false,true,,,false,false,false,false,false,,true,false,true,false,,false,,,,
ServiceReport,true,1SR,Service Report,Service Reports,true,true,true,false,,,false,false,false,false,,false,false,false,true,,,false,false,false,false,false,,true,true,true,false,true,true,,,,
ServiceReportLayout,,0SL,Service Report Layout,Service Report Layouts,false,false,false,false,,,false,false,false,false,,false,false,false,true,,,false,false,false,false,true,,true,false,true,false,,false,,,,
ServiceResource,true,0Hn,Service Resource,Service Resources,true,true,false,false,,,true,false,false,false,,false,false,false,true,,,false,false,true,false,true,,true,true,true,true,true,false,,,true,true
ServiceResourceCapacity,true,0Hy,Resource Capacity,Resource Capacities,true,true,true,false,,,true,false,false,false,,false,false,false,true,,,false,false,true,false,true,,true,true,true,true,true,false,,,true,
ServiceResourceDataTranslation,,,Service Resource Translation,Service Resource Translation,true,true,true,false,DataTranslation,ServiceResource,false,false,false,false,,false,false,false,true,,,false,false,false,false,false,,true,true,true,false,,true,,,,
ServiceResourceOwnerSharingRule,,,Service Resource Owner Rule,Service Resource Owner Rule,true,true,true,false,OwnerSharingRule,ServiceResource,false,false,false,false,,false,false,false,true,,,false,false,false,false,false,,true,true,true,false,,false,,,,
ServiceResourcePreference,true,0l6,Service Resource Preference,Service Resource Preferences,true,true,true,false,,,true,false,false,false,,false,false,false,true,,,false,false,true,false,true,,true,true,true,false,,false,,,,
ServiceResourcePreferenceOwnerSharingRule,,,Service Resource Preference Owner Rule,Service Resource Preference Owner Rule,true,true,true,false,OwnerSharingRule,ServiceResourcePreference,false,false,false,false,,false,false,false,true,,,false,false,false,false,false,,true,true,true,false,,false,,,,
ServiceResourceSkill,true,0Hv,Service Resource Skill,Service Resource Skills,true,true,true,false,,,true,false,false,false,,false,false,false,true,,,false,false,true,false,true,,true,true,true,true,true,false,,,true,
ServiceSetupProvisioning,,9gd,Service Setup Provisioning,Service Setup Provisionings,false,false,false,false,,,false,false,false,false,,false,false,false,true,,,false,false,false,false,false,,true,true,true,false,,false,,,,
ServiceTerritory,true,0Hh,Service Territory,Service Territories,true,true,true,false,,,true,false,false,false,,false,false,false,true,,,false,false,true,false,true,,true,true,true,true,true,true,,,true,true
ServiceTerritoryDataTranslation,,,Service Territory Translation,Service Territory Translation,true,true,true,false,DataTranslation,ServiceTerritory,false,false,false,false,,false,false,false,true,,,false,false,false,false,false,,true,true,true,false,,true,,,,
ServiceTerritoryLocation,true,1Sl,Service Territory Location,Service Territory Locations,true,true,true,false,,,true,false,false,false,,false,false,false,true,,,false,false,true,false,false,,true,true,true,false,true,true,,,,
ServiceTerritoryMember,true,0Hu,Service Territory Member,Service Territory Members,true,true,true,false,,,true,false,false,false,,false,false,false,true,,,false,false,true,false,true,,true,true,true,true,true,false,,,true,
ServiceTerritoryOwnerSharingRule,,,Service Territory Owner Rule,Service Territory Owner Rule,true,true,true,false,OwnerSharingRule,ServiceTerritory,false,false,false,false,,false,false,false,true,,,false,false,false,false,false,,true,true,true,false,,false,,,,
ServiceTerritoryWorkType,true,0VE,Service Territory Work Type,Service Territory Work Types,true,true,true,false,,,true,false,false,false,,false,false,false,true,,,false,false,true,false,true,,true,true,true,true,true,true,,,true,
Session_Time__c,true,a3N,Session Time,Session Times,true,true,true,false,,,true,true,false,false,,false,false,false,true,,,false,false,true,false,true,,true,true,true,true,true,true,,,true,
Session_Time__OwnerSharingRule,,,Owner Rule: Session Time,Owner Rule: Session Time,true,true,true,false,OwnerSharingRule,Session_Time__c,false,false,false,false,,false,false,false,true,,,false,false,false,false,false,,true,true,true,false,,false,,,,
SessionHijackingEvent,,0Zh,Session Hijacking Event,Session Hijacking Events,false,false,false,false,,,false,false,false,false,,false,false,false,false,,,false,false,false,false,false,,false,false,false,false,,false,,,,
SessionHijackingEventStore,,0Zj,Session Hijacking Event Store,Session Hijacking Event Stores,false,false,false,false,,,true,false,false,false,,false,false,false,true,,,false,false,true,false,true,,true,true,false,false,,false,,,,
SessionPermSetActivation,,5Pa,Session Permission Set Activation,Session Permission Set Activations,false,false,false,false,,,true,false,false,false,,false,false,false,true,,,false,false,true,false,false,,true,false,true,false,,false,,,,
SetupAssistantStep,,3Ys,Setup Assistant Step,Setup Assistant Steps,true,true,true,false,,,false,false,false,false,,false,false,false,true,,,false,false,false,false,false,,true,true,true,false,true,true,,,,
SetupAuditTrail,,0Ym,Setup Audit Trail Entry,Setup Audit Trail Entries,false,false,false,false,,,false,false,false,false,,false,false,false,true,,,false,false,false,false,false,,true,false,true,false,,false,,,,
SetupDataSynchronization,true,1CT,Setup Data Synchronization,Setup Data Synchronizations,true,true,true,false,,,false,false,false,false,,false,false,false,true,,,false,false,false,false,false,,true,true,true,false,,true,,,,
SetupDataSynchronizationOwnerSharingRule,,,Setup Data Synchronization Owner Rule,Setup Data Synchronization Owner Rule,true,true,true,false,OwnerSharingRule,SetupDataSynchronization,false,false,false,false,,false,false,false,true,,,false,false,false,false,false,,true,true,true,false,,false,,,,
SetupEntityAccess,,0J0,Setup Entity Access,Setup Entity Access,true,false,true,false,,,false,false,false,false,,false,false,false,true,,,false,false,false,false,false,,true,false,true,false,,false,,,,
sf_devops__Async_Operation_Result__c,true,a07,Async Operation Result,Async Operation Results,true,true,true,false,,,true,true,false,false,,false,false,false,true,,,false,false,true,false,false,,true,true,true,false,true,true,,,,
sf_devops__Async_Operation_Result__OwnerSharingRule,,,Owner Rule: Async Operation Result,Owner Rule: Async Operation Result,true,true,true,false,OwnerSharingRule,sf_devops__Async_Operation_Result__c,false,false,false,false,,false,false,false,true,,,false,false,false,false,false,,true,true,true,false,,false,,,,
sf_devops__Back_Sync__c,true,a08,Back Sync,Back Synchs,true,true,true,false,,,true,true,false,false,,false,false,false,true,,,false,false,true,false,false,,true,true,true,true,true,true,,,true,
sf_devops__Back_Sync__OwnerSharingRule,,,Owner Rule: Back Sync,Owner Rule: Back Sync,true,true,true,false,OwnerSharingRule,sf_devops__Back_Sync__c,false,false,false,false,,false,false,false,true,,,false,false,false,false,false,,true,true,true,false,,false,,,,
sf_devops__Branch__c,true,a09,Branch,Branches,true,true,true,false,,,true,true,false,false,,false,false,false,true,,,false,false,true,false,false,,true,true,true,true,true,true,,,true,
sf_devops__Branch__OwnerSharingRule,,,Owner Rule: Branch,Owner Rule: Branch,true,true,true,false,OwnerSharingRule,sf_devops__Branch__c,false,false,false,false,,false,false,false,true,,,false,false,false,false,false,,true,true,true,false,,false,,,,
sf_devops__Change_Bundle__c,true,a0B,Change Bundle,Change Bundles,true,true,true,false,,,true,true,false,false,,false,false,false,true,,,false,false,true,false,false,,true,true,true,true,true,true,,,true,
sf_devops__Change_Bundle_Install__c,true,a0A,Change Bundle Install,Change Bundle Installs,true,true,true,false,,,true,true,false,false,,false,false,false,true,,,false,false,true,false,false,,true,true,true,true,true,true,,,true,
sf_devops__Change_Submission__c,true,a0C,Change Submission,Change Submissions,true,true,true,false,,,true,true,false,false,,false,false,false,true,,,false,false,true,false,false,,true,true,true,false,true,true,,,,
sf_devops__Deploy_Component__c,true,a0D,Deploy Component,Deploy Components,true,true,true,false,,,true,true,false,false,,false,false,false,true,,,false,false,true,false,false,,true,true,true,false,true,true,,,,
sf_devops__Deployment__e,true,,,,,,,,,,,,,,,,,,,,,,,,,,,,,,,,,,,,
sf_devops__Deployment_Result__c,true,a0E,Deployment Result,Deployment Results,true,true,true,false,,,true,true,false,false,,false,false,false,true,,,false,false,true,false,false,,true,true,true,false,true,true,,,,
sf_devops__Deployment_Result__OwnerSharingRule,,,Owner Rule: Deployment Result,Owner Rule: Deployment Result,true,true,true,false,OwnerSharingRule,sf_devops__Deployment_Result__c,false,false,false,false,,false,false,false,true,,,false,false,false,false,false,,true,true,true,false,,false,,,,
sf_devops__Environment__c,true,a0F,Environment,Environments,true,true,true,false,,,true,true,false,false,,false,false,false,true,,,false,false,true,false,false,,true,true,true,true,true,true,,,true,
sf_devops__Hidden_Remote_Change__c,true,a0G,Hidden Remote Change,Hidden Remote Changes,true,true,true,false,,,true,true,false,false,,false,false,false,true,,,false,false,true,false,false,,true,true,true,false,true,true,,,,
sf_devops__Merge_Result__c,true,a8P,Merge Result,Merge Results,true,true,true,false,,,true,true,false,false,,false,false,false,true,,,false,false,true,false,false,,true,true,true,false,true,true,,,,
sf_devops__Merge_Result__OwnerSharingRule,,,Owner Rule: Merge Result,Owner Rule: Merge Result,true,true,true,false,OwnerSharingRule,sf_devops__Merge_Result__c,false,false,false,false,,false,false,false,true,,,false,false,false,false,false,,true,true,true,false,,false,,,,
sf_devops__Object_Activity__c,true,a8Q,Object Activity,Object Activities,true,true,true,false,,,true,true,false,false,,false,false,false,true,,,false,false,true,false,false,,true,true,true,true,true,true,,,true,
sf_devops__Pipeline__c,true,a8S,Pipeline,Pipelines,true,true,true,false,,,true,true,false,false,,false,false,false,true,,,false,false,true,false,false,,true,true,true,true,true,true,,,true,
sf_devops__Pipeline_Stage__c,true,a8R,Pipeline Stage,Pipeline Stages,true,true,true,false,,,true,true,false,false,,false,false,false,true,,,false,false,true,false,true,,true,true,true,true,true,true,,,true,
sf_devops__Project__c,true,a8T,Project,Projects,true,true,true,false,,,true,true,false,false,,false,false,false,true,,,false,false,true,false,false,,true,true,true,false,true,true,,,,
sf_devops__Project__OwnerSharingRule,,,Owner Rule: Project,Owner Rule: Project,true,true,true,false,OwnerSharingRule,sf_devops__Project__c,false,false,false,false,,false,false,false,true,,,false,false,false,false,false,,true,true,true,false,,false,,,,
sf_devops__Project_Test_Provider__c,true,a8c,Project_Test_Provider,Project_Test_Providers,true,true,true,false,,,true,true,false,false,,false,false,false,true,,,false,false,true,false,false,,true,true,true,false,true,true,,,,
sf_devops__Quality_Gate_Criteria_Result__c,true,a8d,Quality Gate Criteria Result,Quality Gate Criteria Results,true,true,true,false,,,true,true,false,false,,false,false,false,true,,,false,false,true,false,true,,true,true,true,true,true,true,,,true,
sf_devops__Quality_Gate_Rule__c,true,a8g,Quality Gate Rule,Quality Gate Rules,true,true,true,false,,,true,true,false,false,,false,false,false,true,,,false,false,true,false,true,,true,true,true,true,true,true,,,true,
sf_devops__Quality_Gate_Rule__OwnerSharingRule,,,Owner Rule: Quality Gate Rule,Owner Rule: Quality Gate Rule,true,true,true,false,OwnerSharingRule,sf_devops__Quality_Gate_Rule__c,false,false,false,false,,false,false,false,true,,,false,false,false,false,false,,true,true,true,false,,false,,,,
sf_devops__Quality_Gate_Rule_Criteria__c,true,a8e,Quality Gate Rule Criteria,Quality Gate Rule Criterias,true,true,true,false,,,true,true,false,false,,false,false,false,true,,,false,false,true,false,true,,true,true,true,true,true,true,,,true,
sf_devops__Quality_Gate_Rule_Result__c,true,a8f,Quality Gate Rule Result,Quality Gate Rule Results,true,true,true,false,,,true,true,false,false,,false,false,false,true,,,false,false,true,false,true,,true,true,true,true,true,true,,,true,
sf_devops__Remote_Change__c,true,a8U,Remote Change,Remote Changes,true,true,true,false,,,true,true,false,false,,false,false,false,true,,,false,false,true,false,false,,true,true,true,false,true,true,,,,
sf_devops__Repository__c,true,a8V,Repository,Repositories,true,true,true,false,,,true,true,false,false,,false,false,false,true,,,false,false,true,false,false,,true,true,true,false,true,true,,,,
sf_devops__Repository__OwnerSharingRule,,,Owner Rule: Repository,Owner Rule: Repository,true,true,true,false,OwnerSharingRule,sf_devops__Repository__c,false,false,false,false,,false,false,false,true,,,false,false,false,false,false,,true,true,true,false,,false,,,,
sf_devops__Service_Provider__mdt,true,m0S,Service Provider,Service Providers,false,false,false,false,,,false,true,false,false,,false,false,false,true,,,false,false,true,false,true,,true,false,true,false,,false,,,,
sf_devops__Source_Member_Reference__c,true,a8W,Source Member Reference,Source Member References,true,true,true,false,,,true,true,false,false,,false,false,false,true,,,false,false,true,false,false,,true,true,true,false,true,true,,,,
sf_devops__Stage_Assignment__c,true,a8h,Stage Assignment,Stage Assignments,true,true,true,false,,,true,true,false,false,,false,false,false,true,,,false,false,true,false,true,,true,true,true,true,true,true,,,true,
sf_devops__Stage_Assignment__OwnerSharingRule,,,Owner Rule: Stage Assignment,Owner Rule: Stage Assignment,true,true,true,false,OwnerSharingRule,sf_devops__Stage_Assignment__c,false,false,false,false,,false,false,false,true,,,false,false,false,false,false,,true,true,true,false,,false,,,,
sf_devops__Submit_Component__c,true,a8X,Submit Component,Submit Components,true,true,true,false,,,true,true,false,false,,false,false,false,true,,,false,false,true,false,false,,true,true,true,false,true,true,,,,
sf_devops__Test__c,true,a8q,Test,Tests,true,true,true,false,,,true,true,false,false,,false,false,false,true,,,false,false,true,false,true,,true,true,true,true,true,true,,,true,
sf_devops__Test_Execution__c,true,a8i,Test Execution,Test Executions,true,true,true,false,,,true,true,false,false,,false,false,false,true,,,false,false,true,false,true,,true,true,true,true,true,true,,,true,
sf_devops__Test_Provider__c,true,a8k,Test Provider,Test Providers,true,true,true,false,,,true,true,false,false,,false,false,false,true,,,false,false,true,false,true,,true,true,true,true,true,true,,,true,
sf_devops__Test_Provider__OwnerSharingRule,,,Owner Rule: Test Provider,Owner Rule: Test Provider,true,true,true,false,OwnerSharingRule,sf_devops__Test_Provider__c,false,false,false,false,,false,false,false,true,,,false,false,false,false,false,,true,true,true,false,,false,,,,
sf_devops__Test_Provider_Sync_History__c,true,a8j,Test Provider Sync History,Test Provider Sync Histories,true,true,true,false,,,true,true,false,false,,false,false,false,true,,,false,false,true,false,true,,true,true,true,false,true,true,,,,
sf_devops__Test_Suite__c,true,a8p,Test Suite,Test Suites,true,true,true,false,,,true,true,false,false,,false,false,false,true,,,false,false,true,false,true,,true,true,true,true,true,true,,,true,
sf_devops__Test_Suite__OwnerSharingRule,,,Owner Rule: Test Suite,Owner Rule: Test Suite,true,true,true,false,OwnerSharingRule,sf_devops__Test_Suite__c,false,false,false,false,,false,false,false,true,,,false,false,false,false,false,,true,true,true,false,,false,,,,
sf_devops__Test_Suite_Assignment__c,true,a8l,Test Suite Assignment,Test Suite Assignments,true,true,true,false,,,true,true,false,false,,false,false,false,true,,,false,false,true,false,true,,true,true,true,true,true,true,,,true,
sf_devops__Test_Suite_Execution__c,true,a8m,Test Suite Execution,Test Suite Executions,true,true,true,false,,,true,true,false,false,,false,false,false,true,,,false,false,true,false,true,,true,true,true,true,true,true,,,true,
sf_devops__Test_Suite_Group_Execution__c,true,a8n,Test Suite Execution Group,Test Suite Execution Groups,true,true,true,false,,,true,true,false,false,,false,false,false,true,,,false,false,true,false,true,,true,true,true,true,true,true,,,true,
sf_devops__Test_Suite_Group_Execution__OwnerSharingRule,,,Owner Rule: Test Suite Execution Group,Owner Rule: Test Suite Execution Group,true,true,true,false,OwnerSharingRule,sf_devops__Test_Suite_Group_Execution__c,false,false,false,false,,false,false,false,true,,,false,false,false,false,false,,true,true,true,false,,false,,,,
sf_devops__Test_Suite_Test__c,true,a8o,Test Suite Test,Test Suite Test,true,true,true,false,,,true,true,false,false,,false,false,false,true,,,false,false,true,false,true,,true,true,true,true,true,true,,,true,
sf_devops__Vcs__c,true,a8Z,Source Control System,Source Control Systems,true,true,true,false,,,true,true,false,false,,false,false,false,true,,,false,false,true,false,false,,true,true,true,false,true,true,,,,
sf_devops__Vcs__OwnerSharingRule,,,Owner Rule: Source Control System,Owner Rule: Source Control System,true,true,true,false,OwnerSharingRule,sf_devops__Vcs__c,false,false,false,false,,false,false,false,true,,,false,false,false,false,false,,true,true,true,false,,false,,,,
sf_devops__Vcs_Synch_State__c,true,a8Y,Vcs Synch State,Vcs Synch States,true,true,true,false,,,true,true,false,false,,false,false,false,true,,,false,false,true,false,false,,true,true,true,false,true,true,,,,
sf_devops__Vcs_Synch_State__OwnerSharingRule,,,Owner Rule: Vcs Synch State,Owner Rule: Vcs Synch State,true,true,true,false,OwnerSharingRule,sf_devops__Vcs_Synch_State__c,false,false,false,false,,false,false,false,true,,,false,false,false,false,false,,true,true,true,false,,false,,,,
sf_devops__Work_Item__c,true,a8b,Work Item,Work Items,true,true,true,false,,,true,true,false,false,,false,false,false,true,,,false,false,true,false,false,,true,true,true,true,true,true,,,true,
sf_devops__Work_Item_Commit__e,true,,,,,,,,,,,,,,,,,,,,,,,,,,,,,,,,,,,,
sf_devops__Work_Item_Execution__c,true,a8r,Work Item Execution,Work Item Executions,true,true,true,false,,,true,true,false,false,,false,false,false,true,,,false,false,true,false,false,,true,true,true,true,true,true,,,true,
sf_devops__Work_Item_Merged_Change_Request__e,true,,,,,,,,,,,,,,,,,,,,,,,,,,,,,,,,,,,,
sf_devops__Work_Item_Open_Change_Request__e,true,,,,,,,,,,,,,,,,,,,,,,,,,,,,,,,,,,,,
sf_devops__Work_Item_Promote__c,true,a8a,Work Item Promote,Work Item Promotes,true,true,true,false,,,true,true,false,false,,false,false,false,true,,,false,false,true,false,false,,true,true,true,false,true,true,,,,
sf_devops__Work_Item_State_Change__e,true,,,,,,,,,,,,,,,,,,,,,,,,,,,,,,,,,,,,
sf_devops__Work_Item_Test_Suite__c,true,a8s,Work Item Test Suite,Work Item Test Suite,true,true,true,false,,,true,true,false,false,,false,false,false,true,,,false,false,true,false,false,,true,true,true,true,true,true,,,true,
SFDC_Channel_Account_Plan__c,true,a1U,Channel Plan,Channel Plans,true,true,true,false,,,true,true,false,false,,false,true,false,true,,,false,false,true,false,true,,true,true,true,true,true,true,,,true,
sfsp__AttainmentPlan__c,true,a8F,Attainment Plan,Attainment Plans,true,true,true,false,,,true,true,false,false,,false,false,false,true,,,false,false,true,false,false,,true,true,true,false,true,true,,,,
sfsp__AttainmentPlan__OwnerSharingRule,,,Owner Rule: Attainment Plan,Owner Rule: Attainment Plan,true,true,true,false,OwnerSharingRule,sfsp__AttainmentPlan__c,false,false,false,false,,false,false,false,true,,,false,false,false,false,false,,true,true,true,false,,false,,,,
sfsp__AttainmentPlanConfiguration__c,true,a8C,Attainment Plan Configuration,Attainment Plan Configurations,true,true,true,false,,,true,true,false,false,,false,false,false,true,,,false,false,true,false,false,,true,true,true,false,true,true,,,,
sfsp__AttainmentPlanConfiguration__OwnerSharingRule,,,Owner Rule: Attainment Plan Configuration,Owner Rule: Attainment Plan Configuration,true,true,true,false,OwnerSharingRule,sfsp__AttainmentPlanConfiguration__c,false,false,false,false,,false,false,false,true,,,false,false,false,false,false,,true,true,true,false,,false,,,,
sfsp__AttainmentPlanConfigurationRowDetail__c,true,a8B,Attainment Plan Configuration Row Detail,Attainment Plan Configuration Row Detail,true,true,true,false,,,true,true,false,false,,false,false,false,true,,,false,false,true,false,false,,true,true,true,false,true,true,,,,
sfsp__AttainmentPlanRow__c,true,a8E,Attainment Plan Row,Attainment Plan Rows,true,true,true,false,,,true,true,false,false,,false,false,false,true,,,false,false,true,false,false,,true,true,true,false,true,true,,,,
sfsp__AttainmentPlanRow__OwnerSharingRule,,,Owner Rule: Attainment Plan Row,Owner Rule: Attainment Plan Row,true,true,true,false,OwnerSharingRule,sfsp__AttainmentPlanRow__c,false,false,false,false,,false,false,false,true,,,false,false,false,false,false,,true,true,true,false,,false,,,,
sfsp__AttainmentPlanRowDetail__c,true,a8D,Attainment Plan Row Detail,Attainment Plan Row Details,true,true,true,false,,,true,true,false,false,,false,false,false,true,,,false,false,true,false,false,,true,true,true,false,true,true,,,,
sfsp__ListView__c,true,a7Z,List View,List Views,true,true,true,false,,,true,true,false,false,,false,false,false,true,,,false,false,true,false,false,,true,true,true,false,true,true,,,,
sfsp__ListView__OwnerSharingRule,,,Owner Rule: List View,Owner Rule: List View,true,true,true,false,OwnerSharingRule,sfsp__ListView__c,false,false,false,false,,false,false,false,true,,,false,false,false,false,false,,true,true,true,false,,false,,,,
sfsp__ListViewColumn__c,true,a7Y,List View Column,List View Columns,true,true,true,false,,,true,true,false,false,,false,false,false,true,,,false,false,true,false,false,,true,true,true,false,true,true,,,,
sfsp__SalesActivity__c,true,a7a,Sales Activity,Sales Activities,true,true,true,false,,,true,true,false,false,,false,false,false,true,,,false,false,true,false,false,,true,true,true,false,true,true,,,,
sfsp__SalesActivity__OwnerSharingRule,,,Owner Rule: Sales Activity,Owner Rule: Sales Activity,true,true,true,false,OwnerSharingRule,sfsp__SalesActivity__c,false,false,false,false,,false,false,false,true,,,false,false,false,false,false,,true,true,true,false,,false,,,,
sfsp__SalesAssignmentObject__c,true,a7b,Sales Assignment Object,Sales Assignment Objects,true,true,true,false,,,true,true,false,false,,false,false,false,true,,,false,false,true,false,false,,true,true,true,false,true,true,,,,
sfsp__SalesAssignmentObject__OwnerSharingRule,,,Owner Rule: Sales Assignment Object,Owner Rule: Sales Assignment Object,true,true,true,false,OwnerSharingRule,sfsp__SalesAssignmentObject__c,false,false,false,false,,false,false,false,true,,,false,false,false,false,false,,true,true,true,false,,false,,,,
sfsp__SalesAsyncJob__c,true,a7c,Sales Async Job,Sales Async Jobs,true,true,true,false,,,true,true,false,false,,false,false,false,true,,,false,false,true,false,false,,true,true,true,false,true,true,,,,
sfsp__SalesAsyncJob__OwnerSharingRule,,,Owner Rule: Sales Async Job,Owner Rule: Sales Async Job,true,true,true,false,OwnerSharingRule,sfsp__SalesAsyncJob__c,false,false,false,false,,false,false,false,true,,,false,false,false,false,false,,true,true,true,false,,false,,,,
sfsp__SalesBoundary__c,true,a8G,Sales Boundary,Sales Boundaries,true,true,true,false,,,true,true,false,false,,false,false,false,true,,,false,false,true,false,false,,true,true,true,false,true,true,,,,
sfsp__SalesBoundary__OwnerSharingRule,,,Owner Rule: Sales Boundary,Owner Rule: Sales Boundary,true,true,true,false,OwnerSharingRule,sfsp__SalesBoundary__c,false,false,false,false,,false,false,false,true,,,false,false,false,false,false,,true,true,true,false,,false,,,,
sfsp__SalesDataSource__c,true,a8H,Sales Data Source,Sales Data Sources,true,true,true,false,,,true,true,false,false,,false,false,false,true,,,false,false,true,false,false,,true,true,true,false,true,true,,,,
sfsp__SalesDataSource__OwnerSharingRule,,,Owner Rule: Sales Data Source,Owner Rule: Sales Data Source,true,true,true,false,OwnerSharingRule,sfsp__SalesDataSource__c,false,false,false,false,,false,false,false,true,,,false,false,false,false,false,,true,true,true,false,,false,,,,
sfsp__SalesMetric__c,true,a7d,Sales Metric,Sales Metrics,true,true,true,false,,,true,true,false,false,,false,false,false,true,,,false,false,true,false,false,,true,true,true,false,true,true,,,,
sfsp__SalesMetric__OwnerSharingRule,,,Owner Rule: Sales Metric,Owner Rule: Sales Metric,true,true,true,false,OwnerSharingRule,sfsp__SalesMetric__c,false,false,false,false,,false,false,false,true,,,false,false,false,false,false,,true,true,true,false,,false,,,,
sfsp__SalesNode__c,true,a7k,Sales Node,Sales Nodes,true,true,true,false,,,true,true,false,false,,false,false,false,true,,,false,false,true,false,false,,true,true,true,false,true,true,,,,
sfsp__SalesNode__OwnerSharingRule,,,Owner Rule: Sales Node,Owner Rule: Sales Node,true,true,true,false,OwnerSharingRule,sfsp__SalesNode__c,false,false,false,false,,false,false,false,true,,,false,false,false,false,false,,true,true,true,false,,false,,,,
sfsp__SalesNodeAssignment__c,true,a7e,Sales Node Assignment,Sales Node Assignments,true,true,true,false,,,true,true,false,false,,false,false,false,true,,,false,false,true,false,false,,true,true,true,false,true,true,,,,
sfsp__SalesNodeAssignment__OwnerSharingRule,,,Owner Rule: Sales Node Assignment,Owner Rule: Sales Node Assignment,true,true,true,false,OwnerSharingRule,sfsp__SalesNodeAssignment__c,false,false,false,false,,false,false,false,true,,,false,false,false,false,false,,true,true,true,false,,false,,,,
sfsp__SalesNodeBoundary__c,true,a7f,Sales Node Boundary,Sales Node Boundaries,true,true,true,false,,,true,true,false,false,,false,false,false,true,,,false,false,true,false,false,,true,true,true,false,true,true,,,,
sfsp__SalesNodeBoundary__OwnerSharingRule,,,Owner Rule: Sales Node Boundary,Owner Rule: Sales Node Boundary,true,true,true,false,OwnerSharingRule,sfsp__SalesNodeBoundary__c,false,false,false,false,,false,false,false,true,,,false,false,false,false,false,,true,true,true,false,,false,,,,
sfsp__SalesNodeExternalAsset__c,true,a8I,Sales Node External Asset,Sales Node External Assets,true,true,true,false,,,true,true,false,false,,false,false,false,true,,,false,false,true,false,false,,true,true,true,false,true,true,,,,
sfsp__SalesNodeExternalAsset__OwnerSharingRule,,,Owner Rule: Sales Node External Asset,Owner Rule: Sales Node External Asset,true,true,true,false,OwnerSharingRule,sfsp__SalesNodeExternalAsset__c,false,false,false,false,,false,false,false,true,,,false,false,false,false,false,,true,true,true,false,,false,,,,
sfsp__SalesNodeMetric__c,true,a7g,Sales Node Metric,Sales Node Metrics,true,true,true,false,,,true,true,false,false,,false,false,false,true,,,false,false,true,false,false,,true,true,true,false,true,true,,,,
sfsp__SalesNodeMetric__OwnerSharingRule,,,Owner Rule: Sales Node Metric,Owner Rule: Sales Node Metric,true,true,true,false,OwnerSharingRule,sfsp__SalesNodeMetric__c,false,false,false,false,,false,false,false,true,,,false,false,false,false,false,,true,true,true,false,,false,,,,
sfsp__SalesNodeRule__c,true,a7i,Sales Node Rule,Sales Node Rules,true,true,true,false,,,true,true,false,false,,false,false,false,true,,,false,false,true,false,false,,true,true,true,false,true,true,,,,
sfsp__SalesNodeRule__OwnerSharingRule,,,Owner Rule: Sales Node Rule,Owner Rule: Sales Node Rule,true,true,true,false,OwnerSharingRule,sfsp__SalesNodeRule__c,false,false,false,false,,false,false,false,true,,,false,false,false,false,false,,true,true,true,false,,false,,,,
sfsp__SalesNodeRuleItem__c,true,a7h,Sales Node Rule Item,Sales Node Rule Items,true,true,true,false,,,true,true,false,false,,false,false,false,true,,,false,false,true,false,false,,true,true,true,false,true,true,,,,
sfsp__SalesNodeUser__c,true,a7j,Sales Node User,Sales Node Users,true,true,true,false,,,true,true,false,false,,false,false,false,true,,,false,false,true,false,false,,true,true,true,false,true,true,,,,
sfsp__SalesNodeUser__OwnerSharingRule,,,Owner Rule: Sales Node User,Owner Rule: Sales Node User,true,true,true,false,OwnerSharingRule,sfsp__SalesNodeUser__c,false,false,false,false,,false,false,false,true,,,false,false,false,false,false,,true,true,true,false,,false,,,,
sfsp__SalesPlan__c,true,a7m,Sales Plan,Sales Plans,true,true,true,false,,,true,true,false,false,,false,false,false,true,,,false,false,true,false,false,,true,true,true,false,true,true,,,,
sfsp__SalesPlan__OwnerSharingRule,,,Owner Rule: Sales Plan,Owner Rule: Sales Plan,true,true,true,false,OwnerSharingRule,sfsp__SalesPlan__c,false,false,false,false,,false,false,false,true,,,false,false,false,false,false,,true,true,true,false,,false,,,,
sfsp__SalesPlanUser__c,true,a7l,Sales Plan User,Sales Plan Users,true,true,true,false,,,true,true,false,false,,false,false,false,true,,,false,false,true,false,false,,true,true,true,false,true,true,,,,
sfsp__SalesPlanUser__OwnerSharingRule,,,Owner Rule: Sales Plan User,Owner Rule: Sales Plan User,true,true,true,false,OwnerSharingRule,sfsp__SalesPlanUser__c,false,false,false,false,,false,false,false,true,,,false,false,false,false,false,,true,true,true,false,,false,,,,
sfsp__SalesUserAccess__c,true,a8J,Sales Planning User Access,Sales Planning User Access,true,true,true,false,,,true,true,false,false,,false,false,false,true,,,false,false,true,false,false,,true,true,true,false,true,true,,,,
sfsp__SalesUserAccess__OwnerSharingRule,,,Owner Rule: Sales Planning User Access,Owner Rule: Sales Planning User Access,true,true,true,false,OwnerSharingRule,sfsp__SalesUserAccess__c,false,false,false,false,,false,false,false,true,,,false,false,false,false,false,,true,true,true,false,,false,,,,
sfsp__SalesUserPreference__c,true,a7n,Sales User Preference,Sales User Preferences,true,true,true,false,,,true,true,false,false,,false,false,false,true,,,false,false,true,false,false,,true,true,true,false,true,true,,,,
sfsp__SalesUserPreference__OwnerSharingRule,,,Owner Rule: Sales User Preference,Owner Rule: Sales User Preference,true,true,true,false,OwnerSharingRule,sfsp__SalesUserPreference__c,false,false,false,false,,false,false,false,true,,,false,false,false,false,false,,true,true,true,false,,false,,,,
SharedSavingPaymentAgreement,true,0ql,Shared Saving Payment Agreement,Shared Saving Payment Agreements,true,true,true,false,,,true,false,false,false,,false,false,false,true,,,false,false,true,false,true,,true,true,true,true,true,true,,,true,
SharingCoverageJob,,0ZD,Sharing Coverage Job,Sharing Coverage Jobs,true,true,true,false,,,false,false,false,false,,false,false,false,true,,,false,false,false,false,false,,true,false,true,false,,false,,,,
SharingRecordCollection,true,0iB,Record Collection,Record Collections,true,true,true,false,,,true,false,false,false,,false,false,false,true,,,false,false,true,false,true,,true,true,true,true,true,false,,,true,
SharingRecordCollectionItem,true,0iC,Record Collection Item,Record Collection Items,true,true,true,false,,,true,false,false,false,,false,false,false,true,,,false,false,true,false,false,,true,true,true,false,true,false,,,,
SharingRecordCollectionMember,true,0iE,Record Collection Member,Record Collection Members,true,true,true,false,,,false,false,false,false,,false,false,false,true,,,false,false,false,false,false,,true,true,true,false,true,false,,,,
SharingRecordCollectionOwnerSharingRule,,,Record Collection Owner Rule,Record Collection Owner Rule,true,true,true,false,OwnerSharingRule,SharingRecordCollection,false,false,false,false,,false,false,false,true,,,false,false,false,false,false,,true,true,true,false,,false,,,,
SharingUserCoverage,,0ZB,Sharing User Coverage,Sharing User Coverage Entities,true,true,true,false,,,false,false,false,false,,false,false,false,true,,,false,false,false,false,false,,true,false,true,false,,false,,,,
Shift,true,0a0,Shift,Shifts,true,true,true,false,,,true,false,false,false,,false,false,false,true,,,false,false,true,false,true,,true,true,true,true,true,true,,,true,
ShiftEngagementChannel,true,0xK,Shift Engagement Channel,Shift Engagement Channels,true,true,true,false,,,true,false,false,false,,false,false,false,true,,,false,false,true,false,true,,true,true,true,true,true,true,,,true,
ShiftOwnerSharingRule,,,Shift Owner Rule,Shift Owner Rule,true,true,true,false,OwnerSharingRule,Shift,false,false,false,false,,false,false,false,true,,,false,false,false,false,false,,true,true,true,false,,false,,,,
ShiftPattern,true,1w1,Shift Pattern,Shift Patterns,true,true,true,false,,,true,false,false,false,,false,false,false,true,,,false,false,true,false,true,,true,true,true,true,true,true,,,true,
ShiftPatternEntry,true,1w2,Shift Pattern Entry,Shift Pattern Entries,true,true,true,false,,,true,false,false,false,,false,false,false,true,,,false,false,true,false,true,,true,true,true,true,true,true,,,true,
ShiftPatternOwnerSharingRule,,,Shift Pattern Owner Rule,Shift Pattern Owner Rule,true,true,true,false,OwnerSharingRule,ShiftPattern,false,false,false,false,,false,false,false,true,,,false,false,false,false,false,,true,true,true,false,,false,,,,
ShiftSchedulingOperation,true,,,,,,,,,,,,,,,,,,,,,,,,,,,,,,,,,,,,
ShiftSegment,true,0tv,Shift Segment,Shift Segments,true,true,true,false,,,true,false,false,false,,false,false,false,true,,,false,false,true,false,true,,true,true,true,true,,true,,,true,
ShiftSegmentType,,0t1,Shift Segment Type,Shift Segment Types,true,true,true,false,,,true,false,false,false,,false,false,false,true,,,false,false,true,false,true,,true,false,true,false,,false,,,,
ShiftStatus,,,Shift Status Value,Shift Status Value,false,false,false,false,,,false,false,false,false,,false,false,false,true,,,false,false,false,false,false,,true,false,true,false,,false,,,,
ShiftTemplate,true,0iJ,Shift Template,Shift Templates,true,true,true,false,,,true,false,false,false,,false,false,false,true,,,false,false,true,false,true,,true,true,true,true,,false,,,true,
ShiftTemplateOwnerSharingRule,,,Shift Template Owner Rule,Shift Template Owner Rule,true,true,true,false,OwnerSharingRule,ShiftTemplate,false,false,false,false,,false,false,false,true,,,false,false,false,false,false,,true,true,true,false,,false,,,,
ShiftWorkTopic,true,0xH,Shift Work Topic,Shift Work Topics,true,true,true,false,,,true,false,false,false,,false,false,false,true,,,false,false,true,false,true,,true,true,true,true,true,true,,,true,
Shipment,true,0OB,Shipment,Shipments,true,true,true,false,,,true,false,false,false,,false,true,false,true,,,false,false,true,false,true,,true,true,true,true,true,true,,,true,
ShipmentItem,true,0ob,Shipment Item,Shipment Items,true,true,true,false,,,true,false,false,false,,false,false,false,true,,,false,false,true,false,false,,true,true,true,false,true,true,,,,
ShipmentOwnerSharingRule,,,Shipment Owner Rule,Shipment Owner Rule,true,true,true,false,OwnerSharingRule,Shipment,false,false,false,false,,false,false,false,true,,,false,false,false,false,false,,true,true,true,false,,false,,,,
ShippingCarrier,true,2A2,Shipping Carrier,Shipping Carriers,true,true,true,false,,,true,false,false,false,,false,false,false,true,,,false,false,true,false,true,,true,true,true,true,true,true,,,true,
ShippingCarrierMethod,true,2A1,Shipping Carrier Method,Shipping Carrier Methods,true,true,true,false,,,true,false,false,false,,false,false,false,true,,,false,false,true,false,true,,true,true,true,true,true,true,,,true,
ShippingCarrierMethodOwnerSharingRule,,,Shipping Carrier Method Owner Rule,Shipping Carrier Method Owner Rule,true,true,true,false,OwnerSharingRule,ShippingCarrierMethod,false,false,false,false,,false,false,false,true,,,false,false,false,false,false,,true,true,true,false,,false,,,,
ShippingCarrierOwnerSharingRule,,,Shipping Carrier Owner Rule,Shipping Carrier Owner Rule,true,true,true,false,OwnerSharingRule,ShippingCarrier,false,false,false,false,,false,false,false,true,,,false,false,false,false,false,,true,true,true,false,,false,,,,
ShippingConfigSetProduct,true,1Aa,Shipping Config Set Product,Shipping Config Set Products,true,true,true,false,,,false,false,false,false,,false,false,false,true,,,false,false,false,false,false,,true,true,true,false,true,true,,,,
ShippingConfigurationSet,true,7LA,Shipping Configuration Set,Shipping Configuration Sets,true,true,true,false,,,false,false,false,false,,false,false,false,true,,,false,false,false,false,false,,true,true,true,false,true,true,,,,
ShippingConfigurationSetOwnerSharingRule,,,Shipping Configuration Set Owner Rule,Shipping Configuration Set Owner Rule,true,true,true,false,OwnerSharingRule,ShippingConfigurationSet,false,false,false,false,,false,false,false,true,,,false,false,false,false,false,,true,true,true,false,,false,,,,
ShippingRateArea,true,12h,Shipping Rate Area,Shipping Rate Areas,true,true,true,false,,,false,false,false,false,,false,false,false,true,,,false,false,false,false,false,,true,true,true,false,true,true,,,,
ShippingRateGroup,true,8Ni,Shipping Rate Group,Shipping Rate Groups,true,true,true,false,,,false,false,false,false,,false,false,false,true,,,false,false,false,false,false,,true,true,true,false,true,true,,,,
SignatureTask,true,7Oh,Signature Task,Signature Tasks,true,true,true,false,,,true,false,false,false,,false,false,false,true,,,false,false,true,false,true,,true,true,true,true,true,true,,,true,
SignatureTaskLineItem,true,6st,Signature Task Line Item,Signature Task Line Items,true,true,true,false,,,true,false,false,false,,false,false,false,true,,,false,false,true,false,true,,true,true,false,true,true,true,,,true,
SignupRequest,true,0SR,Signup Request,Signup Requests,true,false,true,false,,,true,false,false,false,,false,false,false,true,,,false,false,true,false,false,,true,true,true,false,true,true,,,,
SignupRequestOwnerSharingRule,,,Signup Request Owner Rule,Signup Request Owner Rule,true,true,true,false,OwnerSharingRule,SignupRequest,false,false,false,false,,false,false,false,true,,,false,false,false,false,false,,true,true,true,false,,false,,,,
Site,true,0DM,Site,Sites,false,false,false,false,,,false,false,false,false,,false,true,false,true,,,false,false,false,false,false,,true,false,true,false,,false,,,,
SiteDetail,,0GV,Site Detail,Site Details,false,false,false,false,,,false,false,false,false,,false,false,false,false,,,false,false,false,false,false,,true,false,false,false,,false,,,,
SiteIframeWhiteListUrl,,0Xs,Trusted Domains for Inline Frames,Trusted Domains for Inline Frames,true,true,true,false,,,false,false,false,false,,false,false,false,true,,,false,false,false,false,false,,true,false,true,false,,false,,,,
SiteMarketingDataExtensionMapping,,8Cm,Site Marketing Data Extension Mapping,Site Marketing Data Extension Mappings,false,false,true,false,,,false,false,false,false,,false,false,false,true,,,false,false,false,false,false,,true,true,true,false,true,true,,,,
SiteRedirectMapping,,0H0,Site Redirect Mapping,Site Redirect Mapping,true,true,true,false,,,false,false,false,false,,false,false,false,true,,,false,false,false,false,false,,true,false,true,false,,false,,,,
Skill,,0C5,Skill,Skills,true,true,false,false,,,false,false,false,false,,false,false,false,true,,,false,false,false,false,true,,true,false,true,true,,false,,,,
SkillLevelDefinition,true,0kI,Skill Level Definition,Skill Level Definitions,true,true,true,false,,,true,false,false,false,,false,false,false,true,,,false,false,true,false,false,,true,true,true,false,,true,,,,
SkillLevelDefinitionOwnerSharingRule,,,Skill Level Definition Owner Rule,Skill Level Definition Owner Rule,true,true,true,false,OwnerSharingRule,SkillLevelDefinition,false,false,false,false,,false,false,false,true,,,false,false,false,false,false,,true,true,true,false,,false,,,,
SkillLevelLearningContent,true,,,,,,,,,,,,,,,,,,,,,,,,,,,,,,,,,,,,
SkillLevelProgress,true,0kK,Skill Level Progress,Skill Level Progresses,true,true,true,false,,,true,false,false,false,,false,false,false,true,,,false,false,true,false,false,,true,true,true,false,,true,,,,
SkillLevelProgressOwnerSharingRule,,,Skill Level Progress Owner Rule,Skill Level Progress Owner Rule,true,true,true,false,OwnerSharingRule,SkillLevelProgress,false,false,false,false,,false,false,false,true,,,false,false,false,false,false,,true,true,true,false,,false,,,,
SkillProfile,,0CA,Skill Profile,Skill Profiles,true,true,true,false,,,false,false,false,false,,false,false,false,true,,,false,false,false,false,false,,true,false,true,false,,false,,,,
SkillRequirement,true,0Hx,Skill Requirement,Skill Requirements,true,true,true,false,,,true,false,false,false,,false,false,false,true,,,false,false,true,false,true,,true,true,true,true,true,false,,,true,
SkillType,,13B,Skill Type,Skill Types,true,true,true,false,,,false,false,false,false,,false,false,false,true,,,false,false,false,false,false,,true,false,true,false,,false,,,,
SkillUser,,0C9,Skill User,Skill Users,true,true,true,false,,,false,false,false,false,,false,false,false,true,,,false,false,false,false,false,,true,false,true,false,,false,,,,
SLA_Complaint__dlm,,qC0,SLA_Complaint,SLA_Complaint,false,false,false,false,,,false,false,false,false,,false,false,false,true,,,false,false,false,false,false,,true,false,false,false,,false,,,,
SlackAppConversationEvent,,10A,Slack Application Conversation Event,Slack Application Conversation Events,false,false,false,false,,,false,false,false,false,,false,false,false,false,,,false,false,false,false,false,,false,false,false,false,true,false,,,,
SlaProcess,,552,Entitlement Process,Entitlement Processes,false,false,false,false,,,true,false,false,false,,false,false,false,true,,,false,false,true,false,true,,true,false,true,true,,false,,,,
Snippet,,2sn,Snippet,Snippets,true,true,true,false,,,true,false,false,false,,false,true,false,true,,,false,false,true,false,true,,true,true,true,true,true,true,,,true,
SnippetAssignment,,2sa,Snippet Assignment,Snippet Assignments,true,false,true,false,,,true,false,false,false,,false,false,false,true,,,false,false,true,false,false,,true,true,true,false,true,false,,,,
SocialContributionSum,true,10W,Social Contribution Summary,Social Contribution Summaries,false,false,false,false,,,true,false,false,false,,false,false,false,true,,,false,false,true,false,true,,true,true,true,true,true,false,,,true,
SocialContributionSumOwnerSharingRule,,,Social Contribution Summary Owner Rule,Social Contribution Summary Owner Rule,true,true,true,false,OwnerSharingRule,SocialContributionSum,false,false,false,false,,false,false,false,true,,,false,false,false,false,false,,true,true,true,false,,false,,,,
SocialPersona,true,0SP,Social Persona,Social Personas,true,true,true,false,,,true,false,false,false,,false,false,false,true,,,false,false,true,false,true,,true,true,true,true,true,true,,,true,
SocialPost,true,0ST,Social Post,Social Posts,true,true,true,false,,,true,false,false,false,,false,false,false,true,,,false,false,true,false,true,,true,true,true,true,true,true,,,true,
SocialPostOwnerSharingRule,,,Social Post Owner Rule,Social Post Owner Rule,true,true,true,false,OwnerSharingRule,SocialPost,false,false,false,false,,false,false,false,true,,,false,false,false,false,false,,true,true,true,false,,false,,,,
Solution,true,501,Solution,Solutions,true,true,true,false,,,true,false,false,false,,false,false,false,true,,,false,false,true,false,true,,true,true,true,true,true,true,,,true,
SolutionStatus,,,Solution Status Value,Solution Status Value,false,false,false,false,,,false,false,false,false,,false,false,false,true,,,false,false,false,false,false,,true,false,true,false,,false,,,,
SOSDeployment,,0NW,SOS Deployment,SOS Deployments,true,true,false,false,,,false,false,false,false,,false,false,false,true,,,false,false,false,false,false,,true,false,true,false,,false,,,,
SOSSession,true,0NX,SOS Session,SOS Sessions,true,true,true,false,,,true,false,false,false,,false,false,false,true,,,false,false,true,false,true,,true,true,true,true,true,true,,,true,
SOSSessionActivity,true,0NZ,SOS Session Activity,SOS Session Activities,true,true,true,false,,,false,false,false,false,,false,false,false,true,,,false,false,false,false,false,,true,true,true,false,,true,,,,
SOSSessionOwnerSharingRule,,,SOS Session Owner Rule,SOS Session Owner Rule,true,true,true,false,OwnerSharingRule,SOSSession,false,false,false,false,,false,false,false,true,,,false,false,false,false,false,,true,true,true,false,,false,,,,
SourceObjectAttributes,,0fP,SourceObjectAttributes,SourceObjectAttributes,true,true,true,false,,,false,false,false,false,,false,false,false,true,,,false,false,false,false,false,,true,false,true,false,,false,,,,
Specimen,true,2de,Specimen,Specimens,false,false,false,false,,,true,false,false,false,,false,false,false,true,,,false,false,true,false,true,,true,true,true,true,true,false,,,true,
SpecimenOwnerSharingRule,,,Specimen Owner Rule,Specimen Owner Rule,true,true,true,false,OwnerSharingRule,Specimen,false,false,false,false,,false,false,false,true,,,false,false,false,false,false,,true,true,true,false,,false,,,,
Spotter_Configuration__c,true,a6g,Spotter Configuration,Spotter Configurations,true,true,true,false,,,true,true,false,false,,false,false,false,true,,,false,false,true,false,false,,true,true,true,true,true,true,,,true,
Spotter_Configuration__OwnerSharingRule,,,Owner Rule: Spotter Configuration,Owner Rule: Spotter Configuration,true,true,true,false,OwnerSharingRule,Spotter_Configuration__c,false,false,false,false,,false,false,false,true,,,false,false,false,false,false,,true,true,true,false,,false,,,,
Spotter_Hotspot__c,true,a6h,Spotter Hotspot,Spotter Hotspots,true,true,true,false,,,true,true,false,false,,false,false,false,true,,,false,false,true,false,false,,true,true,true,false,true,true,,,,
SPSamlAttributes,,0J4,Service Provider SAML Attribute,Service Provider SAML Attributes,true,true,true,false,,,false,false,false,false,,false,false,false,true,,,false,false,false,false,false,,true,false,true,false,,false,,,,
SrcPredJobStatusChgEvent,,0xp,Source Prediction Job Status Changed Event,Source Prediction Job Status Changed Events,false,false,false,false,,,false,false,false,false,,false,false,false,false,,,false,false,false,false,false,,false,false,false,false,true,false,,,,
ssot__Account__dlm,,q0G,Account,Account,false,false,false,false,,,false,false,false,false,,false,false,false,true,,,false,false,false,false,false,,true,false,false,false,,false,,,,
ssot__AccountContact__dlm,,q0D,Account Contact,Account Contact,false,false,false,false,,,false,false,false,false,,false,false,false,true,,,false,false,false,false,false,,true,false,false,false,,false,,,,
ssot__AgentServicePresence__dlm,,q0k,Agent Service Presence,Agent Service Presence,false,false,false,false,,,false,false,false,false,,false,false,false,true,,,false,false,false,false,false,,true,false,false,false,,false,,,,
ssot__AgentWork__dlm,,q0m,Agent Work,Agent Work,false,false,false,false,,,false,false,false,false,,false,false,false,true,,,false,false,false,false,false,,true,false,false,false,,false,,,,
ssot__AgentWorkSkill__dlm,,q0l,Agent Work Skill,Agent Work Skill,false,false,false,false,,,false,false,false,false,,false,false,false,true,,,false,false,false,false,false,,true,false,false,false,,false,,,,
ssot__Asset__dlm,,q1G,Asset,Asset,false,false,false,false,,,false,false,false,false,,false,false,false,true,,,false,false,false,false,false,,true,false,false,false,,false,,,,
ssot__AssetWarrantyTerm__dlm,,q1F,Asset Warranty Term,Asset Warranty Term,false,false,false,false,,,false,false,false,false,,false,false,false,true,,,false,false,false,false,false,,true,false,false,false,,false,,,,
ssot__Case__dlm,,q2d,Case,Case,false,false,false,false,,,false,false,false,false,,false,false,false,true,,,false,false,false,false,false,,true,false,false,false,,false,,,,
ssot__CaseUpdate__dlm,,q2c,Case Update,Case Update,false,false,false,false,,,false,false,false,false,,false,false,false,true,,,false,false,false,false,false,,true,false,false,false,,false,,,,
ssot__ConsumedLocationProduct__dlm,,q3H,Consumed Location Product,Consumed Location Product,false,false,false,false,,,false,false,false,false,,false,false,false,true,,,false,false,false,false,false,,true,false,false,false,,false,,,,
ssot__ContactPointAddress__dlm,,q3I,Contact Point Address,Contact Point Address,false,false,false,false,,,false,false,false,false,,false,false,false,true,,,false,false,false,false,false,,true,false,false,false,,false,,,,
ssot__ContactPointEmail__dlm,,q3L,Contact Point Email,Contact Point Email,false,false,false,false,,,false,false,false,false,,false,false,false,true,,,false,false,false,false,false,,true,false,false,false,,false,,,,
ssot__ContactPointPhone__dlm,,q3N,Contact Point Phone,Contact Point Phone,false,false,false,false,,,false,false,false,false,,false,false,false,true,,,false,false,false,false,false,,true,false,false,false,,false,,,,
ssot__ContentDocument__dlm,,q3T,Content Document,Content Document,false,false,false,false,,,false,false,false,false,,false,false,false,true,,,false,false,false,false,false,,true,false,false,false,,false,,,,
ssot__ContentDocumentRelationship__dlm,,q3R,Content Document Relationship,Content Document Relationship,false,false,false,false,,,false,false,false,false,,false,false,false,true,,,false,false,false,false,false,,true,false,false,false,,false,,,,
ssot__ContentDocumentVersion__dlm,,q3S,Content Document Version,Content Document Version,false,false,false,false,,,false,false,false,false,,false,false,false,true,,,false,false,false,false,false,,true,false,false,false,,false,,,,
ssot__Contract__dlm,,q3V,Contract,Contract,false,false,false,false,,,false,false,false,false,,false,false,false,true,,,false,false,false,false,false,,true,false,false,false,,false,,,,
ssot__ContractLine__dlm,,q3U,Contract Line,Contract Line,false,false,false,false,,,false,false,false,false,,false,false,false,true,,,false,false,false,false,false,,true,false,false,false,,false,,,,
ssot__EmailMessage__dlm,,q4K,Email Message,Email Message,false,false,false,false,,,false,false,false,false,,false,false,false,true,,,false,false,false,false,false,,true,false,false,false,,false,,,,
ssot__Individual__dlm,,q64,Individual,Individual,false,false,false,false,,,false,false,false,false,,false,false,false,true,,,false,false,false,false,false,,true,false,false,false,,false,,,,
ssot__InventoryRequest__dlm,,q6E,Inventory Request,Inventory Request,false,false,false,false,,,false,false,false,false,,false,false,false,true,,,false,false,false,false,false,,true,false,false,false,,false,,,,
ssot__InventoryRequestItem__dlm,,q6D,Inventory Request Item,Inventory Request Item,false,false,false,false,,,false,false,false,false,,false,false,false,true,,,false,false,false,false,false,,true,false,false,false,,false,,,,
ssot__InventoryTransfer__dlm,,q6F,Inventory Transfer,Inventory Transfer,false,false,false,false,,,false,false,false,false,,false,false,false,true,,,false,false,false,false,false,,true,false,false,false,,false,,,,
ssot__KnowledgeArticleVersion__dlm,,q6K,Knowledge Article Version,Knowledge Article Version,false,false,false,false,,,false,false,false,false,,false,false,false,true,,,false,false,false,false,false,,true,false,false,false,,false,,,,
ssot__Location__dlm,,q6q,Location,Location,false,false,false,false,,,false,false,false,false,,false,false,false,true,,,false,false,false,false,false,,true,false,false,false,,false,,,,
ssot__LocationProductInventory__dlm,,q6p,Location Product Inventory,Location Product Inventory,false,false,false,false,,,false,false,false,false,,false,false,false,true,,,false,false,false,false,false,,true,false,false,false,,false,,,,
ssot__OperatingHours__dlm,,q7q,Operating Hours,Operating Hours,false,false,false,false,,,false,false,false,false,,false,false,false,true,,,false,false,false,false,false,,true,false,false,false,,false,,,,
ssot__OperatingHoursTimeSlot__dlm,,q7p,Operating Hours Time Slot,Operating Hours Time Slot,false,false,false,false,,,false,false,false,false,,false,false,false,true,,,false,false,false,false,false,,true,false,false,false,,false,,,,
ssot__PriceBook__dlm,,q90,Price Book,Price Book,false,false,false,false,,,false,false,false,false,,false,false,false,true,,,false,false,false,false,false,,true,false,false,false,,false,,,,
ssot__PriceBookEntry__dlm,,q8z,Price Book Entry,Price Book Entry,false,false,false,false,,,false,false,false,false,,false,false,false,true,,,false,false,false,false,false,,true,false,false,false,,false,,,,
ssot__Product__dlm,,q9I,Product,Product,false,false,false,false,,,false,false,false,false,,false,false,false,true,,,false,false,false,false,false,,true,false,false,false,,false,,,,
ssot__ProductServiceCampaign__dlm,,q9H,Product Service Campaign,Product Service Campaign,false,false,false,false,,,false,false,false,false,,false,false,false,true,,,false,false,false,false,false,,true,false,false,false,,false,,,,
ssot__ProductServiceCampaignItem__dlm,,q9G,Product Service Campaign Item,Product Service Campaign Item,false,false,false,false,,,false,false,false,false,,false,false,false,true,,,false,false,false,false,false,,true,false,false,false,,false,,,,
ssot__RequiredProduct__dlm,,q9x,Required Product,Required Product,false,false,false,false,,,false,false,false,false,,false,false,false,true,,,false,false,false,false,false,,true,false,false,false,,false,,,,
ssot__ResourceWorkShift__dlm,,qA4,Resource Work Shift,Resource Work Shift,false,false,false,false,,,false,false,false,false,,false,false,false,true,,,false,false,false,false,false,,true,false,false,false,,false,,,,
ssot__ServiceAppointment__dlm,,qAY,Service Appointment,Service Appointment,false,false,false,false,,,false,false,false,false,,false,false,false,true,,,false,false,false,false,false,,true,false,false,false,,false,,,,
ssot__ServiceAppointmentAssignedResource__dlm,,qAX,Service Appointment Assigned Resource,Service Appointment Assigned Resource,false,false,false,false,,,false,false,false,false,,false,false,false,true,,,false,false,false,false,false,,true,false,false,false,,false,,,,
ssot__ServicePresenceStatus__dlm,,qAZ,Service Presence Status,Service Presence Status,false,false,false,false,,,false,false,false,false,,false,false,false,true,,,false,false,false,false,false,,true,false,false,false,,false,,,,
ssot__ServiceTerritory__dlm,,qAe,Service Territory,Service Territory,false,false,false,false,,,false,false,false,false,,false,false,false,true,,,false,false,false,false,false,,true,false,false,false,,false,,,,
ssot__ServiceTerritoryResource__dlm,,qAd,Service Territory Resource,Service Territory Resource,false,false,false,false,,,false,false,false,false,,false,false,false,true,,,false,false,false,false,false,,true,false,false,false,,false,,,,
ssot__Skill__dlm,,qAj,Skill,Skill,false,false,false,false,,,false,false,false,false,,false,false,false,true,,,false,false,false,false,false,,true,false,false,false,,false,,,,
ssot__Survey__dlm,,qAy,Survey,Survey,false,false,false,false,,,false,false,false,false,,false,false,false,true,,,false,false,false,false,false,,true,false,false,false,,false,,,,
ssot__SurveyInvitation__dlm,,qAq,Survey Invitation,Survey Invitation,false,false,false,false,,,false,false,false,false,,false,false,false,true,,,false,false,false,false,false,,true,false,false,false,,false,,,,
ssot__SurveyQuestion__dlm,,qAu,Survey Question,Survey Question,false,false,false,false,,,false,false,false,false,,false,false,false,true,,,false,false,false,false,false,,true,false,false,false,,false,,,,
ssot__SurveyQuestionResponse__dlm,,qAs,Survey Question Response,Survey Question Response,false,false,false,false,,,false,false,false,false,,false,false,false,true,,,false,false,false,false,false,,true,false,false,false,,false,,,,
ssot__SurveyQuestionSection__dlm,,qAt,Survey Question Section,Survey Question Section,false,false,false,false,,,false,false,false,false,,false,false,false,true,,,false,false,false,false,false,,true,false,false,false,,false,,,,
ssot__SurveyResponse__dlm,,qAv,Survey Response,Survey Response,false,false,false,false,,,false,false,false,false,,false,false,false,true,,,false,false,false,false,false,,true,false,false,false,,false,,,,
ssot__SurveySubject__dlm,,qAw,Survey Subject,Survey Subject,false,false,false,false,,,false,false,false,false,,false,false,false,true,,,false,false,false,false,false,,true,false,false,false,,false,,,,
ssot__SurveyVersion__dlm,,qAx,Survey Version,Survey Version,false,false,false,false,,,false,false,false,false,,false,false,false,true,,,false,false,false,false,false,,true,false,false,false,,false,,,,
ssot__User__dlm,,qB7,User,User,false,false,false,false,,,false,false,false,false,,false,false,false,true,,,false,false,false,false,false,,true,false,false,false,,false,,,,
ssot__UserGroup__dlm,,qB6,User Group,User Group,false,false,false,false,,,false,false,false,false,,false,false,false,true,,,false,false,false,false,false,,true,false,false,false,,false,,,,
ssot__UserGroupRelationship__dlm,,qB5,User Group Relationship,User Group Relationship,false,false,false,false,,,false,false,false,false,,false,false,false,true,,,false,false,false,false,false,,true,false,false,false,,false,,,,
ssot__WarrantyTerm__dlm,,qBN,Warranty Term,Warranty Term,false,false,false,false,,,false,false,false,false,,false,false,false,true,,,false,false,false,false,false,,true,false,false,false,,false,,,,
ssot__WorkOrder__dlm,,qBb,Work Order,Work Order,false,false,false,false,,,false,false,false,false,,false,false,false,true,,,false,false,false,false,false,,true,false,false,false,,false,,,,
ssot__WorkOrderItem__dlm,,qBa,Work Order Item,Work Order Item,false,false,false,false,,,false,false,false,false,,false,false,false,true,,,false,false,false,false,false,,true,false,false,false,,false,,,,
ssot__WorkResource__dlm,,qBd,Work Resource,Work Resource,false,false,false,false,,,false,false,false,false,,false,false,false,true,,,false,false,false,false,false,,true,false,false,false,,false,,,,
ssot__WorkResourceAbsence__dlm,,qBc,Work Resource Absence,Work Resource Absence,false,false,false,false,,,false,false,false,false,,false,false,false,true,,,false,false,false,false,false,,true,false,false,false,,false,,,,
ssot__WorkType__dlm,,qBf,Work Type,Work Type,false,false,false,false,,,false,false,false,false,,false,false,false,true,,,false,false,false,false,false,,true,false,false,false,,false,,,,
Stamp,,1ST,Stamp,Stamps,true,true,true,false,,,false,false,false,false,,false,false,false,true,,,false,false,false,false,false,,true,false,true,false,,false,,,,
StampAssignment,,1SA,Stamp Assignment,Stamp Assignments,true,true,true,false,,,false,false,false,false,,false,false,false,true,,,false,false,false,false,false,,true,false,true,false,,false,,,,
StampLocalization,,,Translation,Translation,true,true,true,false,Localization,Stamp,false,false,false,false,,false,false,false,true,,,false,false,false,false,false,,true,true,true,false,,false,,,,
StandardCareFeeAgreement,true,0rt,Standard Care Fee Agreement,Standard Care Fee Agreements,true,true,true,false,,,true,false,false,false,,false,false,false,true,,,false,false,true,false,true,,true,true,true,true,true,true,,,true,
StandardInvocableActionType,,0QO,Standard Invocable Action Type,Standard Invocable Action Types,false,false,false,false,,,false,false,false,false,,false,false,false,true,,,false,false,false,false,false,,true,false,true,false,,false,,,,
StandardShippingRate,true,5fy,Standard Shipping Rate,Standard Shipping Rates,true,true,true,false,,,true,false,false,false,,false,false,false,true,,,false,false,true,false,false,,true,true,true,true,true,true,,,true,
StaticResource,,081,Static Resource,Static Resources,true,true,true,false,,,false,false,false,false,,false,false,false,true,,,false,false,false,false,true,,true,true,true,true,,false,,,,
StnryAssetAnnualFact,true,0vW,Stationary Asset Annual Fact,Stationary Asset Annual Facts,false,false,false,false,,,true,false,false,false,,false,false,false,true,,,false,false,true,false,true,,true,true,true,true,true,false,,,true,
StnryAssetCrbnFtprnt,true,0pf,Stationary Asset Carbon Footprint,Stationary Asset Carbon Footprints,false,false,false,false,,,true,false,false,false,,false,false,false,true,,,false,false,true,false,true,,true,true,true,true,true,false,,,true,
StnryAssetCrbnFtprntItm,true,0pg,Stationary Asset Carbon Footprint Item,Stationary Asset Carbon Footprints Items,false,false,false,false,,,true,false,false,false,,false,false,false,true,,,false,false,true,false,true,,true,true,true,true,true,false,,,true,
StnryAssetCrbnFtprntOwnerSharingRule,,,Stationary Asset Carbon Footprint Owner Rule,Stationary Asset Carbon Footprint Owner Rule,true,true,true,false,OwnerSharingRule,StnryAssetCrbnFtprnt,false,false,false,false,,false,false,false,true,,,false,false,false,false,false,,true,true,true,false,,false,,,,
StnryAssetEnrgyUse,true,7LK,Stationary Asset Energy Use,Stationary Asset Energy Use,false,false,false,false,,,true,false,false,false,,false,false,false,true,,,false,false,true,false,true,,true,true,true,true,true,false,,,true,
StnryAssetEnrgyUseOwnerSharingRule,,,Stationary Asset Energy Use Owner Rule,Stationary Asset Energy Use Owner Rule,true,true,true,false,OwnerSharingRule,StnryAssetEnrgyUse,false,false,false,false,,false,false,false,true,,,false,false,false,false,false,,true,true,true,false,,false,,,,
StnryAssetEnvrSrc,true,0ph,Stationary Asset Environmental Source,Stationary Asset Environmental Sources,false,false,false,false,,,true,false,false,false,,false,false,false,true,,,false,false,true,false,true,,true,true,true,true,true,false,,,true,
StnryAssetEnvrSrcOwnerSharingRule,,,Stationary Asset Environmental Source Owner Rule,Stationary Asset Environmental Source Owner Rule,true,true,true,false,OwnerSharingRule,StnryAssetEnvrSrc,false,false,false,false,,false,false,false,true,,,false,false,false,false,false,,true,true,true,false,,false,,,,
StnryAssetEnvSrcCnfg,,0st,Stationary Asset Environmental Source Record Type Config,Stationary Asset Environmental Source Record Type Configs,true,true,true,false,,,false,false,false,false,,false,false,false,true,,,false,false,false,false,true,,true,false,true,false,,false,,,,
StnryAssetWaterActvty,true,0vP,Stationary Asset Water Activity,Stationary Asset Water Activities,false,false,false,false,,,true,false,false,false,,false,false,false,true,,,false,false,true,false,true,,true,true,true,true,true,false,,,true,
StnryAssetWaterActvtyOwnerSharingRule,,,Stationary Asset Water Activity Owner Rule,Stationary Asset Water Activity Owner Rule,true,true,true,false,OwnerSharingRule,StnryAssetWaterActvty,false,false,false,false,,false,false,false,true,,,false,false,false,false,false,,true,true,true,false,,false,,,,
StnryAssetWaterFtprnt,true,0vR,Stationary Asset Water Footprint,Stationary Asset Water Footprints,false,false,false,false,,,true,false,false,false,,false,false,false,true,,,false,false,true,false,true,,true,true,true,true,true,false,,,true,
StnryAssetWaterFtprntOwnerSharingRule,,,Stationary Asset Water Footprint Owner Rule,Stationary Asset Water Footprint Owner Rule,true,true,true,false,OwnerSharingRule,StnryAssetWaterFtprnt,false,false,false,false,,false,false,false,true,,,false,false,false,false,false,,true,true,true,false,,false,,,,
StnryAssetWtrFtprntItm,true,0vQ,Stationary Asset Water Footprint Item,Stationary Asset Water Footprint Items,false,false,false,false,,,true,false,false,false,,false,false,false,true,,,false,false,true,false,true,,true,true,true,true,true,false,,,true,
StoreIntegratedService,,1ff,Store Integrated Service,Store Integrated Services,true,true,true,false,,,false,false,false,false,,false,false,false,true,,,false,false,false,false,false,,true,true,true,false,true,true,,,,
StreamActivityAccess,true,,,,,,,,,,,,,,,,,,,,,,,,,,,,,,,,,,,,
StreamingChannel,true,0M6,Streaming Channel,Streaming Channels,true,true,true,false,,,true,false,false,false,,false,false,false,true,,,false,false,true,false,true,,true,true,true,false,true,true,,,,
StreamingChannelOwnerSharingRule,,,Streaming Channel Owner Rule,Streaming Channel Owner Rule,true,true,true,false,OwnerSharingRule,StreamingChannel,false,false,false,false,,false,false,false,true,,,false,false,false,false,false,,true,true,true,false,,false,,,,
SupervisorAgentConfigSkill,,0Ie,SupervisorAgentConfigSkill,SupervisorAgentConfigSkills,true,true,true,false,,,false,false,false,false,,false,false,false,true,,,false,false,false,false,false,,true,false,true,false,,false,,,,
Supplier,true,0eM,Supplier,Suppliers,false,false,false,false,,,true,false,false,false,,false,false,false,true,,,false,false,true,false,true,,true,true,true,true,true,false,,,true,
SupplierProduct,true,0wG,Supplier Product,Supplier Products,false,false,false,false,,,true,false,false,false,,false,false,false,true,,,false,false,true,false,true,,true,true,true,true,true,false,,,true,
SupplierProductOwnerSharingRule,,,Supplier Product Owner Rule,Supplier Product Owner Rule,true,true,true,false,OwnerSharingRule,SupplierProduct,false,false,false,false,,false,false,false,true,,,false,false,false,false,false,,true,true,true,false,,false,,,,
Survey,true,0Kd,Survey,Surveys,false,false,false,false,,,true,false,false,false,,false,false,false,true,,,false,false,true,false,true,,true,true,true,true,true,false,,,true,
SurveyEmailBranding,,0Ka,Survey Email Branding,Survey Email Brandings,true,true,true,false,,,true,false,false,false,,false,false,false,true,,,false,false,true,false,true,,true,false,true,false,,false,,,,
SurveyEngagementContext,,0iK,Survey Engagement Context,Survey Engagement Context,true,true,true,false,,,false,false,false,false,,false,false,false,true,,,false,false,false,false,false,,true,true,true,false,true,true,,,,
SurveyEngagementContextOwnerSharingRule,,,Survey Engagement Context Owner Rule,Survey Engagement Context Owner Rule,true,true,true,false,OwnerSharingRule,SurveyEngagementContext,false,false,false,false,,false,false,false,true,,,false,false,false,false,false,,true,true,true,false,,false,,,,
SurveyInvitation,true,0Ki,Survey Invitation,Survey Invitations,true,true,true,false,,,true,false,false,false,,false,false,false,true,,,false,false,true,false,true,,true,true,true,false,true,true,,,,
SurveyInvitationOwnerSharingRule,,,Survey Invitation Owner Rule,Survey Invitation Owner Rule,true,true,true,false,OwnerSharingRule,SurveyInvitation,false,false,false,false,,false,false,false,true,,,false,false,false,false,false,,true,true,true,false,,false,,,,
SurveyMessagingChannel,true,,,,,,,,,,,,,,,,,,,,,,,,,,,,,,,,,,,,
SurveyOwnerSharingRule,,,Survey Owner Rule,Survey Owner Rule,true,true,true,false,OwnerSharingRule,Survey,false,false,false,false,,false,false,false,true,,,false,false,false,false,false,,true,true,true,false,,false,,,,
SurveyPage,true,0Ke,Survey Page,Survey Pages,false,false,false,false,,,false,false,false,false,,false,false,false,true,,,false,false,false,false,false,,true,true,true,false,true,false,,,,
SurveyQuestion,,0Ku,Survey Question,Survey Questions,false,false,false,false,,,true,false,false,false,,false,false,false,true,,,false,false,true,false,false,,true,true,true,false,true,false,,,,
SurveyQuestionChoice,true,0Kc,Survey Question Choice,Survey Question Choices,false,false,false,false,,,true,false,false,false,,false,false,false,true,,,false,false,true,false,false,,true,true,true,false,true,false,,,,
SurveyQuestionResponse,true,0Kr,Survey Question Response,Survey Question Responses,false,false,false,false,,,true,false,false,false,,false,false,false,true,,,false,false,true,false,false,,true,true,true,false,true,false,,,,
SurveyQuestionScore,,0Zg,Survey Question Score,Survey Question Scores,false,false,true,false,,,false,false,false,false,,false,false,false,true,,,false,false,false,false,false,,true,true,true,false,true,true,,,,
SurveyResponse,true,0My,Survey Response,Survey Responses,false,false,true,false,,,true,false,false,false,,false,false,false,true,,,false,false,true,false,true,,true,true,true,false,true,true,,,,
SurveySubject,true,0Vk,Survey Subject,Survey Subjects,true,true,true,false,,,true,false,false,false,,false,false,false,true,,,false,false,true,false,true,,true,true,true,false,true,true,,,,
SurveyVersion,true,0Ks,Survey Version,Survey Versions,false,false,false,false,,,true,false,false,false,,false,false,false,true,,,false,false,true,false,true,,true,true,true,true,true,false,,,true,
SurveyVersionAddlInfo,,0iA,Survey Version Additional Info,Survey Version Additional Info,false,false,false,false,,,false,false,false,false,,false,false,false,true,,,false,false,false,false,false,,true,true,true,false,true,false,,,,
SustainabilityCredit,true,0us,Sustainability Credit,Sustainability Credits,false,false,false,false,,,true,false,false,false,,false,false,false,true,,,false,false,true,false,true,,true,true,true,true,true,false,,,true,
SustainabilityCreditOwnerSharingRule,,,Sustainability Credit Owner Rule,Sustainability Credit Owner Rule,true,true,true,false,OwnerSharingRule,SustainabilityCredit,false,false,false,false,,false,false,false,true,,,false,false,false,false,false,,true,true,true,false,,false,,,,
SustainabilityPurchase,true,0wd,Sustainability Purchase,Sustainability Purchases,false,false,false,false,,,true,false,false,false,,false,false,false,true,,,false,false,true,false,true,,true,true,true,true,true,false,,,true,
SustainabilityPurchaseOwnerSharingRule,,,Sustainability Purchase Owner Rule,Sustainability Purchase Owner Rule,true,true,true,false,OwnerSharingRule,SustainabilityPurchase,false,false,false,false,,false,false,false,true,,,false,false,false,false,false,,true,true,true,false,,false,,,,
SustainabilityScorecard,true,0rq,Sustainability Scorecard,Sustainability Scorecards,false,false,false,false,,,true,false,false,false,,false,false,false,true,,,false,false,true,false,true,,true,true,true,true,true,false,,,true,
SustainabilityScorecardOwnerSharingRule,,,Sustainability Scorecard Owner Rule,Sustainability Scorecard Owner Rule,true,true,true,false,OwnerSharingRule,SustainabilityScorecard,false,false,false,false,,false,false,false,true,,,false,false,false,false,false,,true,true,true,false,,false,,,,
SustainabilityStakeholder,true,,,,,,,,,,,,,,,,,,,,,,,,,,,,,,,,,,,,
SustainabilityTask,true,,,,,,,,,,,,,,,,,,,,,,,,,,,,,,,,,,,,
SustainabilityTaskGroup,true,,,,,,,,,,,,,,,,,,,,,,,,,,,,,,,,,,,,
SustainabilityUom,,0wV,Sustainability Unit of Measure,Sustainability Unit of Measures,true,true,true,false,,,true,false,false,false,,false,false,false,true,,,false,false,true,false,true,,true,false,true,false,,false,,,,
SustnUomConversion,,0wY,Sustainability Unit of Measure Conversion,Sustainability Unit of Measure Conversions,true,true,true,false,,,false,false,false,false,,false,false,false,true,,,false,false,false,false,true,,true,false,true,false,,false,,,,
SvcApptSchdEvent,,1eq,Service Appointment Scheduling Event,Service Appointment Scheduling Events,false,false,false,false,,,false,false,false,false,,false,false,false,false,,,false,false,false,false,false,,false,false,false,false,,false,,,,
SvcCatalogCategory,,5rD,Service Catalog Category,Service Catalog Categories,true,true,true,false,,,false,false,false,false,,false,false,false,true,,,false,false,false,false,false,,true,false,true,false,,false,,,,
SvcCatalogCategoryItem,,8cd,Service Catalog Category Item,Service Catalog Category Items,true,true,true,false,,,false,false,false,false,,false,false,false,true,,,false,false,false,false,false,,true,false,true,false,,false,,,,
SvcCatalogFulfillFlowItem,,5JB,Service Catalog Fulfillment Flow Item,Service Catalog Fulfillment Flow Items,true,true,true,false,,,false,false,false,false,,false,false,false,true,,,false,false,false,false,false,,true,false,true,false,,false,,,,
SvcCatalogFulfillmentFlow,,3VT,Service Catalog Fulfillment Flow,Service Catalog Fulfillment Flows,true,true,true,false,,,false,false,false,false,,false,false,false,true,,,false,false,false,false,false,,true,false,true,false,,false,,,,
SvcCatalogItemAttribute,,7Fj,Service Catalog Item Attribute,Service Catalog Item Attributes,true,true,true,false,,,false,false,false,false,,false,false,false,true,,,false,false,false,false,false,,true,false,true,false,,false,,,,
SvcCatalogItemDef,,0j2,Service Catalog Item Definition,Service Catalog Item Definitions,true,true,true,false,,,true,false,false,false,,false,false,false,true,,,false,false,true,false,false,,true,false,true,true,,false,,,true,
SvcCatalogItemDependency,true,0zH,Service Catalog Item Dependency,Service Catalog Item Dependencies,true,true,true,false,,,false,false,false,false,,false,false,false,true,,,false,false,false,false,false,,true,false,true,false,,false,,,,
SvcCatalogItemGroup,true,12p,Service Catalog Item Group,Service Catalog Item Groups,true,true,true,false,,,false,false,false,false,,false,false,false,true,,,false,false,false,false,false,,true,false,true,false,,false,,,,
SvcCatalogReqExtdAttrVal,true,0xN,Service Catalog Request Extended Attribute Value,Service Catalog Request Extended Attribute Values,true,true,true,false,,,false,false,false,false,,false,false,false,true,,,false,false,false,false,false,,true,true,true,false,true,true,,,,
SvcCatalogReqRelatedItem,true,9kS,Service Catalog Request Related Item,Service Catalog Request Related Items,true,true,true,false,,,true,false,false,false,,false,false,false,true,,,false,false,true,false,false,,true,true,true,false,true,true,,,,
SvcCatalogRequest,true,946,Service Catalog Request,Service Catalog Requests,true,true,true,false,,,true,false,false,false,,false,false,false,true,,,false,false,true,false,true,,true,true,true,true,true,true,,,true,
SvcCatalogRequestOwnerSharingRule,,,Service Catalog Request Owner Rule,Service Catalog Request Owner Rule,true,true,true,false,OwnerSharingRule,SvcCatalogRequest,false,false,false,false,,false,false,false,true,,,false,false,false,false,false,,true,true,true,false,,false,,,,
SvcProcProdCatgProdExtrc,true,1CV,Service Process Product Category Product Extract,Service Process Product Category Product Extracts,true,true,true,false,,,false,false,false,false,,false,false,false,true,,,false,false,false,false,false,,true,true,true,false,,true,,,,
SvcProcProdCatgProdExtrcOwnerSharingRule,,,Service Process Product Category Product Extract Owner Rule,Service Process Product Category Product Extract Owner Rule,true,true,true,false,OwnerSharingRule,SvcProcProdCatgProdExtrc,false,false,false,false,,false,false,false,true,,,false,false,false,false,false,,true,true,true,false,,false,,,,
Swarm,true,0sW,Swarm,Swarms,true,true,true,false,,,true,false,false,false,,false,false,false,true,,,false,false,true,false,true,,true,true,true,true,true,true,,,true,
SwarmMember,true,0sR,Swarm Member,Swarm Members,true,true,true,false,,,true,false,false,false,,false,false,false,true,,,false,false,true,false,true,,true,true,true,true,true,true,,,true,
SwarmMemberOwnerSharingRule,,,Swarm Member Owner Rule,Swarm Member Owner Rule,true,true,true,false,OwnerSharingRule,SwarmMember,false,false,false,false,,false,false,false,true,,,false,false,false,false,false,,true,true,true,false,,false,,,,
SwarmOwnerSharingRule,,,Swarm Owner Rule,Swarm Owner Rule,true,true,true,false,OwnerSharingRule,Swarm,false,false,false,false,,false,false,false,true,,,false,false,false,false,false,,true,true,true,false,,false,,,,
TabDefinition,,0KD,Tab Definition,Tab Definitions,false,false,false,false,,,false,false,false,false,,false,false,false,false,,,false,false,false,false,false,,true,false,false,true,,false,,,,
TableauHostMapping,true,0ZP,Tableau Host Mapping,Tableau Host Mappings,true,true,true,false,,,false,false,false,false,,false,false,false,true,,,false,false,false,false,false,,true,true,true,false,true,true,,,,
TableauHostMappingOwnerSharingRule,,,Tableau Host Mapping Owner Rule,Tableau Host Mapping Owner Rule,true,true,true,false,OwnerSharingRule,TableauHostMapping,false,false,false,false,,false,false,false,true,,,false,false,false,false,false,,true,true,true,false,,false,,,,
Task,true,00T,Task,Tasks,true,true,true,false,,,true,false,false,false,,false,false,false,true,,,false,false,true,false,true,,true,true,true,true,true,true,,,true,
TaskGroup,,0tG,Task Group,Task Groups,true,true,true,false,,,false,false,false,false,,false,false,false,true,,,false,false,false,false,false,,true,false,true,false,,false,,,,
TaskPriority,,,Task Priority Value,Task Priority Value,false,false,false,false,,,false,false,false,false,,false,false,false,true,,,false,false,false,false,false,,true,false,true,false,,false,,,,
TaskStatus,,,Task Status Value,Task Status Value,false,false,false,false,,,false,false,false,false,,false,false,false,true,,,false,false,false,false,false,,true,false,true,false,,false,,,,
TaxDisclosureSummary,true,0zT,Tax Disclosure Summary,Tax Disclosure Summaries,false,false,false,false,,,true,false,false,false,,false,false,false,true,,,false,false,true,false,true,,true,true,true,true,true,false,,,true,
TaxDisclosureSummaryOwnerSharingRule,,,Tax Disclosure Summary Owner Rule,Tax Disclosure Summary Owner Rule,true,true,true,false,OwnerSharingRule,TaxDisclosureSummary,false,false,false,false,,false,false,false,true,,,false,false,false,false,false,,true,true,true,false,,false,,,,
TaxEngine,true,4wA,Tax Engine,Tax Engines,true,true,true,false,,,true,false,false,false,,false,false,false,true,,,false,false,true,false,true,,true,true,true,false,,true,,,,
TaxGeoConfig,true,0yt,Tax Geo Configuration,Tax Geo Configurations,true,true,true,false,,,true,false,false,false,,false,false,false,true,,,false,false,true,false,true,,true,true,true,false,true,true,,,,
TaxGeoConfigOwnerSharingRule,,,Tax Geo Configuration Owner Rule,Tax Geo Configuration Owner Rule,true,true,true,false,OwnerSharingRule,TaxGeoConfig,false,false,false,false,,false,false,false,true,,,false,false,false,false,false,,true,true,true,false,,false,,,,
TaxPolicy,true,1Tp,Tax Policy,Tax Policies,true,true,true,false,,,true,false,false,false,,false,false,false,true,,,false,false,true,false,true,,true,true,true,false,,true,,,,
TaxRate,true,0xq,Tax Rate,Tax Rates,true,true,true,false,,,true,false,false,false,,false,false,false,true,,,false,false,true,false,true,,true,true,true,false,true,true,,,,
TaxRateOwnerSharingRule,,,Tax Rate Owner Rule,Tax Rate Owner Rule,true,true,true,false,OwnerSharingRule,TaxRate,false,false,false,false,,false,false,false,true,,,false,false,false,false,false,,true,true,true,false,,false,,,,
TaxTreatment,true,1tt,Tax Treatment,Tax Treatments,true,true,true,false,,,true,false,false,false,,false,false,false,true,,,false,false,true,false,true,,true,true,true,false,,true,,,,
template_feedback__cio,,qCM,Prompt Template Feedback,Prompt Template Feedback,false,false,false,false,,,false,false,false,false,,false,false,false,false,,,false,false,false,false,false,,false,false,false,false,,false,,,,
template_feedback_reasons__cio,,qCN,Prompt Template Feedback Reasons,Prompt Template Feedback Reasons,false,false,false,false,,,false,false,false,false,,false,false,false,false,,,false,false,false,false,false,,false,false,false,false,,false,,,,
template_generation_count__cio,,qCQ,Prompt Template Generation Count,Prompt Template Generation Count,false,false,false,false,,,false,false,false,false,,false,false,false,false,,,false,false,false,false,false,,false,false,false,false,,false,,,,
template_version_feedback__cio,,qCO,Prompt Template Version Feedback,Prompt Template Version Feedback,false,false,false,false,,,false,false,false,false,,false,false,false,false,,,false,false,false,false,false,,false,false,false,false,,false,,,,
template_version_feedback_reasons__cio,,qCP,Prompt Template Version Feedback Reasons,Prompt Template Version Feedback Reasons,false,false,false,false,,,false,false,false,false,,false,false,false,false,,,false,false,false,false,false,,false,false,false,false,,false,,,,
TemplateDataAsset,,0mk,Template Association from data cloud objects,Template Associations from data cloud objects,true,true,true,false,,,false,false,false,false,,false,false,false,true,,,false,false,false,false,false,,true,false,true,false,,false,,,,
TenantSecurityAlertRuleSelectedTenant,true,3wq,Security Center Alert Rule Selected Tenant,Security Center Alert Rule Selected Tenants,true,true,true,false,,,false,false,false,false,,false,false,false,true,,,false,false,false,false,false,,true,true,true,false,,true,,,,
TenantSecurityApiAnomaly,true,8aa,Security Center Api Anomaly,Security Center Api Anomalies,false,false,false,false,,,false,false,false,false,,false,false,false,true,,,false,false,false,false,false,,true,true,true,false,,false,,,,
TenantSecurityCertificate,true,40y,Security Center Certificate,Security Center Certificates,false,false,false,false,,,false,false,false,false,,false,false,false,true,,,false,false,false,false,false,,true,true,true,false,,false,,,,
TenantSecurityConnectedApp,true,4UI,Security Center Connected App,Security Center Connected Apps,false,false,false,false,,,false,false,false,false,,false,false,false,true,,,false,false,false,false,false,,true,true,true,false,,false,,,,
TenantSecurityCredentialStuffing,true,8cs,Security Center Credential Stuffing,Security Center Credential Stuffings,false,false,false,false,,,false,false,false,false,,false,false,false,true,,,false,false,false,false,false,,true,true,true,false,,false,,,,
TenantSecurityCustomMetricDetail,true,8oc,Security Center Custom Metric Detail,Security Center Custom Metric Details,false,false,false,false,,,false,false,false,false,,false,false,false,true,,,false,false,false,false,false,,true,true,true,false,,false,,,,
TenantSecurityCustomMetricSetup,true,4B8,Security Center Custom Metric Setup,Security Center Custom Metric Setup,true,true,true,false,,,false,false,false,false,,false,false,false,true,,,false,false,false,false,false,,true,true,true,false,,true,,,,
TenantSecurityCustomMetricStat,true,4b8,Security Center Custom Metric Statistic,Security Center Custom Metric Statistics,false,false,false,false,,,false,false,false,false,,false,false,false,true,,,false,false,false,false,false,,true,true,true,false,,false,,,,
TenantSecurityEncryptedField,true,39y,Security Center Encrypted Field,Security Center Encrypted Fields,false,false,false,false,,,false,false,false,false,,false,false,false,true,,,false,false,false,false,false,,true,true,true,false,,false,,,,
TenantSecurityEncryptionPolicy,true,84j,Security Center Encryption Policy,Security Center Encryption Policies,false,false,false,false,,,false,false,false,false,,false,false,false,true,,,false,false,false,false,false,,true,true,true,false,,false,,,,
TenantSecurityFeature,true,92r,Tenant Security Feature,Tenant Security Features,false,false,false,false,,,false,false,false,false,,false,false,false,true,,,false,false,false,false,false,,true,true,true,false,,false,,,,
TenantSecurityGuestUserAnomaly,true,67A,Security Center Guest User Anomaly,Security Center Guest User Anomalies,false,false,false,false,,,false,false,false,false,,false,false,false,true,,,false,false,false,false,false,,true,true,true,false,,false,,,,
TenantSecurityHealthCheckBaselineTrend,true,2Em,Security Center Health Check Baseline Trend,Security Center Health Check Baseline Trends,false,false,false,false,,,false,false,false,false,,false,false,false,true,,,false,false,false,false,false,,true,true,true,false,,false,,,,
TenantSecurityHealthCheckDetail,true,4T9,Security Center Health Check Detail,Security Center Health Check Details,false,false,false,false,,,false,false,false,false,,false,false,false,true,,,false,false,false,false,false,,true,true,true,false,,false,,,,
TenantSecurityHealthCheckTrend,true,1qt,Security Center Health Check Trend,Security Center Health Check Trends,false,false,false,false,,,false,false,false,false,,false,false,false,true,,,false,false,false,false,false,,true,true,true,false,,false,,,,
TenantSecurityLicense,true,0VN,Security Center License,Security Center Licenses,false,false,false,false,,,false,false,false,false,,false,false,false,true,,,false,false,false,false,false,,true,true,true,false,,false,,,,
TenantSecurityLogin,true,7Te,Security Center Login,Security Center Logins,false,false,false,false,,,false,false,false,false,,false,false,false,true,,,false,false,false,false,false,,true,true,true,false,,false,,,,
TenantSecurityLoginIpRangeTrend,true,14H,Security Center Login IP Range Trend,Security Center Login IP Range Trends,false,false,false,false,,,false,false,false,false,,false,false,false,true,,,false,false,false,false,false,,true,true,true,false,,false,,,,
TenantSecurityMetricDetail,true,8al,Tenant Security Metric Detail,Tenant Security Metric Details,false,false,false,false,,,false,false,false,false,,false,false,false,true,,,false,false,false,false,false,,true,true,true,false,,false,,,,
TenantSecurityMetricDetailLink,true,9oc,Security Center Metric Detail Link,Security Center Metric Detail Links,false,false,false,false,,,false,false,false,false,,false,false,false,true,,,false,false,false,false,false,,true,true,true,false,,false,,,,
TenantSecurityMobilePolicyTrend,true,8ih,Security Center Mobile Policy Trend,Security Center Mobile Policy Trends,false,false,false,false,,,false,false,false,false,,false,false,false,true,,,false,false,false,false,false,,true,true,true,false,,false,,,,
TenantSecurityMonitorMetric,true,4a8,Security Center Monitor Metric,Security Center Monitor Metrics,false,false,false,false,,,false,false,false,false,,false,false,false,true,,,false,false,false,false,false,,true,true,true,false,,false,,,,
TenantSecurityNotification,true,4ym,Security Center Notification,Security Center Notifications,false,false,false,false,,,false,false,false,false,,false,false,false,true,,,false,false,false,false,false,,true,true,true,false,,false,,,,
TenantSecurityNotificationRule,true,2ZA,Security Center Notification Rule,Security Center Notification Rules,true,true,true,false,,,false,false,false,false,,false,false,false,true,,,false,false,false,false,false,,true,true,true,false,,true,,,,
TenantSecurityPackage,true,7T2,Security Center Package,Security Center Packages,false,false,false,false,,,false,false,false,false,,false,false,false,true,,,false,false,false,false,false,,true,true,true,false,,false,,,,
TenantSecurityPolicy,true,7po,Security Center Policy,Security Center Policies,true,true,true,false,,,false,false,false,false,,false,false,false,true,,,false,false,false,false,false,,true,true,true,false,,true,,,,
TenantSecurityPolicyChangeLog,true,7pc,Security Center Policy Change Log,Security Center Policy Change Logs,true,true,true,false,,,false,false,false,false,,false,false,false,true,,,false,false,false,false,false,,true,true,true,false,,true,,,,
TenantSecurityPolicyDeployment,true,7pd,Security Center Policy Deployment,Security Center Policy Deployments,true,true,true,false,,,false,false,false,false,,false,false,false,true,,,false,false,false,false,false,,true,true,true,false,,true,,,,
TenantSecurityPolicySelectedTenant,true,7ps,Security Center Policy Selected Tenant,Security Center Policy Selected Tenants,true,true,true,false,,,false,false,false,false,,false,false,false,true,,,false,false,false,false,false,,true,true,true,false,,true,,,,
TenantSecurityReportAnomaly,true,8ra,Security Center Report Anomaly,Security Center Report Anomalies,false,false,false,false,,,false,false,false,false,,false,false,false,true,,,false,false,false,false,false,,true,true,true,false,,false,,,,
TenantSecuritySessionHijacking,true,8sh,Security Center Session Hijacking,Security Center Session Hijackings,false,false,false,false,,,false,false,false,false,,false,false,false,true,,,false,false,false,false,false,,true,true,true,false,,false,,,,
TenantSecurityTenantChangeLog,true,1wF,Security Center Tenant Change Log,Security Center Tenant Change Logs,true,true,true,false,,,false,false,false,false,,false,false,false,true,,,false,false,false,false,false,,true,true,true,false,,true,,,,
TenantSecurityTenantInfo,true,2Y8,Security Center Tenant Information,Security Center Tenant Informations,false,false,false,false,,,false,false,false,false,,false,false,false,true,,,false,false,false,false,false,,true,true,true,false,,false,,,,
TenantSecurityTransactionPolicyTrend,true,2nd,Security Center Transaction Policy Trend,Security Center Transaction Policy Trends,false,false,false,false,,,false,false,false,false,,false,false,false,true,,,false,false,false,false,false,,true,true,true,false,,false,,,,
TenantSecurityTrigTransactionSecurityPol,true,8OC,Security Center Triggered Transaction Security Policy,Security Center Triggered Transaction Security Policies,false,false,false,false,,,false,false,false,false,,false,false,false,true,,,false,false,false,false,false,,true,true,true,false,,false,,,,
TenantSecurityTrustedIpRangeTrend,true,8d6,Security Center Trusted IP Range Trend,Security Center Trusted IP Range Trends,false,false,false,false,,,false,false,false,false,,false,false,false,true,,,false,false,false,false,false,,true,true,true,false,,false,,,,
TenantSecurityUserActivity,true,4TN,Security Center User Activity,Security Center User Activities,false,false,false,false,,,false,false,false,false,,false,false,false,true,,,false,false,false,false,false,,true,true,true,false,,false,,,,
TenantSecurityUserPerm,true,1Vh,Security Center User Permission,Security Center User Permissions,false,false,false,false,,,false,false,false,false,,false,false,false,true,,,false,false,false,false,false,,true,true,true,false,,false,,,,
TenantSecurityWebsite,true,,,,,,,,,,,,,,,,,,,,,,,,,,,,,,,,,,,,
TenantUsageEntitlement,,0UT,Tenant Usage Entitlement,Tenant Usage Entitlements,false,false,false,false,,,false,false,false,false,,false,false,false,true,,,false,false,true,false,false,,true,false,true,false,,false,,,,
Territory2,true,0MI,Territory,Territories,true,true,true,false,,,true,false,false,false,,false,false,false,true,,,false,false,true,false,false,,true,false,true,false,true,false,,,,
Territory2AlignmentLog,,2UF,Territory2 Alignment Log,Territory2 Alignment Logs,false,false,false,false,,,false,false,false,false,,false,false,false,true,,,false,false,false,false,false,,true,true,true,false,,false,,,,
Territory2Model,true,0MA,Territory Model,Territory Models,true,true,true,false,,,true,false,false,false,,false,false,false,true,,,false,false,true,false,false,,true,true,true,false,,false,,,,
Territory2ObjectExclusion,,4xe,Territory Object Exclusion,Territory Object Exclusions,true,true,true,false,,,false,false,false,false,,false,false,false,true,,,false,false,false,false,false,,true,true,true,false,,false,,,,
Territory2ObjSharingConfig,,6PF,Territory2 Object Sharing Configuration,Territory2 Object Sharing Configurations,false,true,false,false,,,false,false,false,false,,false,false,false,true,,,false,false,false,false,false,,true,false,true,false,,false,,,,
Territory2Type,,0M5,Territory Type,Territory Types,true,true,true,false,,,false,false,false,false,,false,false,false,true,,,false,false,false,false,false,,true,false,true,false,,false,,,,
TerritoryAdminAssignment,,1GK,Territory Admin Assignment,Territory Admin Assignments,true,true,true,false,,,false,false,false,false,,false,false,false,true,,,false,false,false,false,false,,true,true,true,false,true,false,,,,
TerritoryMgmtObjectConfig,,31B,Territory Management Object Configuration,Territory Management Object Configurations,true,true,false,false,,,false,false,false,false,,false,false,false,true,,,false,false,false,false,false,,true,false,true,false,,false,,,,
TestSuiteMembership,,0Hd,Test Suite Membership,Test Suite Memberships,true,true,true,false,,,false,false,false,false,,false,false,false,true,,,false,false,false,false,false,,true,false,true,false,,false,,,,
ThirdPartyAccountLink,,0Jr,Third Party Account Link,Third Party Account Links,false,false,false,false,,,false,false,false,false,,false,false,false,true,,,false,false,false,false,false,,true,false,false,false,,false,,,,
ThreatDetectionFeedback,,0hY,Threat Detection Feedback,Threat Detection Feedback,true,true,false,false,,,true,false,false,false,,false,false,false,true,,,false,false,true,false,true,,true,true,false,false,,false,,,,
TimelineObjectDefinition,,0sY,Timeline Object Definition,Timeline Object Definition,true,true,true,false,,,false,false,false,false,,false,false,false,true,,,false,false,false,false,false,,true,false,true,false,,false,,,,true
TimelineObjectDefinitionLocalization,,,Translation,Translation,true,true,true,false,Localization,TimelineObjectDefinition,false,false,false,false,,false,false,false,true,,,false,false,false,false,false,,true,true,true,false,,false,,,,
TimeSheet,true,1ts,Time Sheet,Time Sheets,true,true,true,false,,,true,false,false,false,,false,false,false,true,,,false,false,true,false,true,,true,true,true,true,true,true,,,true,
TimeSheetEntry,true,1te,Time Sheet Entry,Time Sheet Entries,true,true,true,false,,,true,false,false,false,,false,false,false,true,,,false,false,true,false,true,,true,true,true,true,true,true,,,true,
TimeSheetOwnerSharingRule,,,Time Sheet Owner Rule,Time Sheet Owner Rule,true,true,true,false,OwnerSharingRule,TimeSheet,false,false,false,false,,false,false,false,true,,,false,false,false,false,false,,true,true,true,false,,false,,,,
TimeSlot,true,0Gj,Time Slot,Time Slots,true,true,true,false,,,true,false,false,false,,false,false,false,true,,,false,false,true,false,true,,true,true,true,false,true,false,,,,
TodayGoal,,0Jz,Goal,Goals,true,true,true,false,,,false,false,false,false,,false,false,false,true,,,false,false,false,false,false,,true,true,true,false,,true,,,,
TodayGoalOwnerSharingRule,,,Goal Owner Rule,Goal Owner Rule,true,true,true,false,OwnerSharingRule,TodayGoal,false,false,false,false,,false,false,false,true,,,false,false,false,false,false,,true,true,true,false,,false,,,,
Topic,true,0TO,Topic,Topics,true,true,true,false,,,true,false,false,false,,false,true,false,true,,,false,false,true,false,true,,true,true,true,true,true,false,,,,
TopicAssignment,true,0FT,Topic Assignment,Topic Assignments,true,false,true,false,,,false,false,false,false,,false,false,false,true,,,false,false,false,false,false,,true,true,true,false,true,false,,,,
TopicLocalization,,,Translation,Translation,true,true,true,false,Localization,Topic,false,false,false,false,,false,false,false,true,,,false,false,false,false,false,,true,true,true,false,,false,,,,
TopicUserEvent,,0te,Topic User Event,Topic User Events,false,false,true,false,,,false,false,false,false,,false,false,false,true,,,false,false,false,false,false,,true,false,true,false,,false,,,,
TrackedCommunication,true,108,Tracked Communication,Tracked Communications,false,false,false,false,,,true,false,false,false,,false,false,false,true,,,false,false,true,false,true,,true,true,true,true,true,false,,,true,
TrackedCommunicationDetail,true,10B,Tracked Communication Detail,Tracked Communication Details,false,false,false,false,,,true,false,false,false,,false,false,false,true,,,false,false,true,false,true,,true,true,true,true,true,false,,,true,
TrackedCommunicationOwnerSharingRule,,,Tracked Communication Owner Rule,Tracked Communication Owner Rule,true,true,true,false,OwnerSharingRule,TrackedCommunication,false,false,false,false,,false,false,false,true,,,false,false,false,false,false,,true,true,true,false,,false,,,,
TransactionJournal,true,0lV,Transaction Journal,Transaction Journals,true,true,true,false,,,true,false,false,false,,false,false,false,true,,,false,false,true,false,true,,true,true,true,false,true,true,,,,
TransactionSecurityPolicy,,0NI,Transaction Security Policy,Transaction Security Policies,true,true,true,false,,,false,false,false,false,,false,false,false,true,,,false,false,false,false,false,,true,false,true,false,,false,,,,
Translation,,01h,Language Translation,Language Translation,true,true,false,false,,,false,false,false,false,,false,false,false,true,,,false,false,false,false,false,,true,false,true,false,,false,,,,
TravelMode,true,5pL,Travel Mode,Travel Modes,true,true,true,false,,,true,false,false,false,,false,false,false,true,,,false,false,true,false,true,,true,true,true,true,true,true,,,true,
TravelModeOwnerSharingRule,,,Travel Mode Owner Rule,Travel Mode Owner Rule,true,true,true,false,OwnerSharingRule,TravelMode,false,false,false,false,,false,false,false,true,,,false,false,false,false,false,,true,true,true,false,,false,,,,
tsaa__Session_Lobby_Invite__c,true,a3G,Session Lobby Invite,Session Lobby Invites,true,true,true,false,,,true,true,false,false,,false,false,false,true,,,false,false,true,false,true,,true,true,true,true,true,true,,,true,
tsaa__Session_Lobby_Invite__OwnerSharingRule,,,Owner Rule: Session Lobby Invite,Owner Rule: Session Lobby Invite,true,true,true,false,OwnerSharingRule,tsaa__Session_Lobby_Invite__c,false,false,false,false,,false,false,false,true,,,false,false,false,false,false,,true,true,true,false,,false,,,,
tspa__Digital_Engagement__c,true,a2r,VRA-Digital Engagement,VRA-Digital Engagement,true,true,true,false,,,false,true,true,false,,false,false,false,true,,,false,false,true,false,false,,true,true,true,true,,true,,,true,
tspa__Digital_Engagement__OwnerSharingRule,,,Owner Rule: VRA-Digital Engagement,Owner Rule: VRA-Digital Engagement,true,true,true,false,OwnerSharingRule,tspa__Digital_Engagement__c,false,false,false,false,,false,false,false,true,,,false,false,false,false,false,,true,true,true,false,,false,,,,
tspa__File_Transfer_Folder__c,true,a2s,VRA File Transfer Folder,VRA File Transfer Folder,true,true,true,false,,,false,true,true,false,,false,false,false,true,,,false,false,true,false,false,,true,true,true,true,,true,,,true,
tspa__File_Transfer_Folder__OwnerSharingRule,,,Owner Rule: VRA File Transfer Folder,Owner Rule: VRA File Transfer Folder,true,true,true,false,OwnerSharingRule,tspa__File_Transfer_Folder__c,false,false,false,false,,false,false,false,true,,,false,false,false,false,false,,true,true,true,false,,false,,,,
tspa__HistoryTechSeeConfig__c,true,a2t,Visual Remote Assistant - Visual History,Visual Remote Assistant - Visual History,true,true,true,false,,,false,true,true,false,,false,false,false,true,,,false,false,true,false,false,,true,true,true,true,,true,,,true,
tspa__HistoryTechSeeConfig__OwnerSharingRule,,,Owner Rule: Visual Remote Assistant - Visual History,Owner Rule: Visual Remote Assistant - Visual History,true,true,true,false,OwnerSharingRule,tspa__HistoryTechSeeConfig__c,false,false,false,false,,false,false,false,true,,,false,false,false,false,false,,true,true,true,false,,false,,,,
tspa__InviteTechSeeConfig__c,true,a2u,Visual Remote Assistant - Invite Form,Visual Remote Assistant - Invite Form,true,true,true,false,,,false,true,true,false,,false,false,false,true,,,false,false,true,false,false,,true,true,true,true,,true,,,true,
tspa__InviteTechSeeConfig__OwnerSharingRule,,,Owner Rule: Visual Remote Assistant - Invite Form,Owner Rule: Visual Remote Assistant - Invite Form,true,true,true,false,OwnerSharingRule,tspa__InviteTechSeeConfig__c,false,false,false,false,,false,false,false,true,,,false,false,false,false,false,,true,true,true,false,,false,,,,
tspa__MiniDashboard_API_Details__c,true,a2v,Visual Remote Assistant - API Details,Visual Remote Assistant - API Details,true,true,true,false,,,true,true,false,false,,false,false,false,true,,,false,false,true,false,true,,true,true,true,true,true,true,,,true,
tspa__MiniDashboard_API_Details__OwnerSharingRule,,,Owner Rule: Visual Remote Assistant - API Details,Owner Rule: Visual Remote Assistant - API Details,true,true,true,false,OwnerSharingRule,tspa__MiniDashboard_API_Details__c,false,false,false,false,,false,false,false,true,,,false,false,false,false,false,,true,true,true,false,,false,,,,
tspa__Multi_Cloud_Community_Settings__c,true,a2w,Multi Cloud Community Settings,Multi Cloud Community Settings,true,true,true,false,,,false,true,true,false,,false,false,false,true,,,false,false,true,false,false,,true,true,true,true,,true,,,true,
tspa__Multi_Cloud_Community_Settings__OwnerSharingRule,,,Owner Rule: Multi Cloud Community Settings,Owner Rule: Multi Cloud Community Settings,true,true,true,false,OwnerSharingRule,tspa__Multi_Cloud_Community_Settings__c,false,false,false,false,,false,false,false,true,,,false,false,false,false,false,,true,true,true,false,,false,,,,
tspa__NotificationsFromTechsee__c,true,a2x,Visual Remote Assistant - Sessions Event,Visual Remote Assistant - Sessions Event,true,true,true,false,,,true,true,false,false,,false,false,false,true,,,false,false,true,false,true,,true,true,true,true,true,true,,,true,
tspa__NotificationsFromTechsee__OwnerSharingRule,,,Owner Rule: Visual Remote Assistant - Sessions Event,Owner Rule: Visual Remote Assistant - Sessions Event,true,true,true,false,OwnerSharingRule,tspa__NotificationsFromTechsee__c,false,false,false,false,,false,false,false,true,,,false,false,false,false,false,,true,true,true,false,,false,,,,
tspa__ObjectFieldSettingsForInviteComponent__c,true,a2y,Visual Remote Assistant - Object support,Visual Remote Assistant - Object support,true,true,true,false,,,false,true,true,false,,false,false,false,true,,,false,false,true,false,false,,true,true,true,true,,true,,,true,
tspa__ObjectFieldSettingsForInviteComponent__OwnerSharingRule,,,Owner Rule: Visual Remote Assistant - Object support,Owner Rule: Visual Remote Assistant - Object support,true,true,true,false,OwnerSharingRule,tspa__ObjectFieldSettingsForInviteComponent__c,false,false,false,false,,false,false,false,true,,,false,false,false,false,false,,true,true,true,false,,false,,,,
tspa__Observer_Details__c,true,a2z,Visual Remote Assistant-Observer Details,Observer Details,true,true,true,false,,,true,true,false,false,,false,false,false,true,,,false,false,true,false,true,,true,true,true,true,true,true,,,true,
tspa__PlatformEventMonitoring__c,true,a7V,Platform Event Monitoring Configuration,Platform Event Monitoring Configuration,true,true,true,false,,,false,true,true,false,,false,false,false,true,,,false,false,true,false,false,,true,true,true,true,,true,,,true,
tspa__PlatformEventMonitoring__OwnerSharingRule,,,Owner Rule: Platform Event Monitoring Configuration,Owner Rule: Platform Event Monitoring Configuration,true,true,true,false,OwnerSharingRule,tspa__PlatformEventMonitoring__c,false,false,false,false,,false,false,false,true,,,false,false,false,false,false,,true,true,true,false,,false,,,,
tspa__Remote_Assistant_MultiLanguage__c,true,a31,Visual Remote Assistant -MultiLanguage,Visual Remote Assistant -MultiLanguage,true,true,true,false,,,false,true,true,false,,false,false,false,true,,,false,false,true,false,false,,true,true,true,true,,true,,,true,
tspa__Remote_Assistant_MultiLanguage__OwnerSharingRule,,,Owner Rule: Visual Remote Assistant -MultiLanguage,Owner Rule: Visual Remote Assistant -MultiLanguage,true,true,true,false,OwnerSharingRule,tspa__Remote_Assistant_MultiLanguage__c,false,false,false,false,,false,false,false,true,,,false,false,false,false,false,,true,true,true,false,,false,,,,
tspa__SessionLobbyConfig__c,true,a32,VRA - Session Lobby Config,VRA - Session Lobby Config,true,true,true,false,,,false,true,true,false,,false,false,false,true,,,false,false,true,false,false,,true,true,true,true,,true,,,true,
tspa__SessionLobbyConfig__OwnerSharingRule,,,Owner Rule: VRA - Session Lobby Config,Owner Rule: VRA - Session Lobby Config,true,true,true,false,OwnerSharingRule,tspa__SessionLobbyConfig__c,false,false,false,false,,false,false,false,true,,,false,false,false,false,false,,true,true,true,false,,false,,,,
tspa__SessionTypeMapping__c,true,a33,Visual Remote Assistant - Session Types,Visual Remote Assistant - Session Types,true,true,true,false,,,false,true,true,false,,false,false,false,true,,,false,false,true,false,false,,true,true,true,true,,true,,,true,
tspa__SessionTypeMapping__OwnerSharingRule,,,Owner Rule: Visual Remote Assistant - Session Types,Owner Rule: Visual Remote Assistant - Session Types,true,true,true,false,OwnerSharingRule,tspa__SessionTypeMapping__c,false,false,false,false,,false,false,false,true,,,false,false,false,false,false,,true,true,true,false,,false,,,,
tspa__SettingsBackup__c,true,a34,Visual Remote Assistant-Setting Backup,Visual Remote Assistant-Settings Backup,true,true,true,false,,,true,true,false,false,,false,false,false,true,,,false,false,true,false,false,,true,true,true,true,true,true,,,true,
tspa__SettingsBackup__OwnerSharingRule,,,Owner Rule: Visual Remote Assistant-Setting Backup,Owner Rule: Visual Remote Assistant-Setting Backup,true,true,true,false,OwnerSharingRule,tspa__SettingsBackup__c,false,false,false,false,,false,false,false,true,,,false,false,false,false,false,,true,true,true,false,,false,,,,
tspa__TechSee_Account_Creation__c,true,a36,Visual Remote Assistant - Account Detail,Visual Remote Assistant - Account Detail,true,true,true,false,,,true,true,false,false,,false,false,false,true,,,false,false,true,false,true,,true,true,true,true,true,true,,,true,
tspa__TechSee_Account_Creation__OwnerSharingRule,,,Owner Rule: Visual Remote Assistant - Account Detail,Owner Rule: Visual Remote Assistant - Account Detail,true,true,true,false,OwnerSharingRule,tspa__TechSee_Account_Creation__c,false,false,false,false,,false,false,false,true,,,false,false,false,false,false,,true,true,true,false,,false,,,,
tspa__TechSeeSessions__c,true,a35,Visual Remote Assistant-Session Invites,Visual Remote Assistant-Session Invites,true,true,true,false,,,true,true,false,false,,false,false,false,true,,,false,false,true,false,true,,true,true,true,true,true,true,,,true,
tspa__TechSeeSessions__OwnerSharingRule,,,Owner Rule: Visual Remote Assistant-Session Invites,Owner Rule: Visual Remote Assistant-Session Invites,true,true,true,false,OwnerSharingRule,tspa__TechSeeSessions__c,false,false,false,false,,false,false,false,true,,,false,false,false,false,false,,true,true,true,false,,false,,,,
tspa__Template_Setting_MetaData_for_Live_Agent__mdt,true,m0H,Template Setting MetaData for Live Agent,Template Setting MetaData for Live Agent,false,false,false,false,,,false,true,false,false,,false,false,false,true,,,false,false,true,false,true,,true,false,true,false,,false,,,,
tspa__Visual_History__c,true,a3A,Visual Remote Assistant Reports,Visual Remote Assistant Reports,true,true,true,false,,,true,true,false,false,,false,false,false,true,,,false,false,true,false,true,,true,true,true,true,true,true,,,true,
tspa__Visual_History__OwnerSharingRule,,,Owner Rule: Visual Remote Assistant Reports,Owner Rule: Visual Remote Assistant Reports,true,true,true,false,OwnerSharingRule,tspa__Visual_History__c,false,false,false,false,,false,false,false,true,,,false,false,false,false,false,,true,true,true,false,,false,,,,
tspa__Visual_Image__c,true,a3B,Visual Remote Assistant Reports Images,Visual Remote Assistant Reports Images,true,true,true,false,,,true,true,false,false,,false,false,false,true,,,false,false,true,false,true,,true,true,true,true,true,true,,,true,
tspa__visual_journey_session_type__c,true,a3F,Visual Remote Assistant - Visual Journey,Visual Remote Assistant - Visual Journey,true,true,true,false,,,false,true,true,false,,false,false,false,true,,,false,false,true,false,false,,true,true,true,true,,true,,,true,
tspa__visual_journey_session_type__OwnerSharingRule,,,Owner Rule: Visual Remote Assistant - Visual Journey,Owner Rule: Visual Remote Assistant - Visual Journey,true,true,true,false,OwnerSharingRule,tspa__visual_journey_session_type__c,false,false,false,false,,false,false,false,true,,,false,false,false,false,false,,true,true,true,false,,false,,,,
tspa__Visual_Remote_Assistant_Recording__c,true,a3C,Visual Remote Assistant Recording,Visual Remote Assistant Recordings,true,true,true,false,,,true,true,false,false,,false,false,false,true,,,false,false,true,false,true,,true,true,true,true,true,true,,,true,
tspa__Visual_Remote_Assistant_Recording__OwnerSharingRule,,,Owner Rule: Visual Remote Assistant Recording,Owner Rule: Visual Remote Assistant Recording,true,true,true,false,OwnerSharingRule,tspa__Visual_Remote_Assistant_Recording__c,false,false,false,false,,false,false,false,true,,,false,false,false,false,false,,true,true,true,false,,false,,,,
tspa__Visual_Remote_Assistant_Statistics__c,true,a7s,Visual Remote Assistant Statistics,Visual Remote Assistant Statistics,true,true,true,false,,,true,true,false,false,,false,false,false,true,,,false,false,true,false,true,,true,true,true,true,true,true,,,true,
tspa__Visual_Remote_Assistant_Statistics__OwnerSharingRule,,,Owner Rule: Visual Remote Assistant Statistics,Owner Rule: Visual Remote Assistant Statistics,true,true,true,false,OwnerSharingRule,tspa__Visual_Remote_Assistant_Statistics__c,false,false,false,false,,false,false,false,true,,,false,false,false,false,false,,true,true,true,false,,false,,,,
tspa__Visual_Remote_Assistant_VJ_Invites__c,true,a3D,Visual Remote Assistant-VJ Invite,Visual Remote Assistant-VJ Invites,true,true,true,false,,,true,true,false,false,,false,false,false,true,,,false,false,true,false,true,,true,true,true,true,true,true,,,true,
tspa__Visual_Remote_Assistant_VJ_Invites__OwnerSharingRule,,,Owner Rule: Visual Remote Assistant-VJ Invite,Owner Rule: Visual Remote Assistant-VJ Invite,true,true,true,false,OwnerSharingRule,tspa__Visual_Remote_Assistant_VJ_Invites__c,false,false,false,false,,false,false,false,true,,,false,false,false,false,false,,true,true,true,false,,false,,,,
tspa__Visual_Support_Request__c,true,a3E,Visual Remote Assistant-Support Request,Visual Remote Assistant-Support Requests,true,true,true,false,,,true,true,false,false,,false,false,false,true,,,false,false,true,false,true,,true,true,true,true,true,true,,,true,
tspa__Visual_Support_Request__OwnerSharingRule,,,Owner Rule: Visual Remote Assistant-Support Request,Owner Rule: Visual Remote Assistant-Support Request,true,true,true,false,OwnerSharingRule,tspa__Visual_Support_Request__c,false,false,false,false,,false,false,false,true,,,false,false,false,false,false,,true,true,true,false,,false,,,,
tspa__VisualJourneyUsers__c,true,a39,Visual Journey Users,Visual Journey Users,true,true,true,false,,,false,true,true,false,,false,false,false,true,,,false,false,true,false,false,,true,true,true,true,,true,,,true,
tspa__VisualJourneyUsers__OwnerSharingRule,,,Owner Rule: Visual Journey Users,Owner Rule: Visual Journey Users,true,true,true,false,OwnerSharingRule,tspa__VisualJourneyUsers__c,false,false,false,false,,false,false,false,true,,,false,false,false,false,false,,true,true,true,false,,false,,,,
tspa__VRA_History__e,true,,,,,,,,,,,,,,,,,,,,,,,,,,,,,,,,,,,,
tspa__VRA_logs__c,true,a38,VRA logs,VRA logs,true,true,true,false,,,true,true,false,false,,false,false,false,true,,,false,false,true,false,true,,true,true,true,true,true,true,,,true,
tspa__VRA_logs__OwnerSharingRule,,,Owner Rule: VRA logs,Owner Rule: VRA logs,true,true,true,false,OwnerSharingRule,tspa__VRA_logs__c,false,false,false,false,,false,false,false,true,,,false,false,false,false,false,,true,true,true,false,,false,,,,
tspa__VRA_Notification__e,true,,,,,,,,,,,,,,,,,,,,,,,,,,,,,,,,,,,,
tspa__VRA_Observer__e,true,,,,,,,,,,,,,,,,,,,,,,,,,,,,,,,,,,,,
tspa__VRA_Report_Knowledge__c,true,a37,VRA - Report Knowledge,VRA - Report Knowledge,true,true,true,false,,,true,true,false,false,,false,false,false,true,,,false,false,true,false,false,,true,true,true,false,true,true,,,,
tspa__VRA_Report_Knowledge__OwnerSharingRule,,,Owner Rule: VRA - Report Knowledge,Owner Rule: VRA - Report Knowledge,true,true,true,false,OwnerSharingRule,tspa__VRA_Report_Knowledge__c,false,false,false,false,,false,false,false,true,,,false,false,false,false,false,,true,true,true,false,,false,,,,
tspa__VRA_Sanity_Check__e,true,,,,,,,,,,,,,,,,,,,,,,,,,,,,,,,,,,,,
tspa__VRA_Session_Notification__e,true,,,,,,,,,,,,,,,,,,,,,,,,,,,,,,,,,,,,
tspa__VRAPermissionCheck__mdt,true,m0I,VRAPermissionCheck,VRAPermissionChecks,false,false,false,false,,,false,true,false,false,,false,false,false,true,,,false,false,true,false,true,,true,false,true,false,,false,,,,
UiFormulaCriterion,,0Gp,Ui Formula Criterion,Ui Formula Criteria,false,false,false,false,,,false,false,false,false,,false,false,false,true,,,false,false,false,false,false,,true,false,true,false,,false,,,,
UiFormulaRule,,09t,Ui Formula Rule,Ui Formula Rules,false,false,false,false,,,false,false,false,false,,false,false,false,true,,,false,false,false,false,false,,true,false,true,false,,false,,,,
UndecidedEventRelation,,,Undecided Event Relation,Undecided Event Relations,false,false,false,false,,,false,false,false,false,,false,false,false,true,,,false,false,false,false,false,,true,false,true,false,,false,,,,
UnifiedActivity,,1a3,Unified Activity,Unified Activities,false,false,false,false,,,false,false,false,false,,false,false,false,true,,,false,false,false,false,false,,true,false,true,false,,false,,,,
UnitOfMeasure,true,0hE,Unit of Measure,Units of Measure,true,true,true,false,,,true,false,false,false,,false,false,false,true,,,false,false,true,false,true,,true,true,true,true,true,true,,,true,
UnitOfMeasureClass,true,1BQ,Unit of Measure Class,Unit of Measure Classes,true,true,true,false,,,true,false,false,false,,false,false,false,true,,,false,false,true,false,true,,true,true,true,true,true,true,,,true,
UnitOfMeasureConversion,true,0mG,Unit of Measure Conversion,Unit of Measure Conversions,true,true,true,false,,,true,false,false,true,,false,false,false,true,,,false,false,true,false,true,,true,true,true,true,true,true,,,true,
UnitOfMeasureConversionOwnerSharingRule,,,Unit of Measure Conversion Owner Rule,Unit of Measure Conversion Owner Rule,true,true,true,false,OwnerSharingRule,UnitOfMeasureConversion,false,false,false,false,,false,false,false,true,,,false,false,false,false,false,,true,true,true,false,,false,,,,
UnitOfMeasureOwnerSharingRule,,,Unit of Measure Owner Rule,Unit of Measure Owner Rule,true,true,true,false,OwnerSharingRule,UnitOfMeasure,false,false,false,false,,false,false,false,true,,,false,false,false,false,false,,true,true,true,false,,false,,,,
UriEvent,,0Uw,URI Event,URI Events,false,false,false,false,,,false,false,false,false,,false,false,false,false,,,false,false,false,false,false,,true,false,false,false,,false,,,,
UriEventStream,,0Ux,URI Event Stream ,URI Event Streams,false,false,false,false,,,false,false,false,false,,false,false,false,false,,,false,false,false,false,false,,false,false,false,false,,false,,,,
User,true,005,User,Users,true,true,false,false,,,true,false,false,false,,false,true,false,true,,,false,false,true,false,true,,true,true,true,true,true,false,,,true,
UserAccountTeamMember,,01D,User Account Team Member,User Account Team Member,true,true,true,false,,,false,false,false,false,,false,false,false,true,,,false,false,false,false,false,,true,true,true,false,,false,,,,
UserAppInfo,,0Ds,Last Used App,Last Used App,true,true,true,false,,,false,false,false,false,,false,false,false,true,,,false,false,false,false,false,,true,true,true,false,,true,,,,
UserAppMenuCustomization,,0Nw,UserAppMenuCustomization,UserAppMenuCustomizations,true,true,true,false,,,false,false,false,false,,false,false,false,true,,,false,false,false,false,false,,true,true,true,false,,true,,,,
UserAppMenuCustomizationOwnerSharingRule,,,UserAppMenuCustomization Owner Rule,UserAppMenuCustomization Owner Rule,true,true,true,false,OwnerSharingRule,UserAppMenuCustomization,false,false,false,false,,false,false,false,true,,,false,false,false,false,false,,true,true,true,false,,false,,,,
UserAppMenuItem,,07p,Application,Applications,false,false,false,false,,,true,false,false,false,,false,false,false,true,,,false,false,true,false,true,,true,false,false,true,,false,,,,
UserCapabilityPreference,true,,,,,,,,,,,,,,,,,,,,,,,,,,,,,,,,,,,,
UserConfigTransferButton,,0KB,UserConfigTransferButton,UserConfigTransferButtons,true,true,true,false,,,false,false,false,false,,false,false,false,true,,,false,false,false,false,false,,true,false,true,false,,false,,,,
UserConfigTransferSkill,,0KA,UserConfigTransferSkill,UserConfigTransferSkills,true,true,true,false,,,false,false,false,false,,false,false,false,true,,,false,false,false,false,false,,true,false,true,false,,false,,,,
UserCustomBadge,,0MQ,Custom User Badge,Custom User Badges,true,true,true,false,,,false,false,false,false,,false,false,false,true,,,false,false,false,false,false,,true,false,true,false,,false,,,,
UserCustomBadgeLocalization,,,Translation,Translation,true,true,true,false,Localization,UserCustomBadge,false,false,false,false,,false,false,false,true,,,false,false,false,false,false,,true,true,true,false,,false,,,,
UserDailyMetric,,0mP,User Daily Metric,User Daily Metrics,false,false,false,false,,,false,false,false,false,,false,false,false,true,,,false,false,false,false,false,,true,true,true,false,,false,,,,
UserDailyMetricOwnerSharingRule,,,User Daily Metric Owner Rule,User Daily Metric Owner Rule,true,true,true,false,OwnerSharingRule,UserDailyMetric,false,false,false,false,,false,false,false,true,,,false,false,false,false,false,,true,true,true,false,,false,,,,
UserDefinedLabel,,0vm,Label,Labels,true,true,true,false,,,true,false,false,false,,false,false,false,true,,,false,false,true,false,true,,true,true,true,true,,true,,,,
UserDefinedLabelAssignment,,0vn,Label Assignment,Label Assignments,true,true,true,false,,,false,false,false,false,,false,false,false,true,,,false,false,false,false,false,,true,true,true,false,,true,,,,
UserDefinedLabelAssignmentOwnerSharingRule,,,Label Assignment Owner Rule,Label Assignment Owner Rule,true,true,true,false,OwnerSharingRule,UserDefinedLabelAssignment,false,false,false,false,,false,false,false,true,,,false,false,false,false,false,,true,true,true,false,,false,,,,
UserDefinedLabelOwnerSharingRule,,,Label Owner Rule,Label Owner Rule,true,true,true,false,OwnerSharingRule,UserDefinedLabel,false,false,false,false,,false,false,false,true,,,false,false,false,false,false,,true,true,true,false,,false,,,,
UserEmailCalendarSync,,0fm,User Email Calendar Sync,User Email Calendar Sync,true,true,false,false,,,false,false,false,false,,false,false,false,false,,,false,false,false,false,false,,true,false,false,false,,false,,,,
UserEmailPreferredPerson,,0UV,User Email Preferred Person,User Email Preferred People,true,true,true,false,,,false,false,false,false,,false,false,false,true,,,false,false,false,false,false,,true,true,true,true,,false,,,,
UserEmailPreferredPersonOwnerSharingRule,,,User Email Preferred Person Owner Rule,User Email Preferred Person Owner Rule,true,true,true,false,OwnerSharingRule,UserEmailPreferredPerson,false,false,false,false,,false,false,false,true,,,false,false,false,false,false,,true,true,true,false,,false,,,,
UserEngagement__dlm,,qCG,User Engagement,User Engagement,false,false,false,false,,,false,false,false,false,,false,false,false,true,,,false,false,false,false,false,,true,false,false,false,,false,,,,
UserEntityAccess,,07u,User Entity Access,User Entity Access,false,false,false,false,,,false,false,false,false,,false,false,false,false,,,false,false,false,false,false,,true,false,false,false,,false,,,,
UserEsignVendorIdentifier,true,0qv,User Esignature Vendor Identifier,User Esignature Vendor Identifiers,true,true,true,false,,,true,false,false,false,,false,false,false,true,,,false,false,true,false,true,,true,true,true,true,true,true,,,true,
UserEsignVendorIdentifierOwnerSharingRule,,,User Esignature Vendor Identifier Owner Rule,User Esignature Vendor Identifier Owner Rule,true,true,true,false,OwnerSharingRule,UserEsignVendorIdentifier,false,false,false,false,,false,false,false,true,,,false,false,false,false,false,,true,true,true,false,,false,,,,
UserExternalCredential,true,,,,,,,,,,,,,,,,,,,,,,,,,,,,,,,,,,,,
UserFieldAccess,,4fp,User Field Access,User Field Access,false,false,false,false,,,false,false,false,false,,false,false,false,false,,,false,false,false,false,false,,true,false,false,false,,false,,,,
UserLicense,,100,User License,User Licenses,false,false,false,false,,,false,false,false,false,,false,false,false,true,,,false,false,false,false,false,,true,false,true,false,,false,,,,
UserListView,,0Na,User List View,User List View,true,true,true,false,,,false,false,false,false,,false,false,false,true,,,false,false,false,false,false,,true,false,true,false,,false,,,,
UserListViewCriterion,,0JU,User List View Criteria,User List View Criteria,true,true,true,false,,,false,false,false,false,,false,false,false,true,,,false,false,false,false,false,,true,false,true,false,,false,,,,
UserLocalWebServerIdentity,true,1I9,User Local Web Server Identity,User Local Web Server Identities,true,true,true,false,,,false,false,false,false,,false,false,false,true,,,false,false,false,false,false,,true,true,true,false,,true,,,,
UserLocalWebServerIdentityOwnerSharingRule,,,User Local Web Server Identity Owner Rule,User Local Web Server Identity Owner Rule,true,true,true,false,OwnerSharingRule,UserLocalWebServerIdentity,false,false,false,false,,false,false,false,true,,,false,false,false,false,false,,true,true,true,false,,false,,,,
UserLocationAssignment,true,0s1,User Location Assignment,User Location Assignments,true,true,true,false,,,true,false,false,false,,false,false,false,true,,,false,false,true,false,true,,true,true,true,true,true,true,,,true,
UserLogin,,0Yw,User Login,User Login,false,true,false,false,,,false,false,false,false,,false,false,false,true,,,false,false,false,false,false,,true,false,true,false,,false,,,,
UserMembershipSharingRule,,0N0,User Membership Sharing Rule,User Membership Sharing Rule,true,true,true,false,,,false,false,false,false,,false,false,false,true,,,false,false,false,false,false,,true,true,true,false,,false,,,,
UserMonthlyMetric,,0mM,User Monthly Metric,User Monthly Metrics,false,false,false,false,,,false,false,false,false,,false,false,false,true,,,false,false,false,false,false,,true,true,true,false,,false,,,,
UserMonthlyMetricOwnerSharingRule,,,User Monthly Metric Owner Rule,User Monthly Metric Owner Rule,true,true,true,false,OwnerSharingRule,UserMonthlyMetric,false,false,false,false,,false,false,false,true,,,false,false,false,false,false,,true,true,true,false,,false,,,,
UserPackageLicense,,051,User Package License,User Package License,true,true,true,false,,,false,false,false,false,,false,false,false,true,,,false,false,false,false,false,,true,false,true,false,,false,,,,
UserPermissionAccess,,0up,User Permission Access,User Permission Access,false,false,false,false,,,false,false,false,false,,false,false,false,true,,,false,false,false,false,false,,true,false,false,false,,false,,,,
UserPreference,,03u,User Preference,User Preferences,true,true,true,false,,,false,false,false,false,,false,false,false,true,,,false,false,false,false,false,,true,false,true,false,,false,,,,
UserPrioritizedRecord,true,2g0,User Prioritized Record,User Prioritized Records,true,true,true,false,,,false,false,false,false,,false,false,false,true,,,false,false,false,false,false,,true,true,true,false,true,false,,,,
UserPrioritizedRecordOwnerSharingRule,,,User Prioritized Record Owner Rule,User Prioritized Record Owner Rule,true,true,true,false,OwnerSharingRule,UserPrioritizedRecord,false,false,false,false,,false,false,false,true,,,false,false,false,false,false,,true,true,true,false,,false,,,,
UserProvAccount,,0Ni,User Provisioning Account,User Provisioning Accounts,true,true,true,false,,,false,false,false,false,,false,false,false,true,,,false,false,false,false,false,,true,true,true,false,true,true,,,,
UserProvAccountStaging,,0HY,User Provisioning Account Staging,User Provisioning Account Stagings,true,true,true,false,,,false,false,false,false,,false,false,false,true,,,false,false,false,false,false,,true,true,true,false,true,true,,,,
UserProvisioningConfig,,0Je,User Provisioning Config,User Provisioning Configs,true,true,true,false,,,false,false,false,false,,false,false,false,true,,,false,false,false,false,false,,true,false,true,false,,false,,,,
UserProvisioningLog,,0Hs,User Provisioning Log,User Provisioning Logs,true,true,true,false,,,false,false,false,false,,false,false,false,true,,,false,false,false,false,false,,true,true,true,false,true,true,,,,
UserProvisioningRequest,true,0HP,User Provisioning Request,User Provisioning Requests,true,true,true,false,,,true,false,false,false,,false,false,false,true,,,false,false,true,false,false,,true,true,true,false,true,true,,,,
UserProvisioningRequestOwnerSharingRule,,,User Provisioning Request Owner Rule,User Provisioning Request Owner Rule,true,true,true,false,OwnerSharingRule,UserProvisioningRequest,false,false,false,false,,false,false,false,true,,,false,false,false,false,false,,true,true,true,false,,false,,,,
UserProvMockTarget,,0HX,User Provisioning Mock Target,User Provisioning Mock Targets,true,true,true,false,,,false,false,false,false,,false,false,false,true,,,false,false,false,false,false,,true,true,true,false,true,true,,,,
UserRecordAccess,,,User Record Access,User Record Access,false,false,false,false,,,false,false,false,false,,false,false,false,true,,,false,false,false,false,false,,true,false,false,false,,false,,,,
UserRole,,00E,Role,Role,true,true,true,false,,,true,false,false,false,,false,false,false,true,,,false,false,true,false,true,,true,true,true,true,,false,,,,
UserServicePresence,true,0R1,User Presence,User Presences,false,true,true,false,,,false,false,false,false,,false,false,false,true,,,false,false,false,false,false,,true,true,true,false,true,true,,,,
UserServicePresence__c,true,a85,UserServicePresence__c,UserServicePresence__c,true,true,true,false,,,true,true,false,false,,false,false,false,true,,,false,false,true,false,false,,true,true,true,false,true,true,,,,
UserServicePresence__OwnerSharingRule,,,Owner Rule: UserServicePresence__c,Owner Rule: UserServicePresence__c,true,true,true,false,OwnerSharingRule,UserServicePresence__c,false,false,false,false,,false,false,false,true,,,false,false,false,false,false,,true,true,true,false,,false,,,,
UserServicePresenceOwnerSharingRule,,,User Presence Owner Rule,User Presence Owner Rule,true,true,true,false,OwnerSharingRule,UserServicePresence,false,false,false,false,,false,false,false,true,,,false,false,false,false,false,,true,true,true,false,,false,,,,
UserSetupEntityAccess,,0g2,User Setup Entity Access,User Permission Access,false,false,false,false,,,false,false,false,false,,false,false,false,false,,,false,false,false,false,false,,true,false,false,false,,false,,,,
UserSharedFeature,,2US,User Shared Feature,User Shared Features,false,false,false,false,,,false,false,false,false,,false,false,false,true,,,false,false,false,false,false,,true,false,false,false,,false,,,,
UserTeamMember,,00p,User Team Member,User Team Member,true,true,true,false,,,false,false,false,false,,false,false,false,true,,,false,false,false,false,false,,true,true,true,false,,false,,,,
UserTerritory2Association,true,0R0,User Territory Association,User Territory Associations,true,true,true,false,,,false,false,false,false,,false,false,false,true,,,false,false,false,false,false,,true,false,true,false,true,false,,,,
UserWorkList,,0WS,UserWorkList,UserWorkLists,true,true,true,false,,,false,false,false,false,,false,false,false,true,,,false,false,false,false,false,,true,true,true,false,,true,,,,
UserWorkListItem,,0WT,UserWorkListItem,UserWorkListItems,true,true,true,false,,,false,false,false,false,,false,false,false,true,,,false,false,false,false,false,,true,true,true,false,,true,,,,
UserWorkListOwnerSharingRule,,,UserWorkList Owner Rule,UserWorkList Owner Rule,true,true,true,false,OwnerSharingRule,UserWorkList,false,false,false,false,,false,false,false,true,,,false,false,false,false,false,,true,true,true,false,,false,,,,
vbtapp__TrialforceSetupScript__mdt,true,m00,Trialforce Setup Script,Trialforce Setup Scripts,false,false,false,false,,,false,true,false,false,,false,false,false,true,,,false,false,true,false,true,,true,false,true,false,,false,,,,
Vehicle,true,0vL,Vehicle,Vehicles,false,false,false,false,,,true,false,false,false,,false,false,false,true,,,false,false,true,false,true,,true,true,true,true,true,false,,,true,
VehicleAssetCrbnFtprnt,true,6yg,Vehicle Asset Carbon Footprint,Vehicle Asset Carbon Footprints,false,false,false,false,,,true,false,false,false,,false,false,false,true,,,false,false,true,false,true,,true,true,true,true,true,false,,,true,
VehicleAssetCrbnFtprntOwnerSharingRule,,,Vehicle Asset Carbon Footprint Owner Rule,Vehicle Asset Carbon Footprint Owner Rule,true,true,true,false,OwnerSharingRule,VehicleAssetCrbnFtprnt,false,false,false,false,,false,false,false,true,,,false,false,false,false,false,,true,true,true,false,,false,,,,
VehicleAssetEmssnSrc,true,3iv,Vehicle Asset Emissions Source,Vehicle Asset Emissions Sources,false,false,false,false,,,true,false,false,false,,false,false,false,true,,,false,false,true,false,true,,true,true,true,true,true,false,,,true,
VehicleAssetEmssnSrcCnfg,,0vS,Vehicle Asset Emission Source Record Type Config,Vehicle Asset Emission Source Record Type Configs,true,true,true,false,,,false,false,false,false,,false,false,false,true,,,false,false,false,false,true,,true,false,true,false,,false,,,,
VehicleAssetEmssnSrcOwnerSharingRule,,,Vehicle Asset Emissions Source Owner Rule,Vehicle Asset Emissions Source Owner Rule,true,true,true,false,OwnerSharingRule,VehicleAssetEmssnSrc,false,false,false,false,,false,false,false,true,,,false,false,false,false,false,,true,true,true,false,,false,,,,
VehicleAssetEnrgyUse,true,6Wo,Vehicle Asset Energy Use,Vehicle Asset Energy Use,false,false,false,false,,,true,false,false,false,,false,false,false,true,,,false,false,true,false,true,,true,true,true,true,true,false,,,true,
VehicleAssetEnrgyUseOwnerSharingRule,,,Vehicle Asset Energy Use Owner Rule,Vehicle Asset Energy Use Owner Rule,true,true,true,false,OwnerSharingRule,VehicleAssetEnrgyUse,false,false,false,false,,false,false,false,true,,,false,false,false,false,false,,true,true,true,false,,false,,,,
VehicleDefinition,true,1Pq,Vehicle Definition,Vehicle Definitions,false,false,false,false,,,true,false,false,false,,false,false,false,true,,,false,false,true,false,true,,true,true,true,true,true,false,,,true,
VendorCallCenterStatusMap,,6oM,Vendor Call Center Status Mapping,Vendor Call Center Status Mappings,true,true,true,false,,,false,false,false,false,,false,false,false,true,,,false,false,false,false,false,,true,false,true,false,,false,,,,
VideoCall,true,6qr,Video Call,Video Calls,true,true,true,false,,,true,false,false,false,,false,true,false,true,,,false,false,true,false,true,,true,true,true,true,true,false,,,true,
VideoCallOwnerSharingRule,,,Video Call Owner Rule,Video Call Owner Rule,true,true,true,false,OwnerSharingRule,VideoCall,false,false,false,false,,false,false,false,true,,,false,false,false,false,false,,true,true,true,false,,false,,,,
VideoCallParticipant,true,1af,Video Call Participant,Video Call Participants,true,true,true,false,,,true,false,false,false,,false,false,false,true,,,false,false,true,false,true,,true,true,true,true,true,true,,,true,
VideoCallRecording,true,3Qh,Video Call Recording,Video Call Recordings,true,true,true,false,,,false,false,false,false,,false,false,false,true,,,false,false,false,false,true,,true,true,true,true,true,true,,,,
VideoVendorAdminConsent,,8c4,Video Vendor Admin Consent,Video Vendor Admin Consents,true,true,true,false,,,false,false,false,false,,false,false,false,true,,,false,false,false,false,false,,true,false,true,false,,false,,,,
Visit,true,0Z5,Visit,Visits,true,true,true,false,,,true,false,false,false,,false,false,false,true,,,false,false,true,false,true,,true,true,true,true,true,true,,,true,
VisitedParty,true,0eV,Visited Party,Visited Parties,true,true,true,false,,,true,false,false,false,,false,false,false,true,,,false,false,true,false,true,,true,true,true,true,true,true,,,true,
Visitor,true,0eW,Visitor,Visitors,true,true,true,false,,,true,false,false,false,,false,false,false,true,,,false,false,true,false,true,,true,true,true,true,true,true,,,true,
VisitOwnerSharingRule,,,Visit Owner Rule,Visit Owner Rule,true,true,true,false,OwnerSharingRule,Visit,false,false,false,false,,false,false,false,true,,,false,false,false,false,false,,true,true,true,false,,false,,,,
VisualforceAccessMetrics,,0OP,Visualforce Access Metric,Visualforce Access Metrics,false,false,false,false,,,false,false,false,false,,false,false,false,true,,,false,false,false,false,false,,true,false,true,false,,false,,,,
VoiceCall,true,0LQ,Voice Call,Voice Calls,false,true,true,false,,,true,false,false,false,,false,true,false,true,,EngagementInterface,false,false,true,false,true,,true,true,true,true,true,false,,,true,
VoiceCallMetrics,,0il,Voice Call Metric,Voice Calls Metrics,false,false,false,false,,,false,false,false,false,,false,false,false,true,,,false,false,false,false,false,,true,false,true,false,,false,,,,
VoiceCallOwnerSharingRule,,02e,Voice Call Owner Rule,Voice Call Owner Rule,true,true,true,false,OwnerSharingRule,VoiceCall,false,false,false,false,,false,false,false,true,,,false,false,false,false,false,,true,true,true,false,,false,,,,
VoiceCallRecording,,0Ox,Voice Call Recording,Voice Call Recordings,false,true,true,false,,,false,false,false,false,,false,false,false,true,,,false,false,false,false,false,,true,true,true,false,,false,,,,
VoiceChnlInteractionEvent,,0gD,Voice Channel Interaction Event,Voice Channel Interaction Events,false,false,true,false,,,false,false,false,false,,false,false,false,true,,,false,false,false,false,false,,true,true,true,false,,true,,,,
VoiceChnlInteractionEventOwnerSharingRule,,,Voice Channel Interaction Event Owner Rule,Voice Channel Interaction Event Owner Rule,true,true,true,false,OwnerSharingRule,VoiceChnlInteractionEvent,false,false,false,false,,false,false,false,true,,,false,false,false,false,false,,true,true,true,false,,false,,,,
VoiceChnlIntrctnDtlEvent,,0gK,Voice Channel Interaction Detail Event,Voice Channel Interaction Detail Events,false,false,false,false,,,false,false,false,false,,false,false,false,true,,,false,false,false,false,false,,true,true,true,false,,false,,,,
VoiceOrgSetting,,0ac,Voice Org Setting,Voice Org Settings,true,true,true,false,,,false,false,false,false,,false,false,false,true,,,false,false,false,false,false,,true,false,true,false,,false,,,,
VoiceVendorInfo,,0L1,Voice Vendor Info,Voice Vendor Infos,false,false,false,false,,,false,false,false,false,,false,false,false,true,,,false,false,false,false,false,,true,false,true,false,,false,,,,
VoiceVendorLine,,0LF,Voice Vendor Line,Voice Vendor Lines,false,false,false,false,,,false,false,false,false,,false,false,false,true,,,false,false,false,false,false,,true,true,true,false,,false,,,,
VoiceVendorLineOwnerSharingRule,,,Voice Vendor Line Owner Rule,Voice Vendor Line Owner Rule,true,true,true,false,OwnerSharingRule,VoiceVendorLine,false,false,false,false,,false,false,false,true,,,false,false,false,false,false,,true,true,true,false,,false,,,,
Vote,,083,Vote,Votes,true,true,true,false,,,false,false,false,false,,false,false,false,true,,,false,false,false,false,false,,true,true,true,false,,false,,,,
Voucher,true,0kD,Voucher,Vouchers,true,true,true,false,,,true,false,false,false,,false,false,false,true,,,false,false,true,false,true,,true,true,true,true,true,true,,,true,
VoucherDefinition,true,2Xa,Voucher Definition,Voucher Definitions,true,true,true,false,,,true,false,false,false,,false,false,false,true,,,false,false,true,false,true,,true,true,true,true,true,true,,,true,
VoucherDefinitionOwnerSharingRule,,,Voucher Definition Owner Rule,Voucher Definition Owner Rule,true,true,true,false,OwnerSharingRule,VoucherDefinition,false,false,false,false,,false,false,false,true,,,false,false,false,false,false,,true,true,true,false,,false,,,,
VoucherOwnerSharingRule,,,Voucher Owner Rule,Voucher Owner Rule,true,true,true,false,OwnerSharingRule,Voucher,false,false,false,false,,false,false,false,true,,,false,false,false,false,false,,true,true,true,false,,false,,,,
VRA_SDO__c,true,a7I,Visual Remote Assistant - SDO,Visual Remote Assistant - SDO,true,true,true,false,,,false,true,true,false,,false,false,false,true,,,false,false,true,false,false,,true,true,true,true,,true,,,true,
VRA_SDO__OwnerSharingRule,,,Owner Rule: Visual Remote Assistant - SDO,Owner Rule: Visual Remote Assistant - SDO,true,true,true,false,OwnerSharingRule,VRA_SDO__c,false,false,false,false,,false,false,false,true,,,false,false,false,false,false,,true,true,true,false,,false,,,,
Waitlist,true,11w,Waitlist,Waitlists,true,true,true,false,,,true,false,false,false,,false,false,false,true,,,false,false,true,false,true,,true,true,true,true,true,true,,,true,true
WaitlistOwnerSharingRule,,,Waitlist Owner Rule,Waitlist Owner Rule,true,true,true,false,OwnerSharingRule,Waitlist,false,false,false,false,,false,false,false,true,,,false,false,false,false,false,,true,true,true,false,,false,,,,
WaitlistParticipant,true,12o,Waitlist Participant,Waitlist Participants,true,true,true,false,,,true,false,false,false,,false,false,false,true,,,false,false,true,false,true,,true,true,true,true,true,true,,,true,true
WaitlistServiceResource,true,11y,Waitlist Service Resource,Waitlist Service Resources,true,true,true,false,,,true,false,false,false,,false,false,false,true,,,false,false,true,false,true,,true,true,true,true,true,true,,,true,
WaitlistWorkType,true,12e,Waitlist Work Type,Waitlist Work Types,true,true,true,false,,,true,false,false,false,,false,false,false,true,,,false,false,true,false,true,,true,true,true,true,true,true,,,true,
WarrantyTerm,true,4V3,Warranty Term,Warranty Terms,true,true,true,false,,,true,false,false,false,,false,false,false,true,,,false,false,true,false,true,,true,true,true,true,true,true,,,true,
WarrantyTermOwnerSharingRule,,,Warranty Term Owner Rule,Warranty Term Owner Rule,true,true,true,false,OwnerSharingRule,WarrantyTerm,false,false,false,false,,false,false,false,true,,,false,false,false,false,false,,true,true,true,false,,false,,,,
WasteFootprint,true,77O,Waste Footprint,Waste Footprints,false,false,false,false,,,true,false,false,false,,false,false,false,true,,,false,false,true,false,true,,true,true,true,true,true,false,,,true,
WasteFootprintItem,true,675,Waste Footprint Item,Waste Footprint Items,false,false,false,false,,,true,false,false,false,,false,false,false,true,,,false,false,true,false,true,,true,true,true,true,true,false,,,true,
WasteFootprintOwnerSharingRule,,,Waste Footprint Owner Rule,Waste Footprint Owner Rule,true,true,true,false,OwnerSharingRule,WasteFootprint,false,false,false,false,,false,false,false,true,,,false,false,false,false,false,,true,true,true,false,,false,,,,
WaveAssetEvent,,0TN,Wave Asset Event,Wave Asset Event,false,false,false,false,,,false,false,false,false,,false,false,false,false,,,false,false,false,false,false,,false,false,false,false,true,false,,,,
WaveAssetVersion,,0Rm,Wave Asset Version,Wave Asset Versions,true,true,true,false,,,false,false,false,false,,false,false,false,true,,,false,false,false,false,false,,true,false,true,false,,false,,,,
WaveAutoInstallRequest,,0UZ,Wave Auto Install Request,Wave Auto Install Requests,true,true,true,false,,,false,false,false,false,,false,false,false,true,,,false,false,false,false,false,,true,true,true,false,,true,,,,
WaveBaseDataset,,0Iu,Wave Base Dataset,Wave Base Dataset,true,true,true,false,,,false,false,false,false,,false,false,false,true,,,false,false,false,false,false,,true,false,true,false,,false,,,,
WaveBaseField,,0Iv,Wave Base Field,Wave Base Field,true,true,true,false,,,false,false,false,false,,false,false,false,true,,,false,false,false,false,false,,true,false,true,false,,false,,,,
WaveCompatibilityCheckItem,,0OZ,Wave Compatibility Check Item,Wave Compatibility Check Items,false,false,false,false,,,false,false,false,false,,false,false,false,true,,,false,false,false,false,false,,true,true,true,false,,false,,,,
WaveDataConnector,,0It,Wave Data Connector,Wave Data Connector,true,true,true,false,,,false,false,false,false,,false,false,false,true,,,false,false,false,false,false,,true,false,true,false,,false,,,,
WaveExternalConnProperty,,0O4,Wave External Connection Property,Wave External Connection Property,true,true,true,false,,,false,false,false,false,,false,false,false,true,,,false,false,false,false,false,,true,false,true,false,,false,,,,
WaveFeaturedAsset,,0Kf,Wave Featured Asset,Wave Featured Assets,true,true,true,false,,,false,false,false,false,,false,false,false,true,,,false,false,false,false,false,,true,false,true,false,,false,,,,
WaveReplicationFilterItem,,0LP,Wave Replication Filter Item,Wave Replication Filter Item,true,true,true,false,,,false,false,false,false,,false,false,false,true,,,false,false,false,false,false,,true,false,true,false,,false,,,,
WaveTemplate,,0Nk,Analytics Template,Analytics Templates,true,true,true,false,,,false,false,false,false,,false,false,false,true,,,false,false,false,false,false,,true,false,true,false,,false,,,,
WaveTemplateDetails,,0MP,Analytics Template Detail,Analytics Template Details,true,true,true,false,,,false,false,false,false,,false,false,false,true,,,false,false,false,false,false,,true,false,true,false,,false,,,,
WaveTemplateExternalData,,0Nl,Analytics Template External Data,Analytics Template External Data,true,true,true,false,,,false,false,false,false,,false,false,false,true,,,false,false,false,false,false,,true,false,true,false,,false,,,,
WaveTemplateValues,,0Nm,Analytics Template Values,Analytics Templates Values,true,true,true,false,,,false,false,false,false,,false,false,false,true,,,false,false,false,false,false,,true,true,true,false,,true,,,,
WaveTrendedReport,,0LR,Trended Report,Trended Report,true,true,true,false,,,false,false,false,false,,false,false,false,true,,,false,false,false,false,false,,true,false,true,false,,false,,,,
WebCart,true,0a6,Cart,Carts,true,true,true,false,,,true,false,false,false,,false,false,false,true,,,false,false,true,false,false,,true,true,true,true,true,true,,,true,
WebCartAdjustmentBasis,true,4rO,Cart Adjustment Basis,Cart Adjustment Bases,true,true,true,false,,,true,false,false,false,,false,false,false,true,,,false,false,true,false,false,,true,true,true,false,true,true,,,,
WebCartAdjustmentGroup,true,0m9,Cart Adjustment Group,Cart Adjustment Groups,true,true,true,false,,,true,false,false,false,,false,false,false,true,,,false,false,true,false,false,,true,true,true,false,true,true,,,,
WebCartCredit,true,,,,,,,,,,,,,,,,,,,,,,,,,,,,,,,,,,,,
WebCartOwnerSharingRule,,,Cart Owner Rule,Cart Owner Rule,true,true,true,false,OwnerSharingRule,WebCart,false,false,false,false,,false,false,false,true,,,false,false,false,false,false,,true,true,true,false,,false,,,,
WebLink,,00b,Custom Button or Link,Custom Buttons or Links,true,true,true,false,,,false,false,false,false,,false,false,false,true,,,false,false,false,false,false,,true,true,true,true,,false,,,,
WebLinkLocalization,,,Custom Link Localization,Custom Link Localization,true,true,true,false,Localization,WebLink,false,false,false,false,,false,false,false,true,,,false,false,false,false,false,,true,true,true,false,,false,,,,
WebStore,true,0ZE,Store,Stores,true,true,true,false,,,true,false,false,false,,false,false,false,true,,SalesStore,false,false,true,false,true,,true,true,true,true,true,true,,,true,
WebStoreBuyerGroup,true,0cD,Store Buyer Group,Store Buyer Groups,true,true,true,false,,,true,false,false,false,,false,false,false,true,,,false,false,true,false,true,,true,true,true,false,true,true,,,,
WebStoreCatalog,true,0Zp,Store Catalog,Store Catalogs,true,true,true,false,,,true,false,false,false,,false,false,false,true,,SalesStoreCatalog,false,false,true,false,true,,true,true,true,false,true,true,,,,
WebStoreConfig,,0zE,Web Store Configuration,Web Store Configurations,true,true,true,false,,,false,false,false,false,,false,false,false,true,,,false,false,false,false,false,,true,true,true,false,true,true,,,,
WebStoreInventorySource,true,10t,Web Store Inventory Source,Web Store Inventory Sources,true,true,true,false,,,true,false,false,false,,false,false,false,true,,,false,false,true,false,true,,true,true,true,true,true,true,,,true,
WebStoreNetwork,true,0ZF,Store Site,Store Sites,true,true,true,false,,,false,false,false,false,,false,false,false,true,,,false,false,false,false,false,,true,true,true,false,true,true,,,,
WebStoreOwnerSharingRule,,,Store Owner Rule,Store Owner Rule,true,true,true,false,OwnerSharingRule,WebStore,false,false,false,false,,false,false,false,true,,,false,false,false,false,false,,true,true,true,false,,false,,,,
WebStorePricebook,true,0ZH,Store Price Book,Store Price Books,true,true,true,false,,,true,false,false,false,,false,false,false,true,,,false,false,true,false,true,,true,true,true,true,true,true,,,true,
WebStoreSearchProdSettings,true,0b2,Store Search Product Settings,Store Search Product Settings,true,true,true,false,,,false,false,false,false,,false,false,false,true,,,false,false,false,false,false,,true,true,true,false,true,true,,,,
WebStoreUserCreatedEvent,,99Y,Web Store User Created Event,Web Store User Created Events,false,false,false,false,,,false,false,false,false,,false,false,false,false,,,false,false,false,false,false,,false,false,false,false,true,false,,,,
Wishlist,true,3or,Wishlist,Wishlists,true,true,true,false,,,true,false,false,false,,false,false,false,true,,,false,false,true,false,false,,true,true,true,false,true,true,,,,
WishlistItem,true,3os,Wishlist Item,Wishlist Items,true,true,true,false,,,true,false,false,false,,false,false,false,true,,,false,false,true,false,false,,true,true,true,false,true,true,,,,
WishlistOwnerSharingRule,,,Wishlist Owner Rule,Wishlist Owner Rule,true,true,true,false,OwnerSharingRule,Wishlist,false,false,false,false,,false,false,false,true,,,false,false,false,false,false,,true,true,true,false,,false,,,,
WorkAccess,,0W5,Access,Access,true,true,true,false,,,false,false,false,false,,false,false,false,true,,,false,false,false,false,false,,true,true,true,false,,true,,,,
WorkAccessOwnerSharingRule,,,Access Owner Rule,Access Owner Rule,true,true,true,false,OwnerSharingRule,WorkAccess,false,false,false,false,,false,false,false,true,,,false,false,false,false,false,,true,true,true,false,,false,,,,
WorkBadge,true,0W2,Badge Received,Badges Received,true,true,true,false,,,false,false,false,false,,false,false,false,true,,,false,false,true,false,true,,true,true,true,true,true,true,,,true,
WorkBadgeDefinition,true,0W1,Badge,Badges,true,true,true,false,,,true,false,false,false,,false,false,false,true,,,false,false,true,false,true,,true,true,true,true,true,true,,,true,
WorkBadgeDefinitionOwnerSharingRule,,,Badge Owner Rule,Badge Owner Rule,true,true,true,false,OwnerSharingRule,WorkBadgeDefinition,false,false,false,false,,false,false,false,true,,,false,false,false,false,false,,true,true,true,false,,false,,,,
WorkCapacityAvailability,true,3kq,Work Capacity Availability,Work Capacity Availabilities,true,true,true,false,,,true,false,false,false,,false,false,false,true,,,false,false,true,false,true,,true,true,true,true,true,true,,,true,
WorkCapacityAvailabilityOwnerSharingRule,,,Work Capacity Availability Owner Rule,Work Capacity Availability Owner Rule,true,true,true,false,OwnerSharingRule,WorkCapacityAvailability,false,false,false,false,,false,false,false,true,,,false,false,false,false,false,,true,true,true,false,,false,,,,
WorkCapacityLimit,true,0VQ,Work Capacity Limit,Work Capacity Limits,true,true,true,false,,,true,false,false,false,,false,false,false,true,,,false,false,true,false,true,,true,true,true,true,true,true,,,true,
WorkCapacityLimitOwnerSharingRule,,,Work Capacity Limit Owner Rule,Work Capacity Limit Owner Rule,true,true,true,false,OwnerSharingRule,WorkCapacityLimit,false,false,false,false,,false,false,false,true,,,false,false,false,false,false,,true,true,true,false,,false,,,,
WorkCapacityUsage,true,0VP,Work Capacity Usage,Work Capacity Usages,true,true,true,false,,,true,false,false,false,,false,false,false,true,,,false,false,true,false,true,,true,true,true,true,true,true,,,true,
WorkCapacityUsageOwnerSharingRule,,,Work Capacity Usage Owner Rule,Work Capacity Usage Owner Rule,true,true,true,false,OwnerSharingRule,WorkCapacityUsage,false,false,false,false,,false,false,false,true,,,false,false,false,false,false,,true,true,true,false,,false,,,,
WorkDemographic,,0cL,Work Demographic,Work Demographics,true,true,true,false,,,false,false,false,false,,false,false,false,true,,,false,false,false,false,false,,true,true,true,false,,false,,,,
WorkerCompCoverageClass,true,0dh,Worker Compensation Coverage Class,Worker Compensation Coverage Classes,true,true,true,false,,,true,false,false,false,,false,false,false,true,,,false,false,true,false,true,,true,true,true,true,true,true,,,true,
WorkerCompCoverageClassOwnerSharingRule,,,Worker Compensation Coverage Class Owner Rule,Worker Compensation Coverage Class Owner Rule,true,true,true,false,OwnerSharingRule,WorkerCompCoverageClass,false,false,false,false,,false,false,false,true,,,false,false,false,false,false,,true,true,true,false,,false,,,,
WorkforceCapacity,,0YF,Workforce Capacity,Workforce Capacities,true,true,true,false,,,false,false,false,false,,false,false,false,true,,,false,false,false,false,false,,true,true,true,false,,true,,,,
WorkforceCapacityOwnerSharingRule,,,Workforce Capacity Owner Rule,Workforce Capacity Owner Rule,true,true,true,false,OwnerSharingRule,WorkforceCapacity,false,false,false,false,,false,false,false,true,,,false,false,false,false,false,,true,true,true,false,,false,,,,
WorkforceCapacityUnit,,0YP,Work Capacity Unit,Work Capacity Units,true,true,true,false,,,false,false,false,false,,false,false,false,true,,,false,false,false,false,false,,true,true,true,false,,true,,,,
Workload,,08S,Workload,Workloads,true,true,true,false,,,false,false,false,false,,false,false,false,true,,,false,false,false,false,false,,true,true,true,false,,true,,,,
WorkloadOwnerSharingRule,,,Workload Owner Rule,Workload Owner Rule,true,true,true,false,OwnerSharingRule,Workload,false,false,false,false,,false,false,false,true,,,false,false,false,false,false,,true,true,true,false,,false,,,,
WorkloadUnit,,0Y9,Workload Unit,Workload Units,true,true,true,false,,,false,false,false,false,,false,false,false,true,,,false,false,false,false,false,,true,true,true,false,,true,,,,
WorkOrder,true,0WO,Work Order,Work Orders,true,true,true,false,,,true,false,false,false,,false,true,false,true,,,false,false,true,false,true,,true,true,true,true,true,true,,,true,
WorkOrderLineItem,true,1WL,Work Order Line Item,Work Order Line Items,true,true,true,false,,,true,false,false,false,,false,true,false,true,,,false,false,true,false,true,,true,true,true,true,true,true,,,true,
WorkOrderLineItemStatus,,,Work Order Line Item Status Value,Work Order Line Item Status Value,false,false,false,false,,,false,false,false,false,,false,false,false,true,,,false,false,false,false,false,,true,false,true,false,,false,,,,
WorkOrderOwnerSharingRule,,,Work Order Owner Rule,Work Order Owner Rule,true,true,true,false,OwnerSharingRule,WorkOrder,false,false,false,false,,false,false,false,true,,,false,false,false,false,false,,true,true,true,false,,false,,,,
WorkOrderStatus,,,Work Order Status Value,Work Order Status Value,false,false,false,false,,,false,false,false,false,,false,false,false,true,,,false,false,false,false,false,,true,false,true,false,,false,,,,
WorkPlan,true,0gq,Work Plan,Work Plans,true,true,true,false,,,true,false,false,false,,false,false,false,true,,,false,false,true,false,true,,true,true,true,true,true,true,,,true,
WorkPlanOwnerSharingRule,,,Work Plan Owner Rule,Work Plan Owner Rule,true,true,true,false,OwnerSharingRule,WorkPlan,false,false,false,false,,false,false,false,true,,,false,false,false,false,false,,true,true,true,false,,false,,,,
WorkPlanSelectionRule,true,0gr,Work Plan Selection Rule,Work Plan Selection Rules,true,true,true,false,,,true,false,false,false,,false,false,false,true,,,false,false,true,false,true,,true,true,true,true,true,true,,,true,
WorkPlanSelectionRuleOwnerSharingRule,,,Work Plan Selection Rule Owner Rule,Work Plan Selection Rule Owner Rule,true,true,true,false,OwnerSharingRule,WorkPlanSelectionRule,false,false,false,false,,false,false,false,true,,,false,false,false,false,false,,true,true,true,false,,false,,,,
WorkPlanTemplate,true,7Iy,Work Plan Template,Work Plan Templates,true,true,true,false,,,true,false,false,true,,false,false,false,true,,,false,false,true,false,true,,true,true,true,true,true,true,,,true,
WorkPlanTemplateEntry,true,8xu,Work Plan Template Entry,Work Plan Template Entries,true,true,true,false,,,true,false,false,false,,false,false,false,true,,,false,false,true,false,true,,true,true,true,true,true,true,,,true,
WorkPlanTemplateOwnerSharingRule,,,Work Plan Template Owner Rule,Work Plan Template Owner Rule,true,true,true,false,OwnerSharingRule,WorkPlanTemplate,false,false,false,false,,false,false,false,true,,,false,false,false,false,false,,true,true,true,false,,false,,,,
WorkStep,true,0hF,Work Step,Work Steps,true,true,true,false,,,true,false,false,false,,false,false,false,true,,,false,false,true,false,true,,true,true,true,true,true,true,,,true,
WorkStepStatus,,,Work Step Status Value,Work Step Status Value,false,false,false,false,,,false,false,false,false,,false,false,false,true,,,false,false,false,false,false,,true,false,true,false,,false,,,,
WorkStepTemplate,true,4L0,Work Step Template,Work Step Templates,true,true,true,false,,,true,false,false,false,,false,false,false,true,,,false,false,true,false,true,,true,true,true,true,true,true,,,true,
WorkStepTemplateOwnerSharingRule,,,Work Step Template Owner Rule,Work Step Template Owner Rule,true,true,true,false,OwnerSharingRule,WorkStepTemplate,false,false,false,false,,false,false,false,true,,,false,false,false,false,false,,true,true,true,false,,false,,,,
WorkThanks,true,0W0,Thanks,Thanks,true,true,true,false,,,false,false,false,false,,false,false,false,true,,,false,false,true,false,false,,true,true,true,false,true,true,,,,
WorkThanksOwnerSharingRule,,,Thanks Owner Rule,Thanks Owner Rule,true,true,true,false,OwnerSharingRule,WorkThanks,false,false,false,false,,false,false,false,true,,,false,false,false,false,false,,true,true,true,false,,false,,,,
WorkType,true,08q,Work Type,Work Types,true,true,true,false,,,true,false,false,false,,false,false,false,true,,,false,false,true,false,true,,true,true,true,true,,true,,,true,
WorkTypeGroup,true,0VS,Work Type Group,Work Type Groups,true,true,true,false,,,true,false,false,false,,false,false,false,true,,,false,false,true,false,true,,true,true,true,true,true,true,,,true,true
WorkTypeGroupDataTranslation,,,Work Type Group Translation,Work Type Group Translation,true,true,true,false,DataTranslation,WorkTypeGroup,false,false,false,false,,false,false,false,true,,,false,false,false,false,false,,true,true,true,false,,true,,,,
WorkTypeGroupMember,true,0Wz,Work Type Group Member,Work Type Group Members,true,true,true,false,,,true,false,false,false,,false,false,false,true,,,false,false,true,false,true,,true,true,true,true,,true,,,true,
WorkTypeGroupOwnerSharingRule,,,Work Type Group Owner Rule,Work Type Group Owner Rule,true,true,true,false,OwnerSharingRule,WorkTypeGroup,false,false,false,false,,false,false,false,true,,,false,false,false,false,false,,true,true,true,false,,false,,,,
WorkTypeOwnerSharingRule,,,Work Type Owner Rule,Work Type Owner Rule,true,true,true,false,OwnerSharingRule,WorkType,false,false,false,false,,false,false,false,true,,,false,false,false,false,false,,true,true,true,false,,false,,,,
WstDispoEmssnFctrSet,true,9LD,Waste Disposal Emissions Factor Set,Waste Disposal Emissions Factor Sets,false,false,false,false,,,true,false,false,false,,false,false,false,true,,,false,false,true,false,true,,true,true,true,true,true,false,,,true,
WstDispoEmssnFctrSetItm,true,9ic,Waste Disposal Emissions Factor Set Item,Waste Disposal Emissions Factor Set Items,false,false,false,false,,,true,false,false,false,,false,false,false,true,,,false,false,true,false,true,,true,true,true,true,true,false,,,true,
WstDispoEmssnFctrSetOwnerSharingRule,,,Waste Disposal Emissions Factor Set Owner Rule,Waste Disposal Emissions Factor Set Owner Rule,true,true,true,false,OwnerSharingRule,WstDispoEmssnFctrSet,false,false,false,false,,false,false,false,true,,,false,false,false,false,false,,true,true,true,false,,false,,,,
xdo__Demo_Boost_MQ__mdt,true,m01,Demo Boost MQ,Demo Boost MQ,false,false,false,false,,,false,true,false,false,,false,false,false,true,,,false,false,true,false,true,,true,false,true,false,,false,,,,
xDO_Base_QBrix_Register__mdt,true,m02,Installed QBrix,Installed QBrixes,false,false,false,false,,,false,true,false,false,,false,false,false,true,,,false,false,true,false,true,,true,false,true,false,,false,,,,
XDO_Tool_Platform_Tracking_Event__e,true,,,,,,,,,,,,,,,,,,,,,,,,,,,,,,,,,,,,
xDO_Tool_ProcessAutomationSwitch__c,true,a7M,xDO - Tool Process Automation Switch,xDO - Tool Process Automation Switch,true,true,true,false,,,false,true,true,false,,false,false,false,true,,,false,false,true,false,false,,true,true,true,true,,true,,,true,
xDO_Tool_ProcessAutomationSwitch__OwnerSharingRule,,,Owner Rule: xDO - Tool Process Automation Switch,Owner Rule: xDO - Tool Process Automation Switch,true,true,true,false,OwnerSharingRule,xDO_Tool_ProcessAutomationSwitch__c,false,false,false,false,,false,false,false,true,,,false,false,false,false,false,,true,true,true,false,,false,,,,
XDO_Tool_Tracking_Event__c,true,a8K,Tracking Event,Tracking Events,true,true,true,false,,,true,true,false,false,,false,false,false,true,,,false,false,true,false,true,,true,true,true,true,true,true,,,true,
XDO_Tool_Tracking_Event__OwnerSharingRule,,,Owner Rule: Tracking Event,Owner Rule: Tracking Event,true,true,true,false,OwnerSharingRule,XDO_Tool_Tracking_Event__c,false,false,false,false,,false,false,false,true,,,false,false,false,false,false,,true,true,true,false,,false,,,,
xDO_Tool_TrackingEventJob__mdt,true,m0F,xDO Tool - Tracking Event Job,xDO Tool - Tracking Event Jobs,false,false,false,false,,,false,true,false,false,,false,false,false,true,,,false,false,true,false,true,,true,false,true,false,,false,,,,
Xmd,,0Nn,Xmd,Xmds,true,true,true,false,,,false,false,false,false,,false,false,false,true,,,false,false,false,false,false,,true,false,true,false,,false,,,,
XmdDate,,0Nu,Xmd Date,Xmd Dates,true,true,true,false,,,false,false,false,false,,false,false,false,true,,,false,false,false,false,false,,true,false,true,false,,false,,,,
XmdDimension,,0Nr,Xmd Dimension,Xmd Dimensions,true,true,true,false,,,false,false,false,false,,false,false,false,true,,,false,false,false,false,false,,true,false,true,false,,false,,,,
XmdDimensionCustomAction,,0O5,Xmd Dimension Custom Action,Xmd Dimension Custom Actions,true,true,true,false,,,false,false,false,false,,false,false,false,true,,,false,false,false,false,false,,true,false,true,false,,false,,,,
XmdDimensionMember,,0Ns,Xmd Dimension Member,Xmd Dimension Members,true,true,true,false,,,false,false,false,false,,false,false,false,true,,,false,false,false,false,false,,true,false,true,false,,false,,,,
XmdDimRecordDisplayLookup,,0L0,Xmd Dimension Record Display Lookup,Xmd Dimension Record Display Lookups,true,true,true,false,,,false,false,false,false,,false,false,false,true,,,false,false,false,false,false,,true,false,true,false,,false,,,,
XmdDimSalesforceAction,,0Nx,Xmd Dimension Salesforce Action,Xmd Dimension Salesforce Actions,true,true,true,false,,,false,false,false,false,,false,false,false,true,,,false,false,false,false,false,,true,false,true,false,,false,,,,
XmdMeasure,,0Nq,Xmd Measure,Xmd Measures,true,true,true,false,,,false,false,false,false,,false,false,false,true,,,false,false,false,false,false,,true,false,true,false,,false,,,,
XmdOrganization,,0Ny,Xmd Organization,Xmd Organizations,true,true,true,false,,,false,false,false,false,,false,false,false,true,,,false,false,false,false,false,,true,false,true,false,,false,,,,
YearlyUsageTrkgDataGap,true,,,,,,,,,,,,,,,,,,,,,,,,,,,,,,,,,,,,
